N1	t1	{NagxHevest_S354_spades_no_contam.fasta}|{NagxHevestB_S355_spades_no_contam.fasta}#{SRR36137122_contigs.fasta}|{GCA_023014455.1_ASM2301445v1_genomic.fna,GCA_001983365.1_ASM198336v1_genomic.fna,GCA_023014435.1_ASM2301443v1_genomic.fna,GCA_023014395.1_ASM2301439v1_genomic.fna,GCA_023014475.1_ASM2301447v1_genomic.fna,GCA_032173475.1_ASM3217347v1_genomic.fna,GCA_001983385.1_ASM198338v1_genomic.fna,GCA_020011035.1_ASM2001103v1_genomic.fna,GCA_023014405.1_ASM2301440v1_genomic.fna,GCA_001691785.3_ASM169178v3_genomic.fna,40019_S37_L007,GCA_015039365.1_Amarub1_genomic.fna,SRR36117447_contigs.fasta,Amapyr1_AssemblyScaffolds_Repeatmasked.fasta,GCA_001691755.2_ASM169175v2_genomic.fna,GCA_003316615.1_ASM331661v1_genomic.fna,Volvo1_AssemblyScaffolds_Repeatmasked.fasta,GCA_002554575.1_Amanita_thiersii_v1.0_genomic.fna,GCA_001691775.3_ASM169177v3_genomic.fna,GCA_000497225.1_AmaJack1.0_genomic.fna,40225_S35_L007,30280_S34_L007,Amagr1_AssemblyScaffolds.fasta,SRR36145290_contigs.fasta,SRR36137136_contigs.fasta,SRR36137101_contigs.fasta,SRR36141466_contigs.fasta,NesPan3_S357_spades_no_contam.fasta,SRR36137094_contigs.fasta,SRR36118002_contigs.fasta,SRR36145299_contigs.fasta,SRR36137480_contigs.fasta,SRR36137064_contigs.fasta,20045_S349_spades_no_contam.fasta,20031_S348_spades_no_contam.fasta,GCA_054369615.1_ASM5436961v1_genomic.fna,30021_S33_L007,GCA_001691765.1_ASM169176v1_genomic.fna,30000_S38_L007,Gril1_S352_spades_no_contam.fasta,Frag1_S351_spades_no_contam.fasta,Aus332_S350_spades_no_contam.fasta,NzAUS95_S358_spades_no_contam.fasta,Nes1_S356_spades_no_contam.fasta,Skrap3_S361_spades_no_contam.fasta,11665_S342_spades_no_contam.fasta,11663_S340_spades_no_contam.fasta,11662_no_contam.fasta,11669_S346_spades_no_contam.fasta,11668_S345_spades_no_contam.fasta,11670_S347_spades_no_contam.fasta,11666_S343_spades_no_contam.fasta,11667_S344_spades_no_contam.fasta,11664_S341_spades_no_contam.fasta,Sogn5_S362_spades_no_contam.fasta,Ring1_S359_spades_no_contam.fasta,Kara3_S353_spades_no_contam.fasta,Wirz_S363_spades_no_contam.fasta}	0.950692	736.074	2070
N1	t2	{GCA_023014455.1_ASM2301445v1_genomic.fna,GCA_001983365.1_ASM198336v1_genomic.fna,GCA_023014435.1_ASM2301443v1_genomic.fna,GCA_023014395.1_ASM2301439v1_genomic.fna,GCA_023014475.1_ASM2301447v1_genomic.fna,GCA_032173475.1_ASM3217347v1_genomic.fna,GCA_001983385.1_ASM198338v1_genomic.fna,GCA_020011035.1_ASM2001103v1_genomic.fna,GCA_023014405.1_ASM2301440v1_genomic.fna,GCA_001691785.3_ASM169178v3_genomic.fna,40019_S37_L007,GCA_015039365.1_Amarub1_genomic.fna,SRR36117447_contigs.fasta,Amapyr1_AssemblyScaffolds_Repeatmasked.fasta,GCA_001691755.2_ASM169175v2_genomic.fna,GCA_003316615.1_ASM331661v1_genomic.fna,Volvo1_AssemblyScaffolds_Repeatmasked.fasta,GCA_002554575.1_Amanita_thiersii_v1.0_genomic.fna,GCA_001691775.3_ASM169177v3_genomic.fna,GCA_000497225.1_AmaJack1.0_genomic.fna,40225_S35_L007,30280_S34_L007,Amagr1_AssemblyScaffolds.fasta,SRR36145290_contigs.fasta,SRR36137136_contigs.fasta,SRR36137101_contigs.fasta,SRR36141466_contigs.fasta,NesPan3_S357_spades_no_contam.fasta,SRR36137094_contigs.fasta,SRR36118002_contigs.fasta,SRR36145299_contigs.fasta,SRR36137480_contigs.fasta,SRR36137064_contigs.fasta,20045_S349_spades_no_contam.fasta,20031_S348_spades_no_contam.fasta,GCA_054369615.1_ASM5436961v1_genomic.fna,30021_S33_L007,GCA_001691765.1_ASM169176v1_genomic.fna,30000_S38_L007,Gril1_S352_spades_no_contam.fasta,Frag1_S351_spades_no_contam.fasta,Aus332_S350_spades_no_contam.fasta,NzAUS95_S358_spades_no_contam.fasta,Nes1_S356_spades_no_contam.fasta,Skrap3_S361_spades_no_contam.fasta,11665_S342_spades_no_contam.fasta,11663_S340_spades_no_contam.fasta,11662_no_contam.fasta,11669_S346_spades_no_contam.fasta,11668_S345_spades_no_contam.fasta,11670_S347_spades_no_contam.fasta,11666_S343_spades_no_contam.fasta,11667_S344_spades_no_contam.fasta,11664_S341_spades_no_contam.fasta,Sogn5_S362_spades_no_contam.fasta,Ring1_S359_spades_no_contam.fasta,Kara3_S353_spades_no_contam.fasta,Wirz_S363_spades_no_contam.fasta}|{NagxHevestB_S355_spades_no_contam.fasta}#{SRR36137122_contigs.fasta}|{NagxHevest_S354_spades_no_contam.fasta}	0.0260357	669.311	2070
N1	t3	{NagxHevest_S354_spades_no_contam.fasta}|{GCA_023014455.1_ASM2301445v1_genomic.fna,GCA_001983365.1_ASM198336v1_genomic.fna,GCA_023014435.1_ASM2301443v1_genomic.fna,GCA_023014395.1_ASM2301439v1_genomic.fna,GCA_023014475.1_ASM2301447v1_genomic.fna,GCA_032173475.1_ASM3217347v1_genomic.fna,GCA_001983385.1_ASM198338v1_genomic.fna,GCA_020011035.1_ASM2001103v1_genomic.fna,GCA_023014405.1_ASM2301440v1_genomic.fna,GCA_001691785.3_ASM169178v3_genomic.fna,40019_S37_L007,GCA_015039365.1_Amarub1_genomic.fna,SRR36117447_contigs.fasta,Amapyr1_AssemblyScaffolds_Repeatmasked.fasta,GCA_001691755.2_ASM169175v2_genomic.fna,GCA_003316615.1_ASM331661v1_genomic.fna,Volvo1_AssemblyScaffolds_Repeatmasked.fasta,GCA_002554575.1_Amanita_thiersii_v1.0_genomic.fna,GCA_001691775.3_ASM169177v3_genomic.fna,GCA_000497225.1_AmaJack1.0_genomic.fna,40225_S35_L007,30280_S34_L007,Amagr1_AssemblyScaffolds.fasta,SRR36145290_contigs.fasta,SRR36137136_contigs.fasta,SRR36137101_contigs.fasta,SRR36141466_contigs.fasta,NesPan3_S357_spades_no_contam.fasta,SRR36137094_contigs.fasta,SRR36118002_contigs.fasta,SRR36145299_contigs.fasta,SRR36137480_contigs.fasta,SRR36137064_contigs.fasta,20045_S349_spades_no_contam.fasta,20031_S348_spades_no_contam.fasta,GCA_054369615.1_ASM5436961v1_genomic.fna,30021_S33_L007,GCA_001691765.1_ASM169176v1_genomic.fna,30000_S38_L007,Gril1_S352_spades_no_contam.fasta,Frag1_S351_spades_no_contam.fasta,Aus332_S350_spades_no_contam.fasta,NzAUS95_S358_spades_no_contam.fasta,Nes1_S356_spades_no_contam.fasta,Skrap3_S361_spades_no_contam.fasta,11665_S342_spades_no_contam.fasta,11663_S340_spades_no_contam.fasta,11662_no_contam.fasta,11669_S346_spades_no_contam.fasta,11668_S345_spades_no_contam.fasta,11670_S347_spades_no_contam.fasta,11666_S343_spades_no_contam.fasta,11667_S344_spades_no_contam.fasta,11664_S341_spades_no_contam.fasta,Sogn5_S362_spades_no_contam.fasta,Ring1_S359_spades_no_contam.fasta,Kara3_S353_spades_no_contam.fasta,Wirz_S363_spades_no_contam.fasta}#{SRR36137122_contigs.fasta}|{NagxHevestB_S355_spades_no_contam.fasta}	0.0232724	664.615	2070
N2	t1	{NagxHevest_S354_spades_no_contam.fasta,NagxHevestB_S355_spades_no_contam.fasta}|{SRR36137122_contigs.fasta}#{Gril1_S352_spades_no_contam.fasta,Frag1_S351_spades_no_contam.fasta,Aus332_S350_spades_no_contam.fasta,NzAUS95_S358_spades_no_contam.fasta,Nes1_S356_spades_no_contam.fasta,Skrap3_S361_spades_no_contam.fasta,11665_S342_spades_no_contam.fasta,11663_S340_spades_no_contam.fasta,11662_no_contam.fasta,11669_S346_spades_no_contam.fasta,11668_S345_spades_no_contam.fasta,11670_S347_spades_no_contam.fasta,11666_S343_spades_no_contam.fasta,11667_S344_spades_no_contam.fasta,11664_S341_spades_no_contam.fasta,Sogn5_S362_spades_no_contam.fasta,Ring1_S359_spades_no_contam.fasta,Kara3_S353_spades_no_contam.fasta,Wirz_S363_spades_no_contam.fasta}|{GCA_023014455.1_ASM2301445v1_genomic.fna,GCA_001983365.1_ASM198336v1_genomic.fna,GCA_023014435.1_ASM2301443v1_genomic.fna,GCA_023014395.1_ASM2301439v1_genomic.fna,GCA_023014475.1_ASM2301447v1_genomic.fna,GCA_032173475.1_ASM3217347v1_genomic.fna,GCA_001983385.1_ASM198338v1_genomic.fna,GCA_020011035.1_ASM2001103v1_genomic.fna,GCA_023014405.1_ASM2301440v1_genomic.fna,GCA_001691785.3_ASM169178v3_genomic.fna,40019_S37_L007,GCA_015039365.1_Amarub1_genomic.fna,SRR36117447_contigs.fasta,Amapyr1_AssemblyScaffolds_Repeatmasked.fasta,GCA_001691755.2_ASM169175v2_genomic.fna,GCA_003316615.1_ASM331661v1_genomic.fna,Volvo1_AssemblyScaffolds_Repeatmasked.fasta,GCA_002554575.1_Amanita_thiersii_v1.0_genomic.fna,GCA_001691775.3_ASM169177v3_genomic.fna,GCA_000497225.1_AmaJack1.0_genomic.fna,40225_S35_L007,30280_S34_L007,Amagr1_AssemblyScaffolds.fasta,SRR36145290_contigs.fasta,SRR36137136_contigs.fasta,SRR36137101_contigs.fasta,SRR36141466_contigs.fasta,NesPan3_S357_spades_no_contam.fasta,SRR36137094_contigs.fasta,SRR36118002_contigs.fasta,SRR36145299_contigs.fasta,SRR36137480_contigs.fasta,SRR36137064_contigs.fasta,20045_S349_spades_no_contam.fasta,20031_S348_spades_no_contam.fasta,GCA_054369615.1_ASM5436961v1_genomic.fna,30021_S33_L007,GCA_001691765.1_ASM169176v1_genomic.fna,30000_S38_L007}	0.917192	939.818	2676
N2	t2	{GCA_023014455.1_ASM2301445v1_genomic.fna,GCA_001983365.1_ASM198336v1_genomic.fna,GCA_023014435.1_ASM2301443v1_genomic.fna,GCA_023014395.1_ASM2301439v1_genomic.fna,GCA_023014475.1_ASM2301447v1_genomic.fna,GCA_032173475.1_ASM3217347v1_genomic.fna,GCA_001983385.1_ASM198338v1_genomic.fna,GCA_020011035.1_ASM2001103v1_genomic.fna,GCA_023014405.1_ASM2301440v1_genomic.fna,GCA_001691785.3_ASM169178v3_genomic.fna,40019_S37_L007,GCA_015039365.1_Amarub1_genomic.fna,SRR36117447_contigs.fasta,Amapyr1_AssemblyScaffolds_Repeatmasked.fasta,GCA_001691755.2_ASM169175v2_genomic.fna,GCA_003316615.1_ASM331661v1_genomic.fna,Volvo1_AssemblyScaffolds_Repeatmasked.fasta,GCA_002554575.1_Amanita_thiersii_v1.0_genomic.fna,GCA_001691775.3_ASM169177v3_genomic.fna,GCA_000497225.1_AmaJack1.0_genomic.fna,40225_S35_L007,30280_S34_L007,Amagr1_AssemblyScaffolds.fasta,SRR36145290_contigs.fasta,SRR36137136_contigs.fasta,SRR36137101_contigs.fasta,SRR36141466_contigs.fasta,NesPan3_S357_spades_no_contam.fasta,SRR36137094_contigs.fasta,SRR36118002_contigs.fasta,SRR36145299_contigs.fasta,SRR36137480_contigs.fasta,SRR36137064_contigs.fasta,20045_S349_spades_no_contam.fasta,20031_S348_spades_no_contam.fasta,GCA_054369615.1_ASM5436961v1_genomic.fna,30021_S33_L007,GCA_001691765.1_ASM169176v1_genomic.fna,30000_S38_L007}|{SRR36137122_contigs.fasta}#{Gril1_S352_spades_no_contam.fasta,Frag1_S351_spades_no_contam.fasta,Aus332_S350_spades_no_contam.fasta,NzAUS95_S358_spades_no_contam.fasta,Nes1_S356_spades_no_contam.fasta,Skrap3_S361_spades_no_contam.fasta,11665_S342_spades_no_contam.fasta,11663_S340_spades_no_contam.fasta,11662_no_contam.fasta,11669_S346_spades_no_contam.fasta,11668_S345_spades_no_contam.fasta,11670_S347_spades_no_contam.fasta,11666_S343_spades_no_contam.fasta,11667_S344_spades_no_contam.fasta,11664_S341_spades_no_contam.fasta,Sogn5_S362_spades_no_contam.fasta,Ring1_S359_spades_no_contam.fasta,Kara3_S353_spades_no_contam.fasta,Wirz_S363_spades_no_contam.fasta}|{NagxHevest_S354_spades_no_contam.fasta,NagxHevestB_S355_spades_no_contam.fasta}	0.0563602	885.17	2676
N2	t3	{NagxHevest_S354_spades_no_contam.fasta,NagxHevestB_S355_spades_no_contam.fasta}|{GCA_023014455.1_ASM2301445v1_genomic.fna,GCA_001983365.1_ASM198336v1_genomic.fna,GCA_023014435.1_ASM2301443v1_genomic.fna,GCA_023014395.1_ASM2301439v1_genomic.fna,GCA_023014475.1_ASM2301447v1_genomic.fna,GCA_032173475.1_ASM3217347v1_genomic.fna,GCA_001983385.1_ASM198338v1_genomic.fna,GCA_020011035.1_ASM2001103v1_genomic.fna,GCA_023014405.1_ASM2301440v1_genomic.fna,GCA_001691785.3_ASM169178v3_genomic.fna,40019_S37_L007,GCA_015039365.1_Amarub1_genomic.fna,SRR36117447_contigs.fasta,Amapyr1_AssemblyScaffolds_Repeatmasked.fasta,GCA_001691755.2_ASM169175v2_genomic.fna,GCA_003316615.1_ASM331661v1_genomic.fna,Volvo1_AssemblyScaffolds_Repeatmasked.fasta,GCA_002554575.1_Amanita_thiersii_v1.0_genomic.fna,GCA_001691775.3_ASM169177v3_genomic.fna,GCA_000497225.1_AmaJack1.0_genomic.fna,40225_S35_L007,30280_S34_L007,Amagr1_AssemblyScaffolds.fasta,SRR36145290_contigs.fasta,SRR36137136_contigs.fasta,SRR36137101_contigs.fasta,SRR36141466_contigs.fasta,NesPan3_S357_spades_no_contam.fasta,SRR36137094_contigs.fasta,SRR36118002_contigs.fasta,SRR36145299_contigs.fasta,SRR36137480_contigs.fasta,SRR36137064_contigs.fasta,20045_S349_spades_no_contam.fasta,20031_S348_spades_no_contam.fasta,GCA_054369615.1_ASM5436961v1_genomic.fna,30021_S33_L007,GCA_001691765.1_ASM169176v1_genomic.fna,30000_S38_L007}#{Gril1_S352_spades_no_contam.fasta,Frag1_S351_spades_no_contam.fasta,Aus332_S350_spades_no_contam.fasta,NzAUS95_S358_spades_no_contam.fasta,Nes1_S356_spades_no_contam.fasta,Skrap3_S361_spades_no_contam.fasta,11665_S342_spades_no_contam.fasta,11663_S340_spades_no_contam.fasta,11662_no_contam.fasta,11669_S346_spades_no_contam.fasta,11668_S345_spades_no_contam.fasta,11670_S347_spades_no_contam.fasta,11666_S343_spades_no_contam.fasta,11667_S344_spades_no_contam.fasta,11664_S341_spades_no_contam.fasta,Sogn5_S362_spades_no_contam.fasta,Ring1_S359_spades_no_contam.fasta,Kara3_S353_spades_no_contam.fasta,Wirz_S363_spades_no_contam.fasta}|{SRR36137122_contigs.fasta}	0.0264473	851.012	2676
N3	t1	{Aus332_S350_spades_no_contam.fasta}|{NzAUS95_S358_spades_no_contam.fasta}#{Nes1_S356_spades_no_contam.fasta}|{GCA_023014455.1_ASM2301445v1_genomic.fna,GCA_001983365.1_ASM198336v1_genomic.fna,GCA_023014435.1_ASM2301443v1_genomic.fna,GCA_023014395.1_ASM2301439v1_genomic.fna,GCA_023014475.1_ASM2301447v1_genomic.fna,GCA_032173475.1_ASM3217347v1_genomic.fna,GCA_001983385.1_ASM198338v1_genomic.fna,GCA_020011035.1_ASM2001103v1_genomic.fna,GCA_023014405.1_ASM2301440v1_genomic.fna,GCA_001691785.3_ASM169178v3_genomic.fna,40019_S37_L007,GCA_015039365.1_Amarub1_genomic.fna,SRR36117447_contigs.fasta,Amapyr1_AssemblyScaffolds_Repeatmasked.fasta,GCA_001691755.2_ASM169175v2_genomic.fna,GCA_003316615.1_ASM331661v1_genomic.fna,Volvo1_AssemblyScaffolds_Repeatmasked.fasta,GCA_002554575.1_Amanita_thiersii_v1.0_genomic.fna,GCA_001691775.3_ASM169177v3_genomic.fna,GCA_000497225.1_AmaJack1.0_genomic.fna,40225_S35_L007,30280_S34_L007,Amagr1_AssemblyScaffolds.fasta,SRR36145290_contigs.fasta,SRR36137136_contigs.fasta,SRR36137101_contigs.fasta,SRR36141466_contigs.fasta,NesPan3_S357_spades_no_contam.fasta,SRR36137094_contigs.fasta,SRR36118002_contigs.fasta,SRR36145299_contigs.fasta,SRR36137480_contigs.fasta,SRR36137064_contigs.fasta,20045_S349_spades_no_contam.fasta,20031_S348_spades_no_contam.fasta,GCA_054369615.1_ASM5436961v1_genomic.fna,30021_S33_L007,GCA_001691765.1_ASM169176v1_genomic.fna,30000_S38_L007,NagxHevest_S354_spades_no_contam.fasta,NagxHevestB_S355_spades_no_contam.fasta,SRR36137122_contigs.fasta,Gril1_S352_spades_no_contam.fasta,Kara3_S353_spades_no_contam.fasta,Wirz_S363_spades_no_contam.fasta,Ring1_S359_spades_no_contam.fasta,Sogn5_S362_spades_no_contam.fasta,Frag1_S351_spades_no_contam.fasta,11665_S342_spades_no_contam.fasta,11663_S340_spades_no_contam.fasta,11662_no_contam.fasta,11669_S346_spades_no_contam.fasta,11668_S345_spades_no_contam.fasta,11670_S347_spades_no_contam.fasta,11666_S343_spades_no_contam.fasta,11667_S344_spades_no_contam.fasta,11664_S341_spades_no_contam.fasta,Skrap3_S361_spades_no_contam.fasta}	0.984378	695.482	1925
N3	t2	{GCA_023014455.1_ASM2301445v1_genomic.fna,GCA_001983365.1_ASM198336v1_genomic.fna,GCA_023014435.1_ASM2301443v1_genomic.fna,GCA_023014395.1_ASM2301439v1_genomic.fna,GCA_023014475.1_ASM2301447v1_genomic.fna,GCA_032173475.1_ASM3217347v1_genomic.fna,GCA_001983385.1_ASM198338v1_genomic.fna,GCA_020011035.1_ASM2001103v1_genomic.fna,GCA_023014405.1_ASM2301440v1_genomic.fna,GCA_001691785.3_ASM169178v3_genomic.fna,40019_S37_L007,GCA_015039365.1_Amarub1_genomic.fna,SRR36117447_contigs.fasta,Amapyr1_AssemblyScaffolds_Repeatmasked.fasta,GCA_001691755.2_ASM169175v2_genomic.fna,GCA_003316615.1_ASM331661v1_genomic.fna,Volvo1_AssemblyScaffolds_Repeatmasked.fasta,GCA_002554575.1_Amanita_thiersii_v1.0_genomic.fna,GCA_001691775.3_ASM169177v3_genomic.fna,GCA_000497225.1_AmaJack1.0_genomic.fna,40225_S35_L007,30280_S34_L007,Amagr1_AssemblyScaffolds.fasta,SRR36145290_contigs.fasta,SRR36137136_contigs.fasta,SRR36137101_contigs.fasta,SRR36141466_contigs.fasta,NesPan3_S357_spades_no_contam.fasta,SRR36137094_contigs.fasta,SRR36118002_contigs.fasta,SRR36145299_contigs.fasta,SRR36137480_contigs.fasta,SRR36137064_contigs.fasta,20045_S349_spades_no_contam.fasta,20031_S348_spades_no_contam.fasta,GCA_054369615.1_ASM5436961v1_genomic.fna,30021_S33_L007,GCA_001691765.1_ASM169176v1_genomic.fna,30000_S38_L007,NagxHevest_S354_spades_no_contam.fasta,NagxHevestB_S355_spades_no_contam.fasta,SRR36137122_contigs.fasta,Gril1_S352_spades_no_contam.fasta,Kara3_S353_spades_no_contam.fasta,Wirz_S363_spades_no_contam.fasta,Ring1_S359_spades_no_contam.fasta,Sogn5_S362_spades_no_contam.fasta,Frag1_S351_spades_no_contam.fasta,11665_S342_spades_no_contam.fasta,11663_S340_spades_no_contam.fasta,11662_no_contam.fasta,11669_S346_spades_no_contam.fasta,11668_S345_spades_no_contam.fasta,11670_S347_spades_no_contam.fasta,11666_S343_spades_no_contam.fasta,11667_S344_spades_no_contam.fasta,11664_S341_spades_no_contam.fasta,Skrap3_S361_spades_no_contam.fasta}|{NzAUS95_S358_spades_no_contam.fasta}#{Nes1_S356_spades_no_contam.fasta}|{Aus332_S350_spades_no_contam.fasta}	0.0082004	616.945	1925
N3	t3	{Aus332_S350_spades_no_contam.fasta}|{GCA_023014455.1_ASM2301445v1_genomic.fna,GCA_001983365.1_ASM198336v1_genomic.fna,GCA_023014435.1_ASM2301443v1_genomic.fna,GCA_023014395.1_ASM2301439v1_genomic.fna,GCA_023014475.1_ASM2301447v1_genomic.fna,GCA_032173475.1_ASM3217347v1_genomic.fna,GCA_001983385.1_ASM198338v1_genomic.fna,GCA_020011035.1_ASM2001103v1_genomic.fna,GCA_023014405.1_ASM2301440v1_genomic.fna,GCA_001691785.3_ASM169178v3_genomic.fna,40019_S37_L007,GCA_015039365.1_Amarub1_genomic.fna,SRR36117447_contigs.fasta,Amapyr1_AssemblyScaffolds_Repeatmasked.fasta,GCA_001691755.2_ASM169175v2_genomic.fna,GCA_003316615.1_ASM331661v1_genomic.fna,Volvo1_AssemblyScaffolds_Repeatmasked.fasta,GCA_002554575.1_Amanita_thiersii_v1.0_genomic.fna,GCA_001691775.3_ASM169177v3_genomic.fna,GCA_000497225.1_AmaJack1.0_genomic.fna,40225_S35_L007,30280_S34_L007,Amagr1_AssemblyScaffolds.fasta,SRR36145290_contigs.fasta,SRR36137136_contigs.fasta,SRR36137101_contigs.fasta,SRR36141466_contigs.fasta,NesPan3_S357_spades_no_contam.fasta,SRR36137094_contigs.fasta,SRR36118002_contigs.fasta,SRR36145299_contigs.fasta,SRR36137480_contigs.fasta,SRR36137064_contigs.fasta,20045_S349_spades_no_contam.fasta,20031_S348_spades_no_contam.fasta,GCA_054369615.1_ASM5436961v1_genomic.fna,30021_S33_L007,GCA_001691765.1_ASM169176v1_genomic.fna,30000_S38_L007,NagxHevest_S354_spades_no_contam.fasta,NagxHevestB_S355_spades_no_contam.fasta,SRR36137122_contigs.fasta,Gril1_S352_spades_no_contam.fasta,Kara3_S353_spades_no_contam.fasta,Wirz_S363_spades_no_contam.fasta,Ring1_S359_spades_no_contam.fasta,Sogn5_S362_spades_no_contam.fasta,Frag1_S351_spades_no_contam.fasta,11665_S342_spades_no_contam.fasta,11663_S340_spades_no_contam.fasta,11662_no_contam.fasta,11669_S346_spades_no_contam.fasta,11668_S345_spades_no_contam.fasta,11670_S347_spades_no_contam.fasta,11666_S343_spades_no_contam.fasta,11667_S344_spades_no_contam.fasta,11664_S341_spades_no_contam.fasta,Skrap3_S361_spades_no_contam.fasta}#{Nes1_S356_spades_no_contam.fasta}|{NzAUS95_S358_spades_no_contam.fasta}	0.00742186	612.573	1925
N4	t1	{Aus332_S350_spades_no_contam.fasta,NzAUS95_S358_spades_no_contam.fasta}|{Nes1_S356_spades_no_contam.fasta}#{Skrap3_S361_spades_no_contam.fasta}|{GCA_023014455.1_ASM2301445v1_genomic.fna,GCA_001983365.1_ASM198336v1_genomic.fna,GCA_023014435.1_ASM2301443v1_genomic.fna,GCA_023014395.1_ASM2301439v1_genomic.fna,GCA_023014475.1_ASM2301447v1_genomic.fna,GCA_032173475.1_ASM3217347v1_genomic.fna,GCA_001983385.1_ASM198338v1_genomic.fna,GCA_020011035.1_ASM2001103v1_genomic.fna,GCA_023014405.1_ASM2301440v1_genomic.fna,GCA_001691785.3_ASM169178v3_genomic.fna,40019_S37_L007,GCA_015039365.1_Amarub1_genomic.fna,SRR36117447_contigs.fasta,Amapyr1_AssemblyScaffolds_Repeatmasked.fasta,GCA_001691755.2_ASM169175v2_genomic.fna,GCA_003316615.1_ASM331661v1_genomic.fna,Volvo1_AssemblyScaffolds_Repeatmasked.fasta,GCA_002554575.1_Amanita_thiersii_v1.0_genomic.fna,GCA_001691775.3_ASM169177v3_genomic.fna,GCA_000497225.1_AmaJack1.0_genomic.fna,40225_S35_L007,30280_S34_L007,Amagr1_AssemblyScaffolds.fasta,SRR36145290_contigs.fasta,SRR36137136_contigs.fasta,SRR36137101_contigs.fasta,SRR36141466_contigs.fasta,NesPan3_S357_spades_no_contam.fasta,SRR36137094_contigs.fasta,SRR36118002_contigs.fasta,SRR36145299_contigs.fasta,SRR36137480_contigs.fasta,SRR36137064_contigs.fasta,20045_S349_spades_no_contam.fasta,20031_S348_spades_no_contam.fasta,GCA_054369615.1_ASM5436961v1_genomic.fna,30021_S33_L007,GCA_001691765.1_ASM169176v1_genomic.fna,30000_S38_L007,NagxHevest_S354_spades_no_contam.fasta,NagxHevestB_S355_spades_no_contam.fasta,SRR36137122_contigs.fasta,Gril1_S352_spades_no_contam.fasta,Kara3_S353_spades_no_contam.fasta,Wirz_S363_spades_no_contam.fasta,Ring1_S359_spades_no_contam.fasta,Sogn5_S362_spades_no_contam.fasta,Frag1_S351_spades_no_contam.fasta,11665_S342_spades_no_contam.fasta,11663_S340_spades_no_contam.fasta,11662_no_contam.fasta,11669_S346_spades_no_contam.fasta,11668_S345_spades_no_contam.fasta,11670_S347_spades_no_contam.fasta,11666_S343_spades_no_contam.fasta,11667_S344_spades_no_contam.fasta,11664_S341_spades_no_contam.fasta}	0.830565	716.226	2047
N4	t2	{GCA_023014455.1_ASM2301445v1_genomic.fna,GCA_001983365.1_ASM198336v1_genomic.fna,GCA_023014435.1_ASM2301443v1_genomic.fna,GCA_023014395.1_ASM2301439v1_genomic.fna,GCA_023014475.1_ASM2301447v1_genomic.fna,GCA_032173475.1_ASM3217347v1_genomic.fna,GCA_001983385.1_ASM198338v1_genomic.fna,GCA_020011035.1_ASM2001103v1_genomic.fna,GCA_023014405.1_ASM2301440v1_genomic.fna,GCA_001691785.3_ASM169178v3_genomic.fna,40019_S37_L007,GCA_015039365.1_Amarub1_genomic.fna,SRR36117447_contigs.fasta,Amapyr1_AssemblyScaffolds_Repeatmasked.fasta,GCA_001691755.2_ASM169175v2_genomic.fna,GCA_003316615.1_ASM331661v1_genomic.fna,Volvo1_AssemblyScaffolds_Repeatmasked.fasta,GCA_002554575.1_Amanita_thiersii_v1.0_genomic.fna,GCA_001691775.3_ASM169177v3_genomic.fna,GCA_000497225.1_AmaJack1.0_genomic.fna,40225_S35_L007,30280_S34_L007,Amagr1_AssemblyScaffolds.fasta,SRR36145290_contigs.fasta,SRR36137136_contigs.fasta,SRR36137101_contigs.fasta,SRR36141466_contigs.fasta,NesPan3_S357_spades_no_contam.fasta,SRR36137094_contigs.fasta,SRR36118002_contigs.fasta,SRR36145299_contigs.fasta,SRR36137480_contigs.fasta,SRR36137064_contigs.fasta,20045_S349_spades_no_contam.fasta,20031_S348_spades_no_contam.fasta,GCA_054369615.1_ASM5436961v1_genomic.fna,30021_S33_L007,GCA_001691765.1_ASM169176v1_genomic.fna,30000_S38_L007,NagxHevest_S354_spades_no_contam.fasta,NagxHevestB_S355_spades_no_contam.fasta,SRR36137122_contigs.fasta,Gril1_S352_spades_no_contam.fasta,Kara3_S353_spades_no_contam.fasta,Wirz_S363_spades_no_contam.fasta,Ring1_S359_spades_no_contam.fasta,Sogn5_S362_spades_no_contam.fasta,Frag1_S351_spades_no_contam.fasta,11665_S342_spades_no_contam.fasta,11663_S340_spades_no_contam.fasta,11662_no_contam.fasta,11669_S346_spades_no_contam.fasta,11668_S345_spades_no_contam.fasta,11670_S347_spades_no_contam.fasta,11666_S343_spades_no_contam.fasta,11667_S344_spades_no_contam.fasta,11664_S341_spades_no_contam.fasta}|{Nes1_S356_spades_no_contam.fasta}#{Skrap3_S361_spades_no_contam.fasta}|{Aus332_S350_spades_no_contam.fasta,NzAUS95_S358_spades_no_contam.fasta}	0.118397	680.808	2047
N4	t3	{Aus332_S350_spades_no_contam.fasta,NzAUS95_S358_spades_no_contam.fasta}|{GCA_023014455.1_ASM2301445v1_genomic.fna,GCA_001983365.1_ASM198336v1_genomic.fna,GCA_023014435.1_ASM2301443v1_genomic.fna,GCA_023014395.1_ASM2301439v1_genomic.fna,GCA_023014475.1_ASM2301447v1_genomic.fna,GCA_032173475.1_ASM3217347v1_genomic.fna,GCA_001983385.1_ASM198338v1_genomic.fna,GCA_020011035.1_ASM2001103v1_genomic.fna,GCA_023014405.1_ASM2301440v1_genomic.fna,GCA_001691785.3_ASM169178v3_genomic.fna,40019_S37_L007,GCA_015039365.1_Amarub1_genomic.fna,SRR36117447_contigs.fasta,Amapyr1_AssemblyScaffolds_Repeatmasked.fasta,GCA_001691755.2_ASM169175v2_genomic.fna,GCA_003316615.1_ASM331661v1_genomic.fna,Volvo1_AssemblyScaffolds_Repeatmasked.fasta,GCA_002554575.1_Amanita_thiersii_v1.0_genomic.fna,GCA_001691775.3_ASM169177v3_genomic.fna,GCA_000497225.1_AmaJack1.0_genomic.fna,40225_S35_L007,30280_S34_L007,Amagr1_AssemblyScaffolds.fasta,SRR36145290_contigs.fasta,SRR36137136_contigs.fasta,SRR36137101_contigs.fasta,SRR36141466_contigs.fasta,NesPan3_S357_spades_no_contam.fasta,SRR36137094_contigs.fasta,SRR36118002_contigs.fasta,SRR36145299_contigs.fasta,SRR36137480_contigs.fasta,SRR36137064_contigs.fasta,20045_S349_spades_no_contam.fasta,20031_S348_spades_no_contam.fasta,GCA_054369615.1_ASM5436961v1_genomic.fna,30021_S33_L007,GCA_001691765.1_ASM169176v1_genomic.fna,30000_S38_L007,NagxHevest_S354_spades_no_contam.fasta,NagxHevestB_S355_spades_no_contam.fasta,SRR36137122_contigs.fasta,Gril1_S352_spades_no_contam.fasta,Kara3_S353_spades_no_contam.fasta,Wirz_S363_spades_no_contam.fasta,Ring1_S359_spades_no_contam.fasta,Sogn5_S362_spades_no_contam.fasta,Frag1_S351_spades_no_contam.fasta,11665_S342_spades_no_contam.fasta,11663_S340_spades_no_contam.fasta,11662_no_contam.fasta,11669_S346_spades_no_contam.fasta,11668_S345_spades_no_contam.fasta,11670_S347_spades_no_contam.fasta,11666_S343_spades_no_contam.fasta,11667_S344_spades_no_contam.fasta,11664_S341_spades_no_contam.fasta}#{Skrap3_S361_spades_no_contam.fasta}|{Nes1_S356_spades_no_contam.fasta}	0.051038	649.966	2047
N5	t1	{Aus332_S350_spades_no_contam.fasta,NzAUS95_S358_spades_no_contam.fasta,Nes1_S356_spades_no_contam.fasta}|{Skrap3_S361_spades_no_contam.fasta}#{11665_S342_spades_no_contam.fasta,11663_S340_spades_no_contam.fasta,11662_no_contam.fasta,11669_S346_spades_no_contam.fasta,11668_S345_spades_no_contam.fasta,11670_S347_spades_no_contam.fasta,11666_S343_spades_no_contam.fasta,11667_S344_spades_no_contam.fasta,11664_S341_spades_no_contam.fasta}|{GCA_023014455.1_ASM2301445v1_genomic.fna,GCA_001983365.1_ASM198336v1_genomic.fna,GCA_023014435.1_ASM2301443v1_genomic.fna,GCA_023014395.1_ASM2301439v1_genomic.fna,GCA_023014475.1_ASM2301447v1_genomic.fna,GCA_032173475.1_ASM3217347v1_genomic.fna,GCA_001983385.1_ASM198338v1_genomic.fna,GCA_020011035.1_ASM2001103v1_genomic.fna,GCA_023014405.1_ASM2301440v1_genomic.fna,GCA_001691785.3_ASM169178v3_genomic.fna,40019_S37_L007,GCA_015039365.1_Amarub1_genomic.fna,SRR36117447_contigs.fasta,Amapyr1_AssemblyScaffolds_Repeatmasked.fasta,GCA_001691755.2_ASM169175v2_genomic.fna,GCA_003316615.1_ASM331661v1_genomic.fna,Volvo1_AssemblyScaffolds_Repeatmasked.fasta,GCA_002554575.1_Amanita_thiersii_v1.0_genomic.fna,GCA_001691775.3_ASM169177v3_genomic.fna,GCA_000497225.1_AmaJack1.0_genomic.fna,40225_S35_L007,30280_S34_L007,Amagr1_AssemblyScaffolds.fasta,SRR36145290_contigs.fasta,SRR36137136_contigs.fasta,SRR36137101_contigs.fasta,SRR36141466_contigs.fasta,NesPan3_S357_spades_no_contam.fasta,SRR36137094_contigs.fasta,SRR36118002_contigs.fasta,SRR36145299_contigs.fasta,SRR36137480_contigs.fasta,SRR36137064_contigs.fasta,20045_S349_spades_no_contam.fasta,20031_S348_spades_no_contam.fasta,GCA_054369615.1_ASM5436961v1_genomic.fna,30021_S33_L007,GCA_001691765.1_ASM169176v1_genomic.fna,30000_S38_L007,NagxHevest_S354_spades_no_contam.fasta,NagxHevestB_S355_spades_no_contam.fasta,SRR36137122_contigs.fasta,Gril1_S352_spades_no_contam.fasta,Kara3_S353_spades_no_contam.fasta,Wirz_S363_spades_no_contam.fasta,Ring1_S359_spades_no_contam.fasta,Sogn5_S362_spades_no_contam.fasta,Frag1_S351_spades_no_contam.fasta}	0.513634	795.833	2346
N5	t2	{GCA_023014455.1_ASM2301445v1_genomic.fna,GCA_001983365.1_ASM198336v1_genomic.fna,GCA_023014435.1_ASM2301443v1_genomic.fna,GCA_023014395.1_ASM2301439v1_genomic.fna,GCA_023014475.1_ASM2301447v1_genomic.fna,GCA_032173475.1_ASM3217347v1_genomic.fna,GCA_001983385.1_ASM198338v1_genomic.fna,GCA_020011035.1_ASM2001103v1_genomic.fna,GCA_023014405.1_ASM2301440v1_genomic.fna,GCA_001691785.3_ASM169178v3_genomic.fna,40019_S37_L007,GCA_015039365.1_Amarub1_genomic.fna,SRR36117447_contigs.fasta,Amapyr1_AssemblyScaffolds_Repeatmasked.fasta,GCA_001691755.2_ASM169175v2_genomic.fna,GCA_003316615.1_ASM331661v1_genomic.fna,Volvo1_AssemblyScaffolds_Repeatmasked.fasta,GCA_002554575.1_Amanita_thiersii_v1.0_genomic.fna,GCA_001691775.3_ASM169177v3_genomic.fna,GCA_000497225.1_AmaJack1.0_genomic.fna,40225_S35_L007,30280_S34_L007,Amagr1_AssemblyScaffolds.fasta,SRR36145290_contigs.fasta,SRR36137136_contigs.fasta,SRR36137101_contigs.fasta,SRR36141466_contigs.fasta,NesPan3_S357_spades_no_contam.fasta,SRR36137094_contigs.fasta,SRR36118002_contigs.fasta,SRR36145299_contigs.fasta,SRR36137480_contigs.fasta,SRR36137064_contigs.fasta,20045_S349_spades_no_contam.fasta,20031_S348_spades_no_contam.fasta,GCA_054369615.1_ASM5436961v1_genomic.fna,30021_S33_L007,GCA_001691765.1_ASM169176v1_genomic.fna,30000_S38_L007,NagxHevest_S354_spades_no_contam.fasta,NagxHevestB_S355_spades_no_contam.fasta,SRR36137122_contigs.fasta,Gril1_S352_spades_no_contam.fasta,Kara3_S353_spades_no_contam.fasta,Wirz_S363_spades_no_contam.fasta,Ring1_S359_spades_no_contam.fasta,Sogn5_S362_spades_no_contam.fasta,Frag1_S351_spades_no_contam.fasta}|{Skrap3_S361_spades_no_contam.fasta}#{11665_S342_spades_no_contam.fasta,11663_S340_spades_no_contam.fasta,11662_no_contam.fasta,11669_S346_spades_no_contam.fasta,11668_S345_spades_no_contam.fasta,11670_S347_spades_no_contam.fasta,11666_S343_spades_no_contam.fasta,11667_S344_spades_no_contam.fasta,11664_S341_spades_no_contam.fasta}|{Aus332_S350_spades_no_contam.fasta,NzAUS95_S358_spades_no_contam.fasta,Nes1_S356_spades_no_contam.fasta}	0.294862	782.108	2346
N5	t3	{Aus332_S350_spades_no_contam.fasta,NzAUS95_S358_spades_no_contam.fasta,Nes1_S356_spades_no_contam.fasta}|{GCA_023014455.1_ASM2301445v1_genomic.fna,GCA_001983365.1_ASM198336v1_genomic.fna,GCA_023014435.1_ASM2301443v1_genomic.fna,GCA_023014395.1_ASM2301439v1_genomic.fna,GCA_023014475.1_ASM2301447v1_genomic.fna,GCA_032173475.1_ASM3217347v1_genomic.fna,GCA_001983385.1_ASM198338v1_genomic.fna,GCA_020011035.1_ASM2001103v1_genomic.fna,GCA_023014405.1_ASM2301440v1_genomic.fna,GCA_001691785.3_ASM169178v3_genomic.fna,40019_S37_L007,GCA_015039365.1_Amarub1_genomic.fna,SRR36117447_contigs.fasta,Amapyr1_AssemblyScaffolds_Repeatmasked.fasta,GCA_001691755.2_ASM169175v2_genomic.fna,GCA_003316615.1_ASM331661v1_genomic.fna,Volvo1_AssemblyScaffolds_Repeatmasked.fasta,GCA_002554575.1_Amanita_thiersii_v1.0_genomic.fna,GCA_001691775.3_ASM169177v3_genomic.fna,GCA_000497225.1_AmaJack1.0_genomic.fna,40225_S35_L007,30280_S34_L007,Amagr1_AssemblyScaffolds.fasta,SRR36145290_contigs.fasta,SRR36137136_contigs.fasta,SRR36137101_contigs.fasta,SRR36141466_contigs.fasta,NesPan3_S357_spades_no_contam.fasta,SRR36137094_contigs.fasta,SRR36118002_contigs.fasta,SRR36145299_contigs.fasta,SRR36137480_contigs.fasta,SRR36137064_contigs.fasta,20045_S349_spades_no_contam.fasta,20031_S348_spades_no_contam.fasta,GCA_054369615.1_ASM5436961v1_genomic.fna,30021_S33_L007,GCA_001691765.1_ASM169176v1_genomic.fna,30000_S38_L007,NagxHevest_S354_spades_no_contam.fasta,NagxHevestB_S355_spades_no_contam.fasta,SRR36137122_contigs.fasta,Gril1_S352_spades_no_contam.fasta,Kara3_S353_spades_no_contam.fasta,Wirz_S363_spades_no_contam.fasta,Ring1_S359_spades_no_contam.fasta,Sogn5_S362_spades_no_contam.fasta,Frag1_S351_spades_no_contam.fasta}#{11665_S342_spades_no_contam.fasta,11663_S340_spades_no_contam.fasta,11662_no_contam.fasta,11669_S346_spades_no_contam.fasta,11668_S345_spades_no_contam.fasta,11670_S347_spades_no_contam.fasta,11666_S343_spades_no_contam.fasta,11667_S344_spades_no_contam.fasta,11664_S341_spades_no_contam.fasta}|{Skrap3_S361_spades_no_contam.fasta}	0.191505	768.059	2346
N6	t1	{11665_S342_spades_no_contam.fasta}|{11663_S340_spades_no_contam.fasta}#{11662_no_contam.fasta}|{GCA_023014455.1_ASM2301445v1_genomic.fna,GCA_001983365.1_ASM198336v1_genomic.fna,GCA_023014435.1_ASM2301443v1_genomic.fna,GCA_023014395.1_ASM2301439v1_genomic.fna,GCA_023014475.1_ASM2301447v1_genomic.fna,GCA_032173475.1_ASM3217347v1_genomic.fna,GCA_001983385.1_ASM198338v1_genomic.fna,GCA_020011035.1_ASM2001103v1_genomic.fna,GCA_023014405.1_ASM2301440v1_genomic.fna,GCA_001691785.3_ASM169178v3_genomic.fna,40019_S37_L007,GCA_015039365.1_Amarub1_genomic.fna,SRR36117447_contigs.fasta,Amapyr1_AssemblyScaffolds_Repeatmasked.fasta,GCA_001691755.2_ASM169175v2_genomic.fna,GCA_003316615.1_ASM331661v1_genomic.fna,Volvo1_AssemblyScaffolds_Repeatmasked.fasta,GCA_002554575.1_Amanita_thiersii_v1.0_genomic.fna,GCA_001691775.3_ASM169177v3_genomic.fna,GCA_000497225.1_AmaJack1.0_genomic.fna,40225_S35_L007,30280_S34_L007,Amagr1_AssemblyScaffolds.fasta,SRR36145290_contigs.fasta,SRR36137136_contigs.fasta,SRR36137101_contigs.fasta,SRR36141466_contigs.fasta,NesPan3_S357_spades_no_contam.fasta,SRR36137094_contigs.fasta,SRR36118002_contigs.fasta,SRR36145299_contigs.fasta,SRR36137480_contigs.fasta,SRR36137064_contigs.fasta,20045_S349_spades_no_contam.fasta,20031_S348_spades_no_contam.fasta,GCA_054369615.1_ASM5436961v1_genomic.fna,30021_S33_L007,GCA_001691765.1_ASM169176v1_genomic.fna,30000_S38_L007,NagxHevest_S354_spades_no_contam.fasta,NagxHevestB_S355_spades_no_contam.fasta,SRR36137122_contigs.fasta,Gril1_S352_spades_no_contam.fasta,Kara3_S353_spades_no_contam.fasta,Wirz_S363_spades_no_contam.fasta,Ring1_S359_spades_no_contam.fasta,Sogn5_S362_spades_no_contam.fasta,Frag1_S351_spades_no_contam.fasta,Aus332_S350_spades_no_contam.fasta,NzAUS95_S358_spades_no_contam.fasta,Nes1_S356_spades_no_contam.fasta,Skrap3_S361_spades_no_contam.fasta,11664_S341_spades_no_contam.fasta,11666_S343_spades_no_contam.fasta,11667_S344_spades_no_contam.fasta,11670_S347_spades_no_contam.fasta,11668_S345_spades_no_contam.fasta,11669_S346_spades_no_contam.fasta}	0.944386	700.175	1958
N6	t2	{GCA_023014455.1_ASM2301445v1_genomic.fna,GCA_001983365.1_ASM198336v1_genomic.fna,GCA_023014435.1_ASM2301443v1_genomic.fna,GCA_023014395.1_ASM2301439v1_genomic.fna,GCA_023014475.1_ASM2301447v1_genomic.fna,GCA_032173475.1_ASM3217347v1_genomic.fna,GCA_001983385.1_ASM198338v1_genomic.fna,GCA_020011035.1_ASM2001103v1_genomic.fna,GCA_023014405.1_ASM2301440v1_genomic.fna,GCA_001691785.3_ASM169178v3_genomic.fna,40019_S37_L007,GCA_015039365.1_Amarub1_genomic.fna,SRR36117447_contigs.fasta,Amapyr1_AssemblyScaffolds_Repeatmasked.fasta,GCA_001691755.2_ASM169175v2_genomic.fna,GCA_003316615.1_ASM331661v1_genomic.fna,Volvo1_AssemblyScaffolds_Repeatmasked.fasta,GCA_002554575.1_Amanita_thiersii_v1.0_genomic.fna,GCA_001691775.3_ASM169177v3_genomic.fna,GCA_000497225.1_AmaJack1.0_genomic.fna,40225_S35_L007,30280_S34_L007,Amagr1_AssemblyScaffolds.fasta,SRR36145290_contigs.fasta,SRR36137136_contigs.fasta,SRR36137101_contigs.fasta,SRR36141466_contigs.fasta,NesPan3_S357_spades_no_contam.fasta,SRR36137094_contigs.fasta,SRR36118002_contigs.fasta,SRR36145299_contigs.fasta,SRR36137480_contigs.fasta,SRR36137064_contigs.fasta,20045_S349_spades_no_contam.fasta,20031_S348_spades_no_contam.fasta,GCA_054369615.1_ASM5436961v1_genomic.fna,30021_S33_L007,GCA_001691765.1_ASM169176v1_genomic.fna,30000_S38_L007,NagxHevest_S354_spades_no_contam.fasta,NagxHevestB_S355_spades_no_contam.fasta,SRR36137122_contigs.fasta,Gril1_S352_spades_no_contam.fasta,Kara3_S353_spades_no_contam.fasta,Wirz_S363_spades_no_contam.fasta,Ring1_S359_spades_no_contam.fasta,Sogn5_S362_spades_no_contam.fasta,Frag1_S351_spades_no_contam.fasta,Aus332_S350_spades_no_contam.fasta,NzAUS95_S358_spades_no_contam.fasta,Nes1_S356_spades_no_contam.fasta,Skrap3_S361_spades_no_contam.fasta,11664_S341_spades_no_contam.fasta,11666_S343_spades_no_contam.fasta,11667_S344_spades_no_contam.fasta,11670_S347_spades_no_contam.fasta,11668_S345_spades_no_contam.fasta,11669_S346_spades_no_contam.fasta}|{11663_S340_spades_no_contam.fasta}#{11662_no_contam.fasta}|{11665_S342_spades_no_contam.fasta}	0.0101563	599.751	1958
N6	t3	{11665_S342_spades_no_contam.fasta}|{GCA_023014455.1_ASM2301445v1_genomic.fna,GCA_001983365.1_ASM198336v1_genomic.fna,GCA_023014435.1_ASM2301443v1_genomic.fna,GCA_023014395.1_ASM2301439v1_genomic.fna,GCA_023014475.1_ASM2301447v1_genomic.fna,GCA_032173475.1_ASM3217347v1_genomic.fna,GCA_001983385.1_ASM198338v1_genomic.fna,GCA_020011035.1_ASM2001103v1_genomic.fna,GCA_023014405.1_ASM2301440v1_genomic.fna,GCA_001691785.3_ASM169178v3_genomic.fna,40019_S37_L007,GCA_015039365.1_Amarub1_genomic.fna,SRR36117447_contigs.fasta,Amapyr1_AssemblyScaffolds_Repeatmasked.fasta,GCA_001691755.2_ASM169175v2_genomic.fna,GCA_003316615.1_ASM331661v1_genomic.fna,Volvo1_AssemblyScaffolds_Repeatmasked.fasta,GCA_002554575.1_Amanita_thiersii_v1.0_genomic.fna,GCA_001691775.3_ASM169177v3_genomic.fna,GCA_000497225.1_AmaJack1.0_genomic.fna,40225_S35_L007,30280_S34_L007,Amagr1_AssemblyScaffolds.fasta,SRR36145290_contigs.fasta,SRR36137136_contigs.fasta,SRR36137101_contigs.fasta,SRR36141466_contigs.fasta,NesPan3_S357_spades_no_contam.fasta,SRR36137094_contigs.fasta,SRR36118002_contigs.fasta,SRR36145299_contigs.fasta,SRR36137480_contigs.fasta,SRR36137064_contigs.fasta,20045_S349_spades_no_contam.fasta,20031_S348_spades_no_contam.fasta,GCA_054369615.1_ASM5436961v1_genomic.fna,30021_S33_L007,GCA_001691765.1_ASM169176v1_genomic.fna,30000_S38_L007,NagxHevest_S354_spades_no_contam.fasta,NagxHevestB_S355_spades_no_contam.fasta,SRR36137122_contigs.fasta,Gril1_S352_spades_no_contam.fasta,Kara3_S353_spades_no_contam.fasta,Wirz_S363_spades_no_contam.fasta,Ring1_S359_spades_no_contam.fasta,Sogn5_S362_spades_no_contam.fasta,Frag1_S351_spades_no_contam.fasta,Aus332_S350_spades_no_contam.fasta,NzAUS95_S358_spades_no_contam.fasta,Nes1_S356_spades_no_contam.fasta,Skrap3_S361_spades_no_contam.fasta,11664_S341_spades_no_contam.fasta,11666_S343_spades_no_contam.fasta,11667_S344_spades_no_contam.fasta,11670_S347_spades_no_contam.fasta,11668_S345_spades_no_contam.fasta,11669_S346_spades_no_contam.fasta}#{11662_no_contam.fasta}|{11663_S340_spades_no_contam.fasta}	0.0454574	658.074	1958
N7	t1	{11665_S342_spades_no_contam.fasta,11663_S340_spades_no_contam.fasta}|{11662_no_contam.fasta}#{11669_S346_spades_no_contam.fasta}|{GCA_023014455.1_ASM2301445v1_genomic.fna,GCA_001983365.1_ASM198336v1_genomic.fna,GCA_023014435.1_ASM2301443v1_genomic.fna,GCA_023014395.1_ASM2301439v1_genomic.fna,GCA_023014475.1_ASM2301447v1_genomic.fna,GCA_032173475.1_ASM3217347v1_genomic.fna,GCA_001983385.1_ASM198338v1_genomic.fna,GCA_020011035.1_ASM2001103v1_genomic.fna,GCA_023014405.1_ASM2301440v1_genomic.fna,GCA_001691785.3_ASM169178v3_genomic.fna,40019_S37_L007,GCA_015039365.1_Amarub1_genomic.fna,SRR36117447_contigs.fasta,Amapyr1_AssemblyScaffolds_Repeatmasked.fasta,GCA_001691755.2_ASM169175v2_genomic.fna,GCA_003316615.1_ASM331661v1_genomic.fna,Volvo1_AssemblyScaffolds_Repeatmasked.fasta,GCA_002554575.1_Amanita_thiersii_v1.0_genomic.fna,GCA_001691775.3_ASM169177v3_genomic.fna,GCA_000497225.1_AmaJack1.0_genomic.fna,40225_S35_L007,30280_S34_L007,Amagr1_AssemblyScaffolds.fasta,SRR36145290_contigs.fasta,SRR36137136_contigs.fasta,SRR36137101_contigs.fasta,SRR36141466_contigs.fasta,NesPan3_S357_spades_no_contam.fasta,SRR36137094_contigs.fasta,SRR36118002_contigs.fasta,SRR36145299_contigs.fasta,SRR36137480_contigs.fasta,SRR36137064_contigs.fasta,20045_S349_spades_no_contam.fasta,20031_S348_spades_no_contam.fasta,GCA_054369615.1_ASM5436961v1_genomic.fna,30021_S33_L007,GCA_001691765.1_ASM169176v1_genomic.fna,30000_S38_L007,NagxHevest_S354_spades_no_contam.fasta,NagxHevestB_S355_spades_no_contam.fasta,SRR36137122_contigs.fasta,Gril1_S352_spades_no_contam.fasta,Kara3_S353_spades_no_contam.fasta,Wirz_S363_spades_no_contam.fasta,Ring1_S359_spades_no_contam.fasta,Sogn5_S362_spades_no_contam.fasta,Frag1_S351_spades_no_contam.fasta,Aus332_S350_spades_no_contam.fasta,NzAUS95_S358_spades_no_contam.fasta,Nes1_S356_spades_no_contam.fasta,Skrap3_S361_spades_no_contam.fasta,11664_S341_spades_no_contam.fasta,11666_S343_spades_no_contam.fasta,11667_S344_spades_no_contam.fasta,11670_S347_spades_no_contam.fasta,11668_S345_spades_no_contam.fasta}	0.916664	748.862	2085
N7	t2	{GCA_023014455.1_ASM2301445v1_genomic.fna,GCA_001983365.1_ASM198336v1_genomic.fna,GCA_023014435.1_ASM2301443v1_genomic.fna,GCA_023014395.1_ASM2301439v1_genomic.fna,GCA_023014475.1_ASM2301447v1_genomic.fna,GCA_032173475.1_ASM3217347v1_genomic.fna,GCA_001983385.1_ASM198338v1_genomic.fna,GCA_020011035.1_ASM2001103v1_genomic.fna,GCA_023014405.1_ASM2301440v1_genomic.fna,GCA_001691785.3_ASM169178v3_genomic.fna,40019_S37_L007,GCA_015039365.1_Amarub1_genomic.fna,SRR36117447_contigs.fasta,Amapyr1_AssemblyScaffolds_Repeatmasked.fasta,GCA_001691755.2_ASM169175v2_genomic.fna,GCA_003316615.1_ASM331661v1_genomic.fna,Volvo1_AssemblyScaffolds_Repeatmasked.fasta,GCA_002554575.1_Amanita_thiersii_v1.0_genomic.fna,GCA_001691775.3_ASM169177v3_genomic.fna,GCA_000497225.1_AmaJack1.0_genomic.fna,40225_S35_L007,30280_S34_L007,Amagr1_AssemblyScaffolds.fasta,SRR36145290_contigs.fasta,SRR36137136_contigs.fasta,SRR36137101_contigs.fasta,SRR36141466_contigs.fasta,NesPan3_S357_spades_no_contam.fasta,SRR36137094_contigs.fasta,SRR36118002_contigs.fasta,SRR36145299_contigs.fasta,SRR36137480_contigs.fasta,SRR36137064_contigs.fasta,20045_S349_spades_no_contam.fasta,20031_S348_spades_no_contam.fasta,GCA_054369615.1_ASM5436961v1_genomic.fna,30021_S33_L007,GCA_001691765.1_ASM169176v1_genomic.fna,30000_S38_L007,NagxHevest_S354_spades_no_contam.fasta,NagxHevestB_S355_spades_no_contam.fasta,SRR36137122_contigs.fasta,Gril1_S352_spades_no_contam.fasta,Kara3_S353_spades_no_contam.fasta,Wirz_S363_spades_no_contam.fasta,Ring1_S359_spades_no_contam.fasta,Sogn5_S362_spades_no_contam.fasta,Frag1_S351_spades_no_contam.fasta,Aus332_S350_spades_no_contam.fasta,NzAUS95_S358_spades_no_contam.fasta,Nes1_S356_spades_no_contam.fasta,Skrap3_S361_spades_no_contam.fasta,11664_S341_spades_no_contam.fasta,11666_S343_spades_no_contam.fasta,11667_S344_spades_no_contam.fasta,11670_S347_spades_no_contam.fasta,11668_S345_spades_no_contam.fasta}|{11662_no_contam.fasta}#{11669_S346_spades_no_contam.fasta}|{11665_S342_spades_no_contam.fasta,11663_S340_spades_no_contam.fasta}	0.0791931	721.605	2085
N7	t3	{11665_S342_spades_no_contam.fasta,11663_S340_spades_no_contam.fasta}|{GCA_023014455.1_ASM2301445v1_genomic.fna,GCA_001983365.1_ASM198336v1_genomic.fna,GCA_023014435.1_ASM2301443v1_genomic.fna,GCA_023014395.1_ASM2301439v1_genomic.fna,GCA_023014475.1_ASM2301447v1_genomic.fna,GCA_032173475.1_ASM3217347v1_genomic.fna,GCA_001983385.1_ASM198338v1_genomic.fna,GCA_020011035.1_ASM2001103v1_genomic.fna,GCA_023014405.1_ASM2301440v1_genomic.fna,GCA_001691785.3_ASM169178v3_genomic.fna,40019_S37_L007,GCA_015039365.1_Amarub1_genomic.fna,SRR36117447_contigs.fasta,Amapyr1_AssemblyScaffolds_Repeatmasked.fasta,GCA_001691755.2_ASM169175v2_genomic.fna,GCA_003316615.1_ASM331661v1_genomic.fna,Volvo1_AssemblyScaffolds_Repeatmasked.fasta,GCA_002554575.1_Amanita_thiersii_v1.0_genomic.fna,GCA_001691775.3_ASM169177v3_genomic.fna,GCA_000497225.1_AmaJack1.0_genomic.fna,40225_S35_L007,30280_S34_L007,Amagr1_AssemblyScaffolds.fasta,SRR36145290_contigs.fasta,SRR36137136_contigs.fasta,SRR36137101_contigs.fasta,SRR36141466_contigs.fasta,NesPan3_S357_spades_no_contam.fasta,SRR36137094_contigs.fasta,SRR36118002_contigs.fasta,SRR36145299_contigs.fasta,SRR36137480_contigs.fasta,SRR36137064_contigs.fasta,20045_S349_spades_no_contam.fasta,20031_S348_spades_no_contam.fasta,GCA_054369615.1_ASM5436961v1_genomic.fna,30021_S33_L007,GCA_001691765.1_ASM169176v1_genomic.fna,30000_S38_L007,NagxHevest_S354_spades_no_contam.fasta,NagxHevestB_S355_spades_no_contam.fasta,SRR36137122_contigs.fasta,Gril1_S352_spades_no_contam.fasta,Kara3_S353_spades_no_contam.fasta,Wirz_S363_spades_no_contam.fasta,Ring1_S359_spades_no_contam.fasta,Sogn5_S362_spades_no_contam.fasta,Frag1_S351_spades_no_contam.fasta,Aus332_S350_spades_no_contam.fasta,NzAUS95_S358_spades_no_contam.fasta,Nes1_S356_spades_no_contam.fasta,Skrap3_S361_spades_no_contam.fasta,11664_S341_spades_no_contam.fasta,11666_S343_spades_no_contam.fasta,11667_S344_spades_no_contam.fasta,11670_S347_spades_no_contam.fasta,11668_S345_spades_no_contam.fasta}#{11669_S346_spades_no_contam.fasta}|{11662_no_contam.fasta}	0.00414287	614.534	2085
N8	t1	{11665_S342_spades_no_contam.fasta,11663_S340_spades_no_contam.fasta,11662_no_contam.fasta}|{11669_S346_spades_no_contam.fasta}#{11668_S345_spades_no_contam.fasta}|{GCA_023014455.1_ASM2301445v1_genomic.fna,GCA_001983365.1_ASM198336v1_genomic.fna,GCA_023014435.1_ASM2301443v1_genomic.fna,GCA_023014395.1_ASM2301439v1_genomic.fna,GCA_023014475.1_ASM2301447v1_genomic.fna,GCA_032173475.1_ASM3217347v1_genomic.fna,GCA_001983385.1_ASM198338v1_genomic.fna,GCA_020011035.1_ASM2001103v1_genomic.fna,GCA_023014405.1_ASM2301440v1_genomic.fna,GCA_001691785.3_ASM169178v3_genomic.fna,40019_S37_L007,GCA_015039365.1_Amarub1_genomic.fna,SRR36117447_contigs.fasta,Amapyr1_AssemblyScaffolds_Repeatmasked.fasta,GCA_001691755.2_ASM169175v2_genomic.fna,GCA_003316615.1_ASM331661v1_genomic.fna,Volvo1_AssemblyScaffolds_Repeatmasked.fasta,GCA_002554575.1_Amanita_thiersii_v1.0_genomic.fna,GCA_001691775.3_ASM169177v3_genomic.fna,GCA_000497225.1_AmaJack1.0_genomic.fna,40225_S35_L007,30280_S34_L007,Amagr1_AssemblyScaffolds.fasta,SRR36145290_contigs.fasta,SRR36137136_contigs.fasta,SRR36137101_contigs.fasta,SRR36141466_contigs.fasta,NesPan3_S357_spades_no_contam.fasta,SRR36137094_contigs.fasta,SRR36118002_contigs.fasta,SRR36145299_contigs.fasta,SRR36137480_contigs.fasta,SRR36137064_contigs.fasta,20045_S349_spades_no_contam.fasta,20031_S348_spades_no_contam.fasta,GCA_054369615.1_ASM5436961v1_genomic.fna,30021_S33_L007,GCA_001691765.1_ASM169176v1_genomic.fna,30000_S38_L007,NagxHevest_S354_spades_no_contam.fasta,NagxHevestB_S355_spades_no_contam.fasta,SRR36137122_contigs.fasta,Gril1_S352_spades_no_contam.fasta,Kara3_S353_spades_no_contam.fasta,Wirz_S363_spades_no_contam.fasta,Ring1_S359_spades_no_contam.fasta,Sogn5_S362_spades_no_contam.fasta,Frag1_S351_spades_no_contam.fasta,Aus332_S350_spades_no_contam.fasta,NzAUS95_S358_spades_no_contam.fasta,Nes1_S356_spades_no_contam.fasta,Skrap3_S361_spades_no_contam.fasta,11664_S341_spades_no_contam.fasta,11666_S343_spades_no_contam.fasta,11667_S344_spades_no_contam.fasta,11670_S347_spades_no_contam.fasta}	0.925142	745.759	2105
N8	t2	{GCA_023014455.1_ASM2301445v1_genomic.fna,GCA_001983365.1_ASM198336v1_genomic.fna,GCA_023014435.1_ASM2301443v1_genomic.fna,GCA_023014395.1_ASM2301439v1_genomic.fna,GCA_023014475.1_ASM2301447v1_genomic.fna,GCA_032173475.1_ASM3217347v1_genomic.fna,GCA_001983385.1_ASM198338v1_genomic.fna,GCA_020011035.1_ASM2001103v1_genomic.fna,GCA_023014405.1_ASM2301440v1_genomic.fna,GCA_001691785.3_ASM169178v3_genomic.fna,40019_S37_L007,GCA_015039365.1_Amarub1_genomic.fna,SRR36117447_contigs.fasta,Amapyr1_AssemblyScaffolds_Repeatmasked.fasta,GCA_001691755.2_ASM169175v2_genomic.fna,GCA_003316615.1_ASM331661v1_genomic.fna,Volvo1_AssemblyScaffolds_Repeatmasked.fasta,GCA_002554575.1_Amanita_thiersii_v1.0_genomic.fna,GCA_001691775.3_ASM169177v3_genomic.fna,GCA_000497225.1_AmaJack1.0_genomic.fna,40225_S35_L007,30280_S34_L007,Amagr1_AssemblyScaffolds.fasta,SRR36145290_contigs.fasta,SRR36137136_contigs.fasta,SRR36137101_contigs.fasta,SRR36141466_contigs.fasta,NesPan3_S357_spades_no_contam.fasta,SRR36137094_contigs.fasta,SRR36118002_contigs.fasta,SRR36145299_contigs.fasta,SRR36137480_contigs.fasta,SRR36137064_contigs.fasta,20045_S349_spades_no_contam.fasta,20031_S348_spades_no_contam.fasta,GCA_054369615.1_ASM5436961v1_genomic.fna,30021_S33_L007,GCA_001691765.1_ASM169176v1_genomic.fna,30000_S38_L007,NagxHevest_S354_spades_no_contam.fasta,NagxHevestB_S355_spades_no_contam.fasta,SRR36137122_contigs.fasta,Gril1_S352_spades_no_contam.fasta,Kara3_S353_spades_no_contam.fasta,Wirz_S363_spades_no_contam.fasta,Ring1_S359_spades_no_contam.fasta,Sogn5_S362_spades_no_contam.fasta,Frag1_S351_spades_no_contam.fasta,Aus332_S350_spades_no_contam.fasta,NzAUS95_S358_spades_no_contam.fasta,Nes1_S356_spades_no_contam.fasta,Skrap3_S361_spades_no_contam.fasta,11664_S341_spades_no_contam.fasta,11666_S343_spades_no_contam.fasta,11667_S344_spades_no_contam.fasta,11670_S347_spades_no_contam.fasta}|{11669_S346_spades_no_contam.fasta}#{11668_S345_spades_no_contam.fasta}|{11665_S342_spades_no_contam.fasta,11663_S340_spades_no_contam.fasta,11662_no_contam.fasta}	0.0208691	660.514	2105
N8	t3	{11665_S342_spades_no_contam.fasta,11663_S340_spades_no_contam.fasta,11662_no_contam.fasta}|{GCA_023014455.1_ASM2301445v1_genomic.fna,GCA_001983365.1_ASM198336v1_genomic.fna,GCA_023014435.1_ASM2301443v1_genomic.fna,GCA_023014395.1_ASM2301439v1_genomic.fna,GCA_023014475.1_ASM2301447v1_genomic.fna,GCA_032173475.1_ASM3217347v1_genomic.fna,GCA_001983385.1_ASM198338v1_genomic.fna,GCA_020011035.1_ASM2001103v1_genomic.fna,GCA_023014405.1_ASM2301440v1_genomic.fna,GCA_001691785.3_ASM169178v3_genomic.fna,40019_S37_L007,GCA_015039365.1_Amarub1_genomic.fna,SRR36117447_contigs.fasta,Amapyr1_AssemblyScaffolds_Repeatmasked.fasta,GCA_001691755.2_ASM169175v2_genomic.fna,GCA_003316615.1_ASM331661v1_genomic.fna,Volvo1_AssemblyScaffolds_Repeatmasked.fasta,GCA_002554575.1_Amanita_thiersii_v1.0_genomic.fna,GCA_001691775.3_ASM169177v3_genomic.fna,GCA_000497225.1_AmaJack1.0_genomic.fna,40225_S35_L007,30280_S34_L007,Amagr1_AssemblyScaffolds.fasta,SRR36145290_contigs.fasta,SRR36137136_contigs.fasta,SRR36137101_contigs.fasta,SRR36141466_contigs.fasta,NesPan3_S357_spades_no_contam.fasta,SRR36137094_contigs.fasta,SRR36118002_contigs.fasta,SRR36145299_contigs.fasta,SRR36137480_contigs.fasta,SRR36137064_contigs.fasta,20045_S349_spades_no_contam.fasta,20031_S348_spades_no_contam.fasta,GCA_054369615.1_ASM5436961v1_genomic.fna,30021_S33_L007,GCA_001691765.1_ASM169176v1_genomic.fna,30000_S38_L007,NagxHevest_S354_spades_no_contam.fasta,NagxHevestB_S355_spades_no_contam.fasta,SRR36137122_contigs.fasta,Gril1_S352_spades_no_contam.fasta,Kara3_S353_spades_no_contam.fasta,Wirz_S363_spades_no_contam.fasta,Ring1_S359_spades_no_contam.fasta,Sogn5_S362_spades_no_contam.fasta,Frag1_S351_spades_no_contam.fasta,Aus332_S350_spades_no_contam.fasta,NzAUS95_S358_spades_no_contam.fasta,Nes1_S356_spades_no_contam.fasta,Skrap3_S361_spades_no_contam.fasta,11664_S341_spades_no_contam.fasta,11666_S343_spades_no_contam.fasta,11667_S344_spades_no_contam.fasta,11670_S347_spades_no_contam.fasta}#{11668_S345_spades_no_contam.fasta}|{11669_S346_spades_no_contam.fasta}	0.0539888	698.726	2105
N9	t1	{11665_S342_spades_no_contam.fasta,11663_S340_spades_no_contam.fasta,11662_no_contam.fasta,11669_S346_spades_no_contam.fasta}|{11668_S345_spades_no_contam.fasta}#{11670_S347_spades_no_contam.fasta}|{GCA_023014455.1_ASM2301445v1_genomic.fna,GCA_001983365.1_ASM198336v1_genomic.fna,GCA_023014435.1_ASM2301443v1_genomic.fna,GCA_023014395.1_ASM2301439v1_genomic.fna,GCA_023014475.1_ASM2301447v1_genomic.fna,GCA_032173475.1_ASM3217347v1_genomic.fna,GCA_001983385.1_ASM198338v1_genomic.fna,GCA_020011035.1_ASM2001103v1_genomic.fna,GCA_023014405.1_ASM2301440v1_genomic.fna,GCA_001691785.3_ASM169178v3_genomic.fna,40019_S37_L007,GCA_015039365.1_Amarub1_genomic.fna,SRR36117447_contigs.fasta,Amapyr1_AssemblyScaffolds_Repeatmasked.fasta,GCA_001691755.2_ASM169175v2_genomic.fna,GCA_003316615.1_ASM331661v1_genomic.fna,Volvo1_AssemblyScaffolds_Repeatmasked.fasta,GCA_002554575.1_Amanita_thiersii_v1.0_genomic.fna,GCA_001691775.3_ASM169177v3_genomic.fna,GCA_000497225.1_AmaJack1.0_genomic.fna,40225_S35_L007,30280_S34_L007,Amagr1_AssemblyScaffolds.fasta,SRR36145290_contigs.fasta,SRR36137136_contigs.fasta,SRR36137101_contigs.fasta,SRR36141466_contigs.fasta,NesPan3_S357_spades_no_contam.fasta,SRR36137094_contigs.fasta,SRR36118002_contigs.fasta,SRR36145299_contigs.fasta,SRR36137480_contigs.fasta,SRR36137064_contigs.fasta,20045_S349_spades_no_contam.fasta,20031_S348_spades_no_contam.fasta,GCA_054369615.1_ASM5436961v1_genomic.fna,30021_S33_L007,GCA_001691765.1_ASM169176v1_genomic.fna,30000_S38_L007,NagxHevest_S354_spades_no_contam.fasta,NagxHevestB_S355_spades_no_contam.fasta,SRR36137122_contigs.fasta,Gril1_S352_spades_no_contam.fasta,Kara3_S353_spades_no_contam.fasta,Wirz_S363_spades_no_contam.fasta,Ring1_S359_spades_no_contam.fasta,Sogn5_S362_spades_no_contam.fasta,Frag1_S351_spades_no_contam.fasta,Aus332_S350_spades_no_contam.fasta,NzAUS95_S358_spades_no_contam.fasta,Nes1_S356_spades_no_contam.fasta,Skrap3_S361_spades_no_contam.fasta,11664_S341_spades_no_contam.fasta,11666_S343_spades_no_contam.fasta,11667_S344_spades_no_contam.fasta}	1	820.728	2140
N9	t2	{GCA_023014455.1_ASM2301445v1_genomic.fna,GCA_001983365.1_ASM198336v1_genomic.fna,GCA_023014435.1_ASM2301443v1_genomic.fna,GCA_023014395.1_ASM2301439v1_genomic.fna,GCA_023014475.1_ASM2301447v1_genomic.fna,GCA_032173475.1_ASM3217347v1_genomic.fna,GCA_001983385.1_ASM198338v1_genomic.fna,GCA_020011035.1_ASM2001103v1_genomic.fna,GCA_023014405.1_ASM2301440v1_genomic.fna,GCA_001691785.3_ASM169178v3_genomic.fna,40019_S37_L007,GCA_015039365.1_Amarub1_genomic.fna,SRR36117447_contigs.fasta,Amapyr1_AssemblyScaffolds_Repeatmasked.fasta,GCA_001691755.2_ASM169175v2_genomic.fna,GCA_003316615.1_ASM331661v1_genomic.fna,Volvo1_AssemblyScaffolds_Repeatmasked.fasta,GCA_002554575.1_Amanita_thiersii_v1.0_genomic.fna,GCA_001691775.3_ASM169177v3_genomic.fna,GCA_000497225.1_AmaJack1.0_genomic.fna,40225_S35_L007,30280_S34_L007,Amagr1_AssemblyScaffolds.fasta,SRR36145290_contigs.fasta,SRR36137136_contigs.fasta,SRR36137101_contigs.fasta,SRR36141466_contigs.fasta,NesPan3_S357_spades_no_contam.fasta,SRR36137094_contigs.fasta,SRR36118002_contigs.fasta,SRR36145299_contigs.fasta,SRR36137480_contigs.fasta,SRR36137064_contigs.fasta,20045_S349_spades_no_contam.fasta,20031_S348_spades_no_contam.fasta,GCA_054369615.1_ASM5436961v1_genomic.fna,30021_S33_L007,GCA_001691765.1_ASM169176v1_genomic.fna,30000_S38_L007,NagxHevest_S354_spades_no_contam.fasta,NagxHevestB_S355_spades_no_contam.fasta,SRR36137122_contigs.fasta,Gril1_S352_spades_no_contam.fasta,Kara3_S353_spades_no_contam.fasta,Wirz_S363_spades_no_contam.fasta,Ring1_S359_spades_no_contam.fasta,Sogn5_S362_spades_no_contam.fasta,Frag1_S351_spades_no_contam.fasta,Aus332_S350_spades_no_contam.fasta,NzAUS95_S358_spades_no_contam.fasta,Nes1_S356_spades_no_contam.fasta,Skrap3_S361_spades_no_contam.fasta,11664_S341_spades_no_contam.fasta,11666_S343_spades_no_contam.fasta,11667_S344_spades_no_contam.fasta}|{11668_S345_spades_no_contam.fasta}#{11670_S347_spades_no_contam.fasta}|{11665_S342_spades_no_contam.fasta,11663_S340_spades_no_contam.fasta,11662_no_contam.fasta,11669_S346_spades_no_contam.fasta}	0	711.386	2140
N9	t3	{11665_S342_spades_no_contam.fasta,11663_S340_spades_no_contam.fasta,11662_no_contam.fasta,11669_S346_spades_no_contam.fasta}|{GCA_023014455.1_ASM2301445v1_genomic.fna,GCA_001983365.1_ASM198336v1_genomic.fna,GCA_023014435.1_ASM2301443v1_genomic.fna,GCA_023014395.1_ASM2301439v1_genomic.fna,GCA_023014475.1_ASM2301447v1_genomic.fna,GCA_032173475.1_ASM3217347v1_genomic.fna,GCA_001983385.1_ASM198338v1_genomic.fna,GCA_020011035.1_ASM2001103v1_genomic.fna,GCA_023014405.1_ASM2301440v1_genomic.fna,GCA_001691785.3_ASM169178v3_genomic.fna,40019_S37_L007,GCA_015039365.1_Amarub1_genomic.fna,SRR36117447_contigs.fasta,Amapyr1_AssemblyScaffolds_Repeatmasked.fasta,GCA_001691755.2_ASM169175v2_genomic.fna,GCA_003316615.1_ASM331661v1_genomic.fna,Volvo1_AssemblyScaffolds_Repeatmasked.fasta,GCA_002554575.1_Amanita_thiersii_v1.0_genomic.fna,GCA_001691775.3_ASM169177v3_genomic.fna,GCA_000497225.1_AmaJack1.0_genomic.fna,40225_S35_L007,30280_S34_L007,Amagr1_AssemblyScaffolds.fasta,SRR36145290_contigs.fasta,SRR36137136_contigs.fasta,SRR36137101_contigs.fasta,SRR36141466_contigs.fasta,NesPan3_S357_spades_no_contam.fasta,SRR36137094_contigs.fasta,SRR36118002_contigs.fasta,SRR36145299_contigs.fasta,SRR36137480_contigs.fasta,SRR36137064_contigs.fasta,20045_S349_spades_no_contam.fasta,20031_S348_spades_no_contam.fasta,GCA_054369615.1_ASM5436961v1_genomic.fna,30021_S33_L007,GCA_001691765.1_ASM169176v1_genomic.fna,30000_S38_L007,NagxHevest_S354_spades_no_contam.fasta,NagxHevestB_S355_spades_no_contam.fasta,SRR36137122_contigs.fasta,Gril1_S352_spades_no_contam.fasta,Kara3_S353_spades_no_contam.fasta,Wirz_S363_spades_no_contam.fasta,Ring1_S359_spades_no_contam.fasta,Sogn5_S362_spades_no_contam.fasta,Frag1_S351_spades_no_contam.fasta,Aus332_S350_spades_no_contam.fasta,NzAUS95_S358_spades_no_contam.fasta,Nes1_S356_spades_no_contam.fasta,Skrap3_S361_spades_no_contam.fasta,11664_S341_spades_no_contam.fasta,11666_S343_spades_no_contam.fasta,11667_S344_spades_no_contam.fasta}#{11670_S347_spades_no_contam.fasta}|{11668_S345_spades_no_contam.fasta}	0	607.886	2140
N10	t1	{11665_S342_spades_no_contam.fasta,11663_S340_spades_no_contam.fasta,11662_no_contam.fasta,11669_S346_spades_no_contam.fasta,11668_S345_spades_no_contam.fasta}|{11670_S347_spades_no_contam.fasta}#{11666_S343_spades_no_contam.fasta,11667_S344_spades_no_contam.fasta}|{GCA_023014455.1_ASM2301445v1_genomic.fna,GCA_001983365.1_ASM198336v1_genomic.fna,GCA_023014435.1_ASM2301443v1_genomic.fna,GCA_023014395.1_ASM2301439v1_genomic.fna,GCA_023014475.1_ASM2301447v1_genomic.fna,GCA_032173475.1_ASM3217347v1_genomic.fna,GCA_001983385.1_ASM198338v1_genomic.fna,GCA_020011035.1_ASM2001103v1_genomic.fna,GCA_023014405.1_ASM2301440v1_genomic.fna,GCA_001691785.3_ASM169178v3_genomic.fna,40019_S37_L007,GCA_015039365.1_Amarub1_genomic.fna,SRR36117447_contigs.fasta,Amapyr1_AssemblyScaffolds_Repeatmasked.fasta,GCA_001691755.2_ASM169175v2_genomic.fna,GCA_003316615.1_ASM331661v1_genomic.fna,Volvo1_AssemblyScaffolds_Repeatmasked.fasta,GCA_002554575.1_Amanita_thiersii_v1.0_genomic.fna,GCA_001691775.3_ASM169177v3_genomic.fna,GCA_000497225.1_AmaJack1.0_genomic.fna,40225_S35_L007,30280_S34_L007,Amagr1_AssemblyScaffolds.fasta,SRR36145290_contigs.fasta,SRR36137136_contigs.fasta,SRR36137101_contigs.fasta,SRR36141466_contigs.fasta,NesPan3_S357_spades_no_contam.fasta,SRR36137094_contigs.fasta,SRR36118002_contigs.fasta,SRR36145299_contigs.fasta,SRR36137480_contigs.fasta,SRR36137064_contigs.fasta,20045_S349_spades_no_contam.fasta,20031_S348_spades_no_contam.fasta,GCA_054369615.1_ASM5436961v1_genomic.fna,30021_S33_L007,GCA_001691765.1_ASM169176v1_genomic.fna,30000_S38_L007,NagxHevest_S354_spades_no_contam.fasta,NagxHevestB_S355_spades_no_contam.fasta,SRR36137122_contigs.fasta,Gril1_S352_spades_no_contam.fasta,Kara3_S353_spades_no_contam.fasta,Wirz_S363_spades_no_contam.fasta,Ring1_S359_spades_no_contam.fasta,Sogn5_S362_spades_no_contam.fasta,Frag1_S351_spades_no_contam.fasta,Aus332_S350_spades_no_contam.fasta,NzAUS95_S358_spades_no_contam.fasta,Nes1_S356_spades_no_contam.fasta,Skrap3_S361_spades_no_contam.fasta,11664_S341_spades_no_contam.fasta}	0.999204	877.005	2335
N10	t2	{GCA_023014455.1_ASM2301445v1_genomic.fna,GCA_001983365.1_ASM198336v1_genomic.fna,GCA_023014435.1_ASM2301443v1_genomic.fna,GCA_023014395.1_ASM2301439v1_genomic.fna,GCA_023014475.1_ASM2301447v1_genomic.fna,GCA_032173475.1_ASM3217347v1_genomic.fna,GCA_001983385.1_ASM198338v1_genomic.fna,GCA_020011035.1_ASM2001103v1_genomic.fna,GCA_023014405.1_ASM2301440v1_genomic.fna,GCA_001691785.3_ASM169178v3_genomic.fna,40019_S37_L007,GCA_015039365.1_Amarub1_genomic.fna,SRR36117447_contigs.fasta,Amapyr1_AssemblyScaffolds_Repeatmasked.fasta,GCA_001691755.2_ASM169175v2_genomic.fna,GCA_003316615.1_ASM331661v1_genomic.fna,Volvo1_AssemblyScaffolds_Repeatmasked.fasta,GCA_002554575.1_Amanita_thiersii_v1.0_genomic.fna,GCA_001691775.3_ASM169177v3_genomic.fna,GCA_000497225.1_AmaJack1.0_genomic.fna,40225_S35_L007,30280_S34_L007,Amagr1_AssemblyScaffolds.fasta,SRR36145290_contigs.fasta,SRR36137136_contigs.fasta,SRR36137101_contigs.fasta,SRR36141466_contigs.fasta,NesPan3_S357_spades_no_contam.fasta,SRR36137094_contigs.fasta,SRR36118002_contigs.fasta,SRR36145299_contigs.fasta,SRR36137480_contigs.fasta,SRR36137064_contigs.fasta,20045_S349_spades_no_contam.fasta,20031_S348_spades_no_contam.fasta,GCA_054369615.1_ASM5436961v1_genomic.fna,30021_S33_L007,GCA_001691765.1_ASM169176v1_genomic.fna,30000_S38_L007,NagxHevest_S354_spades_no_contam.fasta,NagxHevestB_S355_spades_no_contam.fasta,SRR36137122_contigs.fasta,Gril1_S352_spades_no_contam.fasta,Kara3_S353_spades_no_contam.fasta,Wirz_S363_spades_no_contam.fasta,Ring1_S359_spades_no_contam.fasta,Sogn5_S362_spades_no_contam.fasta,Frag1_S351_spades_no_contam.fasta,Aus332_S350_spades_no_contam.fasta,NzAUS95_S358_spades_no_contam.fasta,Nes1_S356_spades_no_contam.fasta,Skrap3_S361_spades_no_contam.fasta,11664_S341_spades_no_contam.fasta}|{11670_S347_spades_no_contam.fasta}#{11666_S343_spades_no_contam.fasta,11667_S344_spades_no_contam.fasta}|{11665_S342_spades_no_contam.fasta,11663_S340_spades_no_contam.fasta,11662_no_contam.fasta,11669_S346_spades_no_contam.fasta,11668_S345_spades_no_contam.fasta}	0.000789886	825.148	2335
N10	t3	{11665_S342_spades_no_contam.fasta,11663_S340_spades_no_contam.fasta,11662_no_contam.fasta,11669_S346_spades_no_contam.fasta,11668_S345_spades_no_contam.fasta}|{GCA_023014455.1_ASM2301445v1_genomic.fna,GCA_001983365.1_ASM198336v1_genomic.fna,GCA_023014435.1_ASM2301443v1_genomic.fna,GCA_023014395.1_ASM2301439v1_genomic.fna,GCA_023014475.1_ASM2301447v1_genomic.fna,GCA_032173475.1_ASM3217347v1_genomic.fna,GCA_001983385.1_ASM198338v1_genomic.fna,GCA_020011035.1_ASM2001103v1_genomic.fna,GCA_023014405.1_ASM2301440v1_genomic.fna,GCA_001691785.3_ASM169178v3_genomic.fna,40019_S37_L007,GCA_015039365.1_Amarub1_genomic.fna,SRR36117447_contigs.fasta,Amapyr1_AssemblyScaffolds_Repeatmasked.fasta,GCA_001691755.2_ASM169175v2_genomic.fna,GCA_003316615.1_ASM331661v1_genomic.fna,Volvo1_AssemblyScaffolds_Repeatmasked.fasta,GCA_002554575.1_Amanita_thiersii_v1.0_genomic.fna,GCA_001691775.3_ASM169177v3_genomic.fna,GCA_000497225.1_AmaJack1.0_genomic.fna,40225_S35_L007,30280_S34_L007,Amagr1_AssemblyScaffolds.fasta,SRR36145290_contigs.fasta,SRR36137136_contigs.fasta,SRR36137101_contigs.fasta,SRR36141466_contigs.fasta,NesPan3_S357_spades_no_contam.fasta,SRR36137094_contigs.fasta,SRR36118002_contigs.fasta,SRR36145299_contigs.fasta,SRR36137480_contigs.fasta,SRR36137064_contigs.fasta,20045_S349_spades_no_contam.fasta,20031_S348_spades_no_contam.fasta,GCA_054369615.1_ASM5436961v1_genomic.fna,30021_S33_L007,GCA_001691765.1_ASM169176v1_genomic.fna,30000_S38_L007,NagxHevest_S354_spades_no_contam.fasta,NagxHevestB_S355_spades_no_contam.fasta,SRR36137122_contigs.fasta,Gril1_S352_spades_no_contam.fasta,Kara3_S353_spades_no_contam.fasta,Wirz_S363_spades_no_contam.fasta,Ring1_S359_spades_no_contam.fasta,Sogn5_S362_spades_no_contam.fasta,Frag1_S351_spades_no_contam.fasta,Aus332_S350_spades_no_contam.fasta,NzAUS95_S358_spades_no_contam.fasta,Nes1_S356_spades_no_contam.fasta,Skrap3_S361_spades_no_contam.fasta,11664_S341_spades_no_contam.fasta}#{11666_S343_spades_no_contam.fasta,11667_S344_spades_no_contam.fasta}|{11670_S347_spades_no_contam.fasta}	6.00527e-06	632.847	2335
N11	t1	{11666_S343_spades_no_contam.fasta}|{11667_S344_spades_no_contam.fasta}#{11665_S342_spades_no_contam.fasta,11663_S340_spades_no_contam.fasta,11662_no_contam.fasta,11669_S346_spades_no_contam.fasta,11668_S345_spades_no_contam.fasta,11670_S347_spades_no_contam.fasta}|{GCA_023014455.1_ASM2301445v1_genomic.fna,GCA_001983365.1_ASM198336v1_genomic.fna,GCA_023014435.1_ASM2301443v1_genomic.fna,GCA_023014395.1_ASM2301439v1_genomic.fna,GCA_023014475.1_ASM2301447v1_genomic.fna,GCA_032173475.1_ASM3217347v1_genomic.fna,GCA_001983385.1_ASM198338v1_genomic.fna,GCA_020011035.1_ASM2001103v1_genomic.fna,GCA_023014405.1_ASM2301440v1_genomic.fna,GCA_001691785.3_ASM169178v3_genomic.fna,40019_S37_L007,GCA_015039365.1_Amarub1_genomic.fna,SRR36117447_contigs.fasta,Amapyr1_AssemblyScaffolds_Repeatmasked.fasta,GCA_001691755.2_ASM169175v2_genomic.fna,GCA_003316615.1_ASM331661v1_genomic.fna,Volvo1_AssemblyScaffolds_Repeatmasked.fasta,GCA_002554575.1_Amanita_thiersii_v1.0_genomic.fna,GCA_001691775.3_ASM169177v3_genomic.fna,GCA_000497225.1_AmaJack1.0_genomic.fna,40225_S35_L007,30280_S34_L007,Amagr1_AssemblyScaffolds.fasta,SRR36145290_contigs.fasta,SRR36137136_contigs.fasta,SRR36137101_contigs.fasta,SRR36141466_contigs.fasta,NesPan3_S357_spades_no_contam.fasta,SRR36137094_contigs.fasta,SRR36118002_contigs.fasta,SRR36145299_contigs.fasta,SRR36137480_contigs.fasta,SRR36137064_contigs.fasta,20045_S349_spades_no_contam.fasta,20031_S348_spades_no_contam.fasta,GCA_054369615.1_ASM5436961v1_genomic.fna,30021_S33_L007,GCA_001691765.1_ASM169176v1_genomic.fna,30000_S38_L007,NagxHevest_S354_spades_no_contam.fasta,NagxHevestB_S355_spades_no_contam.fasta,SRR36137122_contigs.fasta,Gril1_S352_spades_no_contam.fasta,Kara3_S353_spades_no_contam.fasta,Wirz_S363_spades_no_contam.fasta,Ring1_S359_spades_no_contam.fasta,Sogn5_S362_spades_no_contam.fasta,Frag1_S351_spades_no_contam.fasta,Aus332_S350_spades_no_contam.fasta,NzAUS95_S358_spades_no_contam.fasta,Nes1_S356_spades_no_contam.fasta,Skrap3_S361_spades_no_contam.fasta,11664_S341_spades_no_contam.fasta}	1	987.414	2318
N11	t2	{GCA_023014455.1_ASM2301445v1_genomic.fna,GCA_001983365.1_ASM198336v1_genomic.fna,GCA_023014435.1_ASM2301443v1_genomic.fna,GCA_023014395.1_ASM2301439v1_genomic.fna,GCA_023014475.1_ASM2301447v1_genomic.fna,GCA_032173475.1_ASM3217347v1_genomic.fna,GCA_001983385.1_ASM198338v1_genomic.fna,GCA_020011035.1_ASM2001103v1_genomic.fna,GCA_023014405.1_ASM2301440v1_genomic.fna,GCA_001691785.3_ASM169178v3_genomic.fna,40019_S37_L007,GCA_015039365.1_Amarub1_genomic.fna,SRR36117447_contigs.fasta,Amapyr1_AssemblyScaffolds_Repeatmasked.fasta,GCA_001691755.2_ASM169175v2_genomic.fna,GCA_003316615.1_ASM331661v1_genomic.fna,Volvo1_AssemblyScaffolds_Repeatmasked.fasta,GCA_002554575.1_Amanita_thiersii_v1.0_genomic.fna,GCA_001691775.3_ASM169177v3_genomic.fna,GCA_000497225.1_AmaJack1.0_genomic.fna,40225_S35_L007,30280_S34_L007,Amagr1_AssemblyScaffolds.fasta,SRR36145290_contigs.fasta,SRR36137136_contigs.fasta,SRR36137101_contigs.fasta,SRR36141466_contigs.fasta,NesPan3_S357_spades_no_contam.fasta,SRR36137094_contigs.fasta,SRR36118002_contigs.fasta,SRR36145299_contigs.fasta,SRR36137480_contigs.fasta,SRR36137064_contigs.fasta,20045_S349_spades_no_contam.fasta,20031_S348_spades_no_contam.fasta,GCA_054369615.1_ASM5436961v1_genomic.fna,30021_S33_L007,GCA_001691765.1_ASM169176v1_genomic.fna,30000_S38_L007,NagxHevest_S354_spades_no_contam.fasta,NagxHevestB_S355_spades_no_contam.fasta,SRR36137122_contigs.fasta,Gril1_S352_spades_no_contam.fasta,Kara3_S353_spades_no_contam.fasta,Wirz_S363_spades_no_contam.fasta,Ring1_S359_spades_no_contam.fasta,Sogn5_S362_spades_no_contam.fasta,Frag1_S351_spades_no_contam.fasta,Aus332_S350_spades_no_contam.fasta,NzAUS95_S358_spades_no_contam.fasta,Nes1_S356_spades_no_contam.fasta,Skrap3_S361_spades_no_contam.fasta,11664_S341_spades_no_contam.fasta}|{11667_S344_spades_no_contam.fasta}#{11665_S342_spades_no_contam.fasta,11663_S340_spades_no_contam.fasta,11662_no_contam.fasta,11669_S346_spades_no_contam.fasta,11668_S345_spades_no_contam.fasta,11670_S347_spades_no_contam.fasta}|{11666_S343_spades_no_contam.fasta}	0	708.352	2318
N11	t3	{11666_S343_spades_no_contam.fasta}|{GCA_023014455.1_ASM2301445v1_genomic.fna,GCA_001983365.1_ASM198336v1_genomic.fna,GCA_023014435.1_ASM2301443v1_genomic.fna,GCA_023014395.1_ASM2301439v1_genomic.fna,GCA_023014475.1_ASM2301447v1_genomic.fna,GCA_032173475.1_ASM3217347v1_genomic.fna,GCA_001983385.1_ASM198338v1_genomic.fna,GCA_020011035.1_ASM2001103v1_genomic.fna,GCA_023014405.1_ASM2301440v1_genomic.fna,GCA_001691785.3_ASM169178v3_genomic.fna,40019_S37_L007,GCA_015039365.1_Amarub1_genomic.fna,SRR36117447_contigs.fasta,Amapyr1_AssemblyScaffolds_Repeatmasked.fasta,GCA_001691755.2_ASM169175v2_genomic.fna,GCA_003316615.1_ASM331661v1_genomic.fna,Volvo1_AssemblyScaffolds_Repeatmasked.fasta,GCA_002554575.1_Amanita_thiersii_v1.0_genomic.fna,GCA_001691775.3_ASM169177v3_genomic.fna,GCA_000497225.1_AmaJack1.0_genomic.fna,40225_S35_L007,30280_S34_L007,Amagr1_AssemblyScaffolds.fasta,SRR36145290_contigs.fasta,SRR36137136_contigs.fasta,SRR36137101_contigs.fasta,SRR36141466_contigs.fasta,NesPan3_S357_spades_no_contam.fasta,SRR36137094_contigs.fasta,SRR36118002_contigs.fasta,SRR36145299_contigs.fasta,SRR36137480_contigs.fasta,SRR36137064_contigs.fasta,20045_S349_spades_no_contam.fasta,20031_S348_spades_no_contam.fasta,GCA_054369615.1_ASM5436961v1_genomic.fna,30021_S33_L007,GCA_001691765.1_ASM169176v1_genomic.fna,30000_S38_L007,NagxHevest_S354_spades_no_contam.fasta,NagxHevestB_S355_spades_no_contam.fasta,SRR36137122_contigs.fasta,Gril1_S352_spades_no_contam.fasta,Kara3_S353_spades_no_contam.fasta,Wirz_S363_spades_no_contam.fasta,Ring1_S359_spades_no_contam.fasta,Sogn5_S362_spades_no_contam.fasta,Frag1_S351_spades_no_contam.fasta,Aus332_S350_spades_no_contam.fasta,NzAUS95_S358_spades_no_contam.fasta,Nes1_S356_spades_no_contam.fasta,Skrap3_S361_spades_no_contam.fasta,11664_S341_spades_no_contam.fasta}#{11665_S342_spades_no_contam.fasta,11663_S340_spades_no_contam.fasta,11662_no_contam.fasta,11669_S346_spades_no_contam.fasta,11668_S345_spades_no_contam.fasta,11670_S347_spades_no_contam.fasta}|{11667_S344_spades_no_contam.fasta}	0	622.234	2318
N12	t1	{11665_S342_spades_no_contam.fasta,11663_S340_spades_no_contam.fasta,11662_no_contam.fasta,11669_S346_spades_no_contam.fasta,11668_S345_spades_no_contam.fasta,11670_S347_spades_no_contam.fasta}|{11666_S343_spades_no_contam.fasta,11667_S344_spades_no_contam.fasta}#{11664_S341_spades_no_contam.fasta}|{GCA_023014455.1_ASM2301445v1_genomic.fna,GCA_001983365.1_ASM198336v1_genomic.fna,GCA_023014435.1_ASM2301443v1_genomic.fna,GCA_023014395.1_ASM2301439v1_genomic.fna,GCA_023014475.1_ASM2301447v1_genomic.fna,GCA_032173475.1_ASM3217347v1_genomic.fna,GCA_001983385.1_ASM198338v1_genomic.fna,GCA_020011035.1_ASM2001103v1_genomic.fna,GCA_023014405.1_ASM2301440v1_genomic.fna,GCA_001691785.3_ASM169178v3_genomic.fna,40019_S37_L007,GCA_015039365.1_Amarub1_genomic.fna,SRR36117447_contigs.fasta,Amapyr1_AssemblyScaffolds_Repeatmasked.fasta,GCA_001691755.2_ASM169175v2_genomic.fna,GCA_003316615.1_ASM331661v1_genomic.fna,Volvo1_AssemblyScaffolds_Repeatmasked.fasta,GCA_002554575.1_Amanita_thiersii_v1.0_genomic.fna,GCA_001691775.3_ASM169177v3_genomic.fna,GCA_000497225.1_AmaJack1.0_genomic.fna,40225_S35_L007,30280_S34_L007,Amagr1_AssemblyScaffolds.fasta,SRR36145290_contigs.fasta,SRR36137136_contigs.fasta,SRR36137101_contigs.fasta,SRR36141466_contigs.fasta,NesPan3_S357_spades_no_contam.fasta,SRR36137094_contigs.fasta,SRR36118002_contigs.fasta,SRR36145299_contigs.fasta,SRR36137480_contigs.fasta,SRR36137064_contigs.fasta,20045_S349_spades_no_contam.fasta,20031_S348_spades_no_contam.fasta,GCA_054369615.1_ASM5436961v1_genomic.fna,30021_S33_L007,GCA_001691765.1_ASM169176v1_genomic.fna,30000_S38_L007,NagxHevest_S354_spades_no_contam.fasta,NagxHevestB_S355_spades_no_contam.fasta,SRR36137122_contigs.fasta,Gril1_S352_spades_no_contam.fasta,Kara3_S353_spades_no_contam.fasta,Wirz_S363_spades_no_contam.fasta,Ring1_S359_spades_no_contam.fasta,Sogn5_S362_spades_no_contam.fasta,Frag1_S351_spades_no_contam.fasta,Aus332_S350_spades_no_contam.fasta,NzAUS95_S358_spades_no_contam.fasta,Nes1_S356_spades_no_contam.fasta,Skrap3_S361_spades_no_contam.fasta}	1	916.591	2314
N12	t2	{GCA_023014455.1_ASM2301445v1_genomic.fna,GCA_001983365.1_ASM198336v1_genomic.fna,GCA_023014435.1_ASM2301443v1_genomic.fna,GCA_023014395.1_ASM2301439v1_genomic.fna,GCA_023014475.1_ASM2301447v1_genomic.fna,GCA_032173475.1_ASM3217347v1_genomic.fna,GCA_001983385.1_ASM198338v1_genomic.fna,GCA_020011035.1_ASM2001103v1_genomic.fna,GCA_023014405.1_ASM2301440v1_genomic.fna,GCA_001691785.3_ASM169178v3_genomic.fna,40019_S37_L007,GCA_015039365.1_Amarub1_genomic.fna,SRR36117447_contigs.fasta,Amapyr1_AssemblyScaffolds_Repeatmasked.fasta,GCA_001691755.2_ASM169175v2_genomic.fna,GCA_003316615.1_ASM331661v1_genomic.fna,Volvo1_AssemblyScaffolds_Repeatmasked.fasta,GCA_002554575.1_Amanita_thiersii_v1.0_genomic.fna,GCA_001691775.3_ASM169177v3_genomic.fna,GCA_000497225.1_AmaJack1.0_genomic.fna,40225_S35_L007,30280_S34_L007,Amagr1_AssemblyScaffolds.fasta,SRR36145290_contigs.fasta,SRR36137136_contigs.fasta,SRR36137101_contigs.fasta,SRR36141466_contigs.fasta,NesPan3_S357_spades_no_contam.fasta,SRR36137094_contigs.fasta,SRR36118002_contigs.fasta,SRR36145299_contigs.fasta,SRR36137480_contigs.fasta,SRR36137064_contigs.fasta,20045_S349_spades_no_contam.fasta,20031_S348_spades_no_contam.fasta,GCA_054369615.1_ASM5436961v1_genomic.fna,30021_S33_L007,GCA_001691765.1_ASM169176v1_genomic.fna,30000_S38_L007,NagxHevest_S354_spades_no_contam.fasta,NagxHevestB_S355_spades_no_contam.fasta,SRR36137122_contigs.fasta,Gril1_S352_spades_no_contam.fasta,Kara3_S353_spades_no_contam.fasta,Wirz_S363_spades_no_contam.fasta,Ring1_S359_spades_no_contam.fasta,Sogn5_S362_spades_no_contam.fasta,Frag1_S351_spades_no_contam.fasta,Aus332_S350_spades_no_contam.fasta,NzAUS95_S358_spades_no_contam.fasta,Nes1_S356_spades_no_contam.fasta,Skrap3_S361_spades_no_contam.fasta}|{11666_S343_spades_no_contam.fasta,11667_S344_spades_no_contam.fasta}#{11664_S341_spades_no_contam.fasta}|{11665_S342_spades_no_contam.fasta,11663_S340_spades_no_contam.fasta,11662_no_contam.fasta,11669_S346_spades_no_contam.fasta,11668_S345_spades_no_contam.fasta,11670_S347_spades_no_contam.fasta}	0	789.245	2314
N12	t3	{11665_S342_spades_no_contam.fasta,11663_S340_spades_no_contam.fasta,11662_no_contam.fasta,11669_S346_spades_no_contam.fasta,11668_S345_spades_no_contam.fasta,11670_S347_spades_no_contam.fasta}|{GCA_023014455.1_ASM2301445v1_genomic.fna,GCA_001983365.1_ASM198336v1_genomic.fna,GCA_023014435.1_ASM2301443v1_genomic.fna,GCA_023014395.1_ASM2301439v1_genomic.fna,GCA_023014475.1_ASM2301447v1_genomic.fna,GCA_032173475.1_ASM3217347v1_genomic.fna,GCA_001983385.1_ASM198338v1_genomic.fna,GCA_020011035.1_ASM2001103v1_genomic.fna,GCA_023014405.1_ASM2301440v1_genomic.fna,GCA_001691785.3_ASM169178v3_genomic.fna,40019_S37_L007,GCA_015039365.1_Amarub1_genomic.fna,SRR36117447_contigs.fasta,Amapyr1_AssemblyScaffolds_Repeatmasked.fasta,GCA_001691755.2_ASM169175v2_genomic.fna,GCA_003316615.1_ASM331661v1_genomic.fna,Volvo1_AssemblyScaffolds_Repeatmasked.fasta,GCA_002554575.1_Amanita_thiersii_v1.0_genomic.fna,GCA_001691775.3_ASM169177v3_genomic.fna,GCA_000497225.1_AmaJack1.0_genomic.fna,40225_S35_L007,30280_S34_L007,Amagr1_AssemblyScaffolds.fasta,SRR36145290_contigs.fasta,SRR36137136_contigs.fasta,SRR36137101_contigs.fasta,SRR36141466_contigs.fasta,NesPan3_S357_spades_no_contam.fasta,SRR36137094_contigs.fasta,SRR36118002_contigs.fasta,SRR36145299_contigs.fasta,SRR36137480_contigs.fasta,SRR36137064_contigs.fasta,20045_S349_spades_no_contam.fasta,20031_S348_spades_no_contam.fasta,GCA_054369615.1_ASM5436961v1_genomic.fna,30021_S33_L007,GCA_001691765.1_ASM169176v1_genomic.fna,30000_S38_L007,NagxHevest_S354_spades_no_contam.fasta,NagxHevestB_S355_spades_no_contam.fasta,SRR36137122_contigs.fasta,Gril1_S352_spades_no_contam.fasta,Kara3_S353_spades_no_contam.fasta,Wirz_S363_spades_no_contam.fasta,Ring1_S359_spades_no_contam.fasta,Sogn5_S362_spades_no_contam.fasta,Frag1_S351_spades_no_contam.fasta,Aus332_S350_spades_no_contam.fasta,NzAUS95_S358_spades_no_contam.fasta,Nes1_S356_spades_no_contam.fasta,Skrap3_S361_spades_no_contam.fasta}#{11664_S341_spades_no_contam.fasta}|{11666_S343_spades_no_contam.fasta,11667_S344_spades_no_contam.fasta}	0	608.164	2314
N13	t1	{11665_S342_spades_no_contam.fasta,11663_S340_spades_no_contam.fasta,11662_no_contam.fasta,11669_S346_spades_no_contam.fasta,11668_S345_spades_no_contam.fasta,11670_S347_spades_no_contam.fasta,11666_S343_spades_no_contam.fasta,11667_S344_spades_no_contam.fasta}|{11664_S341_spades_no_contam.fasta}#{Aus332_S350_spades_no_contam.fasta,NzAUS95_S358_spades_no_contam.fasta,Nes1_S356_spades_no_contam.fasta,Skrap3_S361_spades_no_contam.fasta}|{GCA_023014455.1_ASM2301445v1_genomic.fna,GCA_001983365.1_ASM198336v1_genomic.fna,GCA_023014435.1_ASM2301443v1_genomic.fna,GCA_023014395.1_ASM2301439v1_genomic.fna,GCA_023014475.1_ASM2301447v1_genomic.fna,GCA_032173475.1_ASM3217347v1_genomic.fna,GCA_001983385.1_ASM198338v1_genomic.fna,GCA_020011035.1_ASM2001103v1_genomic.fna,GCA_023014405.1_ASM2301440v1_genomic.fna,GCA_001691785.3_ASM169178v3_genomic.fna,40019_S37_L007,GCA_015039365.1_Amarub1_genomic.fna,SRR36117447_contigs.fasta,Amapyr1_AssemblyScaffolds_Repeatmasked.fasta,GCA_001691755.2_ASM169175v2_genomic.fna,GCA_003316615.1_ASM331661v1_genomic.fna,Volvo1_AssemblyScaffolds_Repeatmasked.fasta,GCA_002554575.1_Amanita_thiersii_v1.0_genomic.fna,GCA_001691775.3_ASM169177v3_genomic.fna,GCA_000497225.1_AmaJack1.0_genomic.fna,40225_S35_L007,30280_S34_L007,Amagr1_AssemblyScaffolds.fasta,SRR36145290_contigs.fasta,SRR36137136_contigs.fasta,SRR36137101_contigs.fasta,SRR36141466_contigs.fasta,NesPan3_S357_spades_no_contam.fasta,SRR36137094_contigs.fasta,SRR36118002_contigs.fasta,SRR36145299_contigs.fasta,SRR36137480_contigs.fasta,SRR36137064_contigs.fasta,20045_S349_spades_no_contam.fasta,20031_S348_spades_no_contam.fasta,GCA_054369615.1_ASM5436961v1_genomic.fna,30021_S33_L007,GCA_001691765.1_ASM169176v1_genomic.fna,30000_S38_L007,NagxHevest_S354_spades_no_contam.fasta,NagxHevestB_S355_spades_no_contam.fasta,SRR36137122_contigs.fasta,Gril1_S352_spades_no_contam.fasta,Kara3_S353_spades_no_contam.fasta,Wirz_S363_spades_no_contam.fasta,Ring1_S359_spades_no_contam.fasta,Sogn5_S362_spades_no_contam.fasta,Frag1_S351_spades_no_contam.fasta}	1	1073.63	2361
N13	t2	{GCA_023014455.1_ASM2301445v1_genomic.fna,GCA_001983365.1_ASM198336v1_genomic.fna,GCA_023014435.1_ASM2301443v1_genomic.fna,GCA_023014395.1_ASM2301439v1_genomic.fna,GCA_023014475.1_ASM2301447v1_genomic.fna,GCA_032173475.1_ASM3217347v1_genomic.fna,GCA_001983385.1_ASM198338v1_genomic.fna,GCA_020011035.1_ASM2001103v1_genomic.fna,GCA_023014405.1_ASM2301440v1_genomic.fna,GCA_001691785.3_ASM169178v3_genomic.fna,40019_S37_L007,GCA_015039365.1_Amarub1_genomic.fna,SRR36117447_contigs.fasta,Amapyr1_AssemblyScaffolds_Repeatmasked.fasta,GCA_001691755.2_ASM169175v2_genomic.fna,GCA_003316615.1_ASM331661v1_genomic.fna,Volvo1_AssemblyScaffolds_Repeatmasked.fasta,GCA_002554575.1_Amanita_thiersii_v1.0_genomic.fna,GCA_001691775.3_ASM169177v3_genomic.fna,GCA_000497225.1_AmaJack1.0_genomic.fna,40225_S35_L007,30280_S34_L007,Amagr1_AssemblyScaffolds.fasta,SRR36145290_contigs.fasta,SRR36137136_contigs.fasta,SRR36137101_contigs.fasta,SRR36141466_contigs.fasta,NesPan3_S357_spades_no_contam.fasta,SRR36137094_contigs.fasta,SRR36118002_contigs.fasta,SRR36145299_contigs.fasta,SRR36137480_contigs.fasta,SRR36137064_contigs.fasta,20045_S349_spades_no_contam.fasta,20031_S348_spades_no_contam.fasta,GCA_054369615.1_ASM5436961v1_genomic.fna,30021_S33_L007,GCA_001691765.1_ASM169176v1_genomic.fna,30000_S38_L007,NagxHevest_S354_spades_no_contam.fasta,NagxHevestB_S355_spades_no_contam.fasta,SRR36137122_contigs.fasta,Gril1_S352_spades_no_contam.fasta,Kara3_S353_spades_no_contam.fasta,Wirz_S363_spades_no_contam.fasta,Ring1_S359_spades_no_contam.fasta,Sogn5_S362_spades_no_contam.fasta,Frag1_S351_spades_no_contam.fasta}|{11664_S341_spades_no_contam.fasta}#{Aus332_S350_spades_no_contam.fasta,NzAUS95_S358_spades_no_contam.fasta,Nes1_S356_spades_no_contam.fasta,Skrap3_S361_spades_no_contam.fasta}|{11665_S342_spades_no_contam.fasta,11663_S340_spades_no_contam.fasta,11662_no_contam.fasta,11669_S346_spades_no_contam.fasta,11668_S345_spades_no_contam.fasta,11670_S347_spades_no_contam.fasta,11666_S343_spades_no_contam.fasta,11667_S344_spades_no_contam.fasta}	0	714.115	2361
N13	t3	{11665_S342_spades_no_contam.fasta,11663_S340_spades_no_contam.fasta,11662_no_contam.fasta,11669_S346_spades_no_contam.fasta,11668_S345_spades_no_contam.fasta,11670_S347_spades_no_contam.fasta,11666_S343_spades_no_contam.fasta,11667_S344_spades_no_contam.fasta}|{GCA_023014455.1_ASM2301445v1_genomic.fna,GCA_001983365.1_ASM198336v1_genomic.fna,GCA_023014435.1_ASM2301443v1_genomic.fna,GCA_023014395.1_ASM2301439v1_genomic.fna,GCA_023014475.1_ASM2301447v1_genomic.fna,GCA_032173475.1_ASM3217347v1_genomic.fna,GCA_001983385.1_ASM198338v1_genomic.fna,GCA_020011035.1_ASM2001103v1_genomic.fna,GCA_023014405.1_ASM2301440v1_genomic.fna,GCA_001691785.3_ASM169178v3_genomic.fna,40019_S37_L007,GCA_015039365.1_Amarub1_genomic.fna,SRR36117447_contigs.fasta,Amapyr1_AssemblyScaffolds_Repeatmasked.fasta,GCA_001691755.2_ASM169175v2_genomic.fna,GCA_003316615.1_ASM331661v1_genomic.fna,Volvo1_AssemblyScaffolds_Repeatmasked.fasta,GCA_002554575.1_Amanita_thiersii_v1.0_genomic.fna,GCA_001691775.3_ASM169177v3_genomic.fna,GCA_000497225.1_AmaJack1.0_genomic.fna,40225_S35_L007,30280_S34_L007,Amagr1_AssemblyScaffolds.fasta,SRR36145290_contigs.fasta,SRR36137136_contigs.fasta,SRR36137101_contigs.fasta,SRR36141466_contigs.fasta,NesPan3_S357_spades_no_contam.fasta,SRR36137094_contigs.fasta,SRR36118002_contigs.fasta,SRR36145299_contigs.fasta,SRR36137480_contigs.fasta,SRR36137064_contigs.fasta,20045_S349_spades_no_contam.fasta,20031_S348_spades_no_contam.fasta,GCA_054369615.1_ASM5436961v1_genomic.fna,30021_S33_L007,GCA_001691765.1_ASM169176v1_genomic.fna,30000_S38_L007,NagxHevest_S354_spades_no_contam.fasta,NagxHevestB_S355_spades_no_contam.fasta,SRR36137122_contigs.fasta,Gril1_S352_spades_no_contam.fasta,Kara3_S353_spades_no_contam.fasta,Wirz_S363_spades_no_contam.fasta,Ring1_S359_spades_no_contam.fasta,Sogn5_S362_spades_no_contam.fasta,Frag1_S351_spades_no_contam.fasta}#{Aus332_S350_spades_no_contam.fasta,NzAUS95_S358_spades_no_contam.fasta,Nes1_S356_spades_no_contam.fasta,Skrap3_S361_spades_no_contam.fasta}|{11664_S341_spades_no_contam.fasta}	0	573.252	2361
N14	t1	{Aus332_S350_spades_no_contam.fasta,NzAUS95_S358_spades_no_contam.fasta,Nes1_S356_spades_no_contam.fasta,Skrap3_S361_spades_no_contam.fasta}|{11665_S342_spades_no_contam.fasta,11663_S340_spades_no_contam.fasta,11662_no_contam.fasta,11669_S346_spades_no_contam.fasta,11668_S345_spades_no_contam.fasta,11670_S347_spades_no_contam.fasta,11666_S343_spades_no_contam.fasta,11667_S344_spades_no_contam.fasta,11664_S341_spades_no_contam.fasta}#{Frag1_S351_spades_no_contam.fasta}|{GCA_023014455.1_ASM2301445v1_genomic.fna,GCA_001983365.1_ASM198336v1_genomic.fna,GCA_023014435.1_ASM2301443v1_genomic.fna,GCA_023014395.1_ASM2301439v1_genomic.fna,GCA_023014475.1_ASM2301447v1_genomic.fna,GCA_032173475.1_ASM3217347v1_genomic.fna,GCA_001983385.1_ASM198338v1_genomic.fna,GCA_020011035.1_ASM2001103v1_genomic.fna,GCA_023014405.1_ASM2301440v1_genomic.fna,GCA_001691785.3_ASM169178v3_genomic.fna,40019_S37_L007,GCA_015039365.1_Amarub1_genomic.fna,SRR36117447_contigs.fasta,Amapyr1_AssemblyScaffolds_Repeatmasked.fasta,GCA_001691755.2_ASM169175v2_genomic.fna,GCA_003316615.1_ASM331661v1_genomic.fna,Volvo1_AssemblyScaffolds_Repeatmasked.fasta,GCA_002554575.1_Amanita_thiersii_v1.0_genomic.fna,GCA_001691775.3_ASM169177v3_genomic.fna,GCA_000497225.1_AmaJack1.0_genomic.fna,40225_S35_L007,30280_S34_L007,Amagr1_AssemblyScaffolds.fasta,SRR36145290_contigs.fasta,SRR36137136_contigs.fasta,SRR36137101_contigs.fasta,SRR36141466_contigs.fasta,NesPan3_S357_spades_no_contam.fasta,SRR36137094_contigs.fasta,SRR36118002_contigs.fasta,SRR36145299_contigs.fasta,SRR36137480_contigs.fasta,SRR36137064_contigs.fasta,20045_S349_spades_no_contam.fasta,20031_S348_spades_no_contam.fasta,GCA_054369615.1_ASM5436961v1_genomic.fna,30021_S33_L007,GCA_001691765.1_ASM169176v1_genomic.fna,30000_S38_L007,NagxHevest_S354_spades_no_contam.fasta,NagxHevestB_S355_spades_no_contam.fasta,SRR36137122_contigs.fasta,Gril1_S352_spades_no_contam.fasta,Kara3_S353_spades_no_contam.fasta,Wirz_S363_spades_no_contam.fasta,Ring1_S359_spades_no_contam.fasta,Sogn5_S362_spades_no_contam.fasta}	0.430274	768.892	2282
N14	t2	{GCA_023014455.1_ASM2301445v1_genomic.fna,GCA_001983365.1_ASM198336v1_genomic.fna,GCA_023014435.1_ASM2301443v1_genomic.fna,GCA_023014395.1_ASM2301439v1_genomic.fna,GCA_023014475.1_ASM2301447v1_genomic.fna,GCA_032173475.1_ASM3217347v1_genomic.fna,GCA_001983385.1_ASM198338v1_genomic.fna,GCA_020011035.1_ASM2001103v1_genomic.fna,GCA_023014405.1_ASM2301440v1_genomic.fna,GCA_001691785.3_ASM169178v3_genomic.fna,40019_S37_L007,GCA_015039365.1_Amarub1_genomic.fna,SRR36117447_contigs.fasta,Amapyr1_AssemblyScaffolds_Repeatmasked.fasta,GCA_001691755.2_ASM169175v2_genomic.fna,GCA_003316615.1_ASM331661v1_genomic.fna,Volvo1_AssemblyScaffolds_Repeatmasked.fasta,GCA_002554575.1_Amanita_thiersii_v1.0_genomic.fna,GCA_001691775.3_ASM169177v3_genomic.fna,GCA_000497225.1_AmaJack1.0_genomic.fna,40225_S35_L007,30280_S34_L007,Amagr1_AssemblyScaffolds.fasta,SRR36145290_contigs.fasta,SRR36137136_contigs.fasta,SRR36137101_contigs.fasta,SRR36141466_contigs.fasta,NesPan3_S357_spades_no_contam.fasta,SRR36137094_contigs.fasta,SRR36118002_contigs.fasta,SRR36145299_contigs.fasta,SRR36137480_contigs.fasta,SRR36137064_contigs.fasta,20045_S349_spades_no_contam.fasta,20031_S348_spades_no_contam.fasta,GCA_054369615.1_ASM5436961v1_genomic.fna,30021_S33_L007,GCA_001691765.1_ASM169176v1_genomic.fna,30000_S38_L007,NagxHevest_S354_spades_no_contam.fasta,NagxHevestB_S355_spades_no_contam.fasta,SRR36137122_contigs.fasta,Gril1_S352_spades_no_contam.fasta,Kara3_S353_spades_no_contam.fasta,Wirz_S363_spades_no_contam.fasta,Ring1_S359_spades_no_contam.fasta,Sogn5_S362_spades_no_contam.fasta}|{11665_S342_spades_no_contam.fasta,11663_S340_spades_no_contam.fasta,11662_no_contam.fasta,11669_S346_spades_no_contam.fasta,11668_S345_spades_no_contam.fasta,11670_S347_spades_no_contam.fasta,11666_S343_spades_no_contam.fasta,11667_S344_spades_no_contam.fasta,11664_S341_spades_no_contam.fasta}#{Frag1_S351_spades_no_contam.fasta}|{Aus332_S350_spades_no_contam.fasta,NzAUS95_S358_spades_no_contam.fasta,Nes1_S356_spades_no_contam.fasta,Skrap3_S361_spades_no_contam.fasta}	0.351708	763.835	2282
N14	t3	{Aus332_S350_spades_no_contam.fasta,NzAUS95_S358_spades_no_contam.fasta,Nes1_S356_spades_no_contam.fasta,Skrap3_S361_spades_no_contam.fasta}|{GCA_023014455.1_ASM2301445v1_genomic.fna,GCA_001983365.1_ASM198336v1_genomic.fna,GCA_023014435.1_ASM2301443v1_genomic.fna,GCA_023014395.1_ASM2301439v1_genomic.fna,GCA_023014475.1_ASM2301447v1_genomic.fna,GCA_032173475.1_ASM3217347v1_genomic.fna,GCA_001983385.1_ASM198338v1_genomic.fna,GCA_020011035.1_ASM2001103v1_genomic.fna,GCA_023014405.1_ASM2301440v1_genomic.fna,GCA_001691785.3_ASM169178v3_genomic.fna,40019_S37_L007,GCA_015039365.1_Amarub1_genomic.fna,SRR36117447_contigs.fasta,Amapyr1_AssemblyScaffolds_Repeatmasked.fasta,GCA_001691755.2_ASM169175v2_genomic.fna,GCA_003316615.1_ASM331661v1_genomic.fna,Volvo1_AssemblyScaffolds_Repeatmasked.fasta,GCA_002554575.1_Amanita_thiersii_v1.0_genomic.fna,GCA_001691775.3_ASM169177v3_genomic.fna,GCA_000497225.1_AmaJack1.0_genomic.fna,40225_S35_L007,30280_S34_L007,Amagr1_AssemblyScaffolds.fasta,SRR36145290_contigs.fasta,SRR36137136_contigs.fasta,SRR36137101_contigs.fasta,SRR36141466_contigs.fasta,NesPan3_S357_spades_no_contam.fasta,SRR36137094_contigs.fasta,SRR36118002_contigs.fasta,SRR36145299_contigs.fasta,SRR36137480_contigs.fasta,SRR36137064_contigs.fasta,20045_S349_spades_no_contam.fasta,20031_S348_spades_no_contam.fasta,GCA_054369615.1_ASM5436961v1_genomic.fna,30021_S33_L007,GCA_001691765.1_ASM169176v1_genomic.fna,30000_S38_L007,NagxHevest_S354_spades_no_contam.fasta,NagxHevestB_S355_spades_no_contam.fasta,SRR36137122_contigs.fasta,Gril1_S352_spades_no_contam.fasta,Kara3_S353_spades_no_contam.fasta,Wirz_S363_spades_no_contam.fasta,Ring1_S359_spades_no_contam.fasta,Sogn5_S362_spades_no_contam.fasta}#{Frag1_S351_spades_no_contam.fasta}|{11665_S342_spades_no_contam.fasta,11663_S340_spades_no_contam.fasta,11662_no_contam.fasta,11669_S346_spades_no_contam.fasta,11668_S345_spades_no_contam.fasta,11670_S347_spades_no_contam.fasta,11666_S343_spades_no_contam.fasta,11667_S344_spades_no_contam.fasta,11664_S341_spades_no_contam.fasta}	0.218018	749.274	2282
N15	t1	{Frag1_S351_spades_no_contam.fasta}|{Aus332_S350_spades_no_contam.fasta,NzAUS95_S358_spades_no_contam.fasta,Nes1_S356_spades_no_contam.fasta,Skrap3_S361_spades_no_contam.fasta,11665_S342_spades_no_contam.fasta,11663_S340_spades_no_contam.fasta,11662_no_contam.fasta,11669_S346_spades_no_contam.fasta,11668_S345_spades_no_contam.fasta,11670_S347_spades_no_contam.fasta,11666_S343_spades_no_contam.fasta,11667_S344_spades_no_contam.fasta,11664_S341_spades_no_contam.fasta}#{Sogn5_S362_spades_no_contam.fasta}|{GCA_023014455.1_ASM2301445v1_genomic.fna,GCA_001983365.1_ASM198336v1_genomic.fna,GCA_023014435.1_ASM2301443v1_genomic.fna,GCA_023014395.1_ASM2301439v1_genomic.fna,GCA_023014475.1_ASM2301447v1_genomic.fna,GCA_032173475.1_ASM3217347v1_genomic.fna,GCA_001983385.1_ASM198338v1_genomic.fna,GCA_020011035.1_ASM2001103v1_genomic.fna,GCA_023014405.1_ASM2301440v1_genomic.fna,GCA_001691785.3_ASM169178v3_genomic.fna,40019_S37_L007,GCA_015039365.1_Amarub1_genomic.fna,SRR36117447_contigs.fasta,Amapyr1_AssemblyScaffolds_Repeatmasked.fasta,GCA_001691755.2_ASM169175v2_genomic.fna,GCA_003316615.1_ASM331661v1_genomic.fna,Volvo1_AssemblyScaffolds_Repeatmasked.fasta,GCA_002554575.1_Amanita_thiersii_v1.0_genomic.fna,GCA_001691775.3_ASM169177v3_genomic.fna,GCA_000497225.1_AmaJack1.0_genomic.fna,40225_S35_L007,30280_S34_L007,Amagr1_AssemblyScaffolds.fasta,SRR36145290_contigs.fasta,SRR36137136_contigs.fasta,SRR36137101_contigs.fasta,SRR36141466_contigs.fasta,NesPan3_S357_spades_no_contam.fasta,SRR36137094_contigs.fasta,SRR36118002_contigs.fasta,SRR36145299_contigs.fasta,SRR36137480_contigs.fasta,SRR36137064_contigs.fasta,20045_S349_spades_no_contam.fasta,20031_S348_spades_no_contam.fasta,GCA_054369615.1_ASM5436961v1_genomic.fna,30021_S33_L007,GCA_001691765.1_ASM169176v1_genomic.fna,30000_S38_L007,NagxHevest_S354_spades_no_contam.fasta,NagxHevestB_S355_spades_no_contam.fasta,SRR36137122_contigs.fasta,Gril1_S352_spades_no_contam.fasta,Kara3_S353_spades_no_contam.fasta,Wirz_S363_spades_no_contam.fasta,Ring1_S359_spades_no_contam.fasta}	0.705783	734.714	2106
N15	t2	{GCA_023014455.1_ASM2301445v1_genomic.fna,GCA_001983365.1_ASM198336v1_genomic.fna,GCA_023014435.1_ASM2301443v1_genomic.fna,GCA_023014395.1_ASM2301439v1_genomic.fna,GCA_023014475.1_ASM2301447v1_genomic.fna,GCA_032173475.1_ASM3217347v1_genomic.fna,GCA_001983385.1_ASM198338v1_genomic.fna,GCA_020011035.1_ASM2001103v1_genomic.fna,GCA_023014405.1_ASM2301440v1_genomic.fna,GCA_001691785.3_ASM169178v3_genomic.fna,40019_S37_L007,GCA_015039365.1_Amarub1_genomic.fna,SRR36117447_contigs.fasta,Amapyr1_AssemblyScaffolds_Repeatmasked.fasta,GCA_001691755.2_ASM169175v2_genomic.fna,GCA_003316615.1_ASM331661v1_genomic.fna,Volvo1_AssemblyScaffolds_Repeatmasked.fasta,GCA_002554575.1_Amanita_thiersii_v1.0_genomic.fna,GCA_001691775.3_ASM169177v3_genomic.fna,GCA_000497225.1_AmaJack1.0_genomic.fna,40225_S35_L007,30280_S34_L007,Amagr1_AssemblyScaffolds.fasta,SRR36145290_contigs.fasta,SRR36137136_contigs.fasta,SRR36137101_contigs.fasta,SRR36141466_contigs.fasta,NesPan3_S357_spades_no_contam.fasta,SRR36137094_contigs.fasta,SRR36118002_contigs.fasta,SRR36145299_contigs.fasta,SRR36137480_contigs.fasta,SRR36137064_contigs.fasta,20045_S349_spades_no_contam.fasta,20031_S348_spades_no_contam.fasta,GCA_054369615.1_ASM5436961v1_genomic.fna,30021_S33_L007,GCA_001691765.1_ASM169176v1_genomic.fna,30000_S38_L007,NagxHevest_S354_spades_no_contam.fasta,NagxHevestB_S355_spades_no_contam.fasta,SRR36137122_contigs.fasta,Gril1_S352_spades_no_contam.fasta,Kara3_S353_spades_no_contam.fasta,Wirz_S363_spades_no_contam.fasta,Ring1_S359_spades_no_contam.fasta}|{Aus332_S350_spades_no_contam.fasta,NzAUS95_S358_spades_no_contam.fasta,Nes1_S356_spades_no_contam.fasta,Skrap3_S361_spades_no_contam.fasta,11665_S342_spades_no_contam.fasta,11663_S340_spades_no_contam.fasta,11662_no_contam.fasta,11669_S346_spades_no_contam.fasta,11668_S345_spades_no_contam.fasta,11670_S347_spades_no_contam.fasta,11666_S343_spades_no_contam.fasta,11667_S344_spades_no_contam.fasta,11664_S341_spades_no_contam.fasta}#{Sogn5_S362_spades_no_contam.fasta}|{Frag1_S351_spades_no_contam.fasta}	0.0364637	652.316	2106
N15	t3	{Frag1_S351_spades_no_contam.fasta}|{GCA_023014455.1_ASM2301445v1_genomic.fna,GCA_001983365.1_ASM198336v1_genomic.fna,GCA_023014435.1_ASM2301443v1_genomic.fna,GCA_023014395.1_ASM2301439v1_genomic.fna,GCA_023014475.1_ASM2301447v1_genomic.fna,GCA_032173475.1_ASM3217347v1_genomic.fna,GCA_001983385.1_ASM198338v1_genomic.fna,GCA_020011035.1_ASM2001103v1_genomic.fna,GCA_023014405.1_ASM2301440v1_genomic.fna,GCA_001691785.3_ASM169178v3_genomic.fna,40019_S37_L007,GCA_015039365.1_Amarub1_genomic.fna,SRR36117447_contigs.fasta,Amapyr1_AssemblyScaffolds_Repeatmasked.fasta,GCA_001691755.2_ASM169175v2_genomic.fna,GCA_003316615.1_ASM331661v1_genomic.fna,Volvo1_AssemblyScaffolds_Repeatmasked.fasta,GCA_002554575.1_Amanita_thiersii_v1.0_genomic.fna,GCA_001691775.3_ASM169177v3_genomic.fna,GCA_000497225.1_AmaJack1.0_genomic.fna,40225_S35_L007,30280_S34_L007,Amagr1_AssemblyScaffolds.fasta,SRR36145290_contigs.fasta,SRR36137136_contigs.fasta,SRR36137101_contigs.fasta,SRR36141466_contigs.fasta,NesPan3_S357_spades_no_contam.fasta,SRR36137094_contigs.fasta,SRR36118002_contigs.fasta,SRR36145299_contigs.fasta,SRR36137480_contigs.fasta,SRR36137064_contigs.fasta,20045_S349_spades_no_contam.fasta,20031_S348_spades_no_contam.fasta,GCA_054369615.1_ASM5436961v1_genomic.fna,30021_S33_L007,GCA_001691765.1_ASM169176v1_genomic.fna,30000_S38_L007,NagxHevest_S354_spades_no_contam.fasta,NagxHevestB_S355_spades_no_contam.fasta,SRR36137122_contigs.fasta,Gril1_S352_spades_no_contam.fasta,Kara3_S353_spades_no_contam.fasta,Wirz_S363_spades_no_contam.fasta,Ring1_S359_spades_no_contam.fasta}#{Sogn5_S362_spades_no_contam.fasta}|{Aus332_S350_spades_no_contam.fasta,NzAUS95_S358_spades_no_contam.fasta,Nes1_S356_spades_no_contam.fasta,Skrap3_S361_spades_no_contam.fasta,11665_S342_spades_no_contam.fasta,11663_S340_spades_no_contam.fasta,11662_no_contam.fasta,11669_S346_spades_no_contam.fasta,11668_S345_spades_no_contam.fasta,11670_S347_spades_no_contam.fasta,11666_S343_spades_no_contam.fasta,11667_S344_spades_no_contam.fasta,11664_S341_spades_no_contam.fasta}	0.257753	718.97	2106
N16	t1	{Frag1_S351_spades_no_contam.fasta,Aus332_S350_spades_no_contam.fasta,NzAUS95_S358_spades_no_contam.fasta,Nes1_S356_spades_no_contam.fasta,Skrap3_S361_spades_no_contam.fasta,11665_S342_spades_no_contam.fasta,11663_S340_spades_no_contam.fasta,11662_no_contam.fasta,11669_S346_spades_no_contam.fasta,11668_S345_spades_no_contam.fasta,11670_S347_spades_no_contam.fasta,11666_S343_spades_no_contam.fasta,11667_S344_spades_no_contam.fasta,11664_S341_spades_no_contam.fasta}|{Sogn5_S362_spades_no_contam.fasta}#{Ring1_S359_spades_no_contam.fasta}|{GCA_023014455.1_ASM2301445v1_genomic.fna,GCA_001983365.1_ASM198336v1_genomic.fna,GCA_023014435.1_ASM2301443v1_genomic.fna,GCA_023014395.1_ASM2301439v1_genomic.fna,GCA_023014475.1_ASM2301447v1_genomic.fna,GCA_032173475.1_ASM3217347v1_genomic.fna,GCA_001983385.1_ASM198338v1_genomic.fna,GCA_020011035.1_ASM2001103v1_genomic.fna,GCA_023014405.1_ASM2301440v1_genomic.fna,GCA_001691785.3_ASM169178v3_genomic.fna,40019_S37_L007,GCA_015039365.1_Amarub1_genomic.fna,SRR36117447_contigs.fasta,Amapyr1_AssemblyScaffolds_Repeatmasked.fasta,GCA_001691755.2_ASM169175v2_genomic.fna,GCA_003316615.1_ASM331661v1_genomic.fna,Volvo1_AssemblyScaffolds_Repeatmasked.fasta,GCA_002554575.1_Amanita_thiersii_v1.0_genomic.fna,GCA_001691775.3_ASM169177v3_genomic.fna,GCA_000497225.1_AmaJack1.0_genomic.fna,40225_S35_L007,30280_S34_L007,Amagr1_AssemblyScaffolds.fasta,SRR36145290_contigs.fasta,SRR36137136_contigs.fasta,SRR36137101_contigs.fasta,SRR36141466_contigs.fasta,NesPan3_S357_spades_no_contam.fasta,SRR36137094_contigs.fasta,SRR36118002_contigs.fasta,SRR36145299_contigs.fasta,SRR36137480_contigs.fasta,SRR36137064_contigs.fasta,20045_S349_spades_no_contam.fasta,20031_S348_spades_no_contam.fasta,GCA_054369615.1_ASM5436961v1_genomic.fna,30021_S33_L007,GCA_001691765.1_ASM169176v1_genomic.fna,30000_S38_L007,NagxHevest_S354_spades_no_contam.fasta,NagxHevestB_S355_spades_no_contam.fasta,SRR36137122_contigs.fasta,Gril1_S352_spades_no_contam.fasta,Kara3_S353_spades_no_contam.fasta,Wirz_S363_spades_no_contam.fasta}	0.598555	640.659	1872
N16	t2	{GCA_023014455.1_ASM2301445v1_genomic.fna,GCA_001983365.1_ASM198336v1_genomic.fna,GCA_023014435.1_ASM2301443v1_genomic.fna,GCA_023014395.1_ASM2301439v1_genomic.fna,GCA_023014475.1_ASM2301447v1_genomic.fna,GCA_032173475.1_ASM3217347v1_genomic.fna,GCA_001983385.1_ASM198338v1_genomic.fna,GCA_020011035.1_ASM2001103v1_genomic.fna,GCA_023014405.1_ASM2301440v1_genomic.fna,GCA_001691785.3_ASM169178v3_genomic.fna,40019_S37_L007,GCA_015039365.1_Amarub1_genomic.fna,SRR36117447_contigs.fasta,Amapyr1_AssemblyScaffolds_Repeatmasked.fasta,GCA_001691755.2_ASM169175v2_genomic.fna,GCA_003316615.1_ASM331661v1_genomic.fna,Volvo1_AssemblyScaffolds_Repeatmasked.fasta,GCA_002554575.1_Amanita_thiersii_v1.0_genomic.fna,GCA_001691775.3_ASM169177v3_genomic.fna,GCA_000497225.1_AmaJack1.0_genomic.fna,40225_S35_L007,30280_S34_L007,Amagr1_AssemblyScaffolds.fasta,SRR36145290_contigs.fasta,SRR36137136_contigs.fasta,SRR36137101_contigs.fasta,SRR36141466_contigs.fasta,NesPan3_S357_spades_no_contam.fasta,SRR36137094_contigs.fasta,SRR36118002_contigs.fasta,SRR36145299_contigs.fasta,SRR36137480_contigs.fasta,SRR36137064_contigs.fasta,20045_S349_spades_no_contam.fasta,20031_S348_spades_no_contam.fasta,GCA_054369615.1_ASM5436961v1_genomic.fna,30021_S33_L007,GCA_001691765.1_ASM169176v1_genomic.fna,30000_S38_L007,NagxHevest_S354_spades_no_contam.fasta,NagxHevestB_S355_spades_no_contam.fasta,SRR36137122_contigs.fasta,Gril1_S352_spades_no_contam.fasta,Kara3_S353_spades_no_contam.fasta,Wirz_S363_spades_no_contam.fasta}|{Sogn5_S362_spades_no_contam.fasta}#{Ring1_S359_spades_no_contam.fasta}|{Frag1_S351_spades_no_contam.fasta,Aus332_S350_spades_no_contam.fasta,NzAUS95_S358_spades_no_contam.fasta,Nes1_S356_spades_no_contam.fasta,Skrap3_S361_spades_no_contam.fasta,11665_S342_spades_no_contam.fasta,11663_S340_spades_no_contam.fasta,11662_no_contam.fasta,11669_S346_spades_no_contam.fasta,11668_S345_spades_no_contam.fasta,11670_S347_spades_no_contam.fasta,11666_S343_spades_no_contam.fasta,11667_S344_spades_no_contam.fasta,11664_S341_spades_no_contam.fasta}	0.202703	615.972	1872
N16	t3	{Frag1_S351_spades_no_contam.fasta,Aus332_S350_spades_no_contam.fasta,NzAUS95_S358_spades_no_contam.fasta,Nes1_S356_spades_no_contam.fasta,Skrap3_S361_spades_no_contam.fasta,11665_S342_spades_no_contam.fasta,11663_S340_spades_no_contam.fasta,11662_no_contam.fasta,11669_S346_spades_no_contam.fasta,11668_S345_spades_no_contam.fasta,11670_S347_spades_no_contam.fasta,11666_S343_spades_no_contam.fasta,11667_S344_spades_no_contam.fasta,11664_S341_spades_no_contam.fasta}|{GCA_023014455.1_ASM2301445v1_genomic.fna,GCA_001983365.1_ASM198336v1_genomic.fna,GCA_023014435.1_ASM2301443v1_genomic.fna,GCA_023014395.1_ASM2301439v1_genomic.fna,GCA_023014475.1_ASM2301447v1_genomic.fna,GCA_032173475.1_ASM3217347v1_genomic.fna,GCA_001983385.1_ASM198338v1_genomic.fna,GCA_020011035.1_ASM2001103v1_genomic.fna,GCA_023014405.1_ASM2301440v1_genomic.fna,GCA_001691785.3_ASM169178v3_genomic.fna,40019_S37_L007,GCA_015039365.1_Amarub1_genomic.fna,SRR36117447_contigs.fasta,Amapyr1_AssemblyScaffolds_Repeatmasked.fasta,GCA_001691755.2_ASM169175v2_genomic.fna,GCA_003316615.1_ASM331661v1_genomic.fna,Volvo1_AssemblyScaffolds_Repeatmasked.fasta,GCA_002554575.1_Amanita_thiersii_v1.0_genomic.fna,GCA_001691775.3_ASM169177v3_genomic.fna,GCA_000497225.1_AmaJack1.0_genomic.fna,40225_S35_L007,30280_S34_L007,Amagr1_AssemblyScaffolds.fasta,SRR36145290_contigs.fasta,SRR36137136_contigs.fasta,SRR36137101_contigs.fasta,SRR36141466_contigs.fasta,NesPan3_S357_spades_no_contam.fasta,SRR36137094_contigs.fasta,SRR36118002_contigs.fasta,SRR36145299_contigs.fasta,SRR36137480_contigs.fasta,SRR36137064_contigs.fasta,20045_S349_spades_no_contam.fasta,20031_S348_spades_no_contam.fasta,GCA_054369615.1_ASM5436961v1_genomic.fna,30021_S33_L007,GCA_001691765.1_ASM169176v1_genomic.fna,30000_S38_L007,NagxHevest_S354_spades_no_contam.fasta,NagxHevestB_S355_spades_no_contam.fasta,SRR36137122_contigs.fasta,Gril1_S352_spades_no_contam.fasta,Kara3_S353_spades_no_contam.fasta,Wirz_S363_spades_no_contam.fasta}#{Ring1_S359_spades_no_contam.fasta}|{Sogn5_S362_spades_no_contam.fasta}	0.198742	615.369	1872
N17	t1	{Frag1_S351_spades_no_contam.fasta,Aus332_S350_spades_no_contam.fasta,NzAUS95_S358_spades_no_contam.fasta,Nes1_S356_spades_no_contam.fasta,Skrap3_S361_spades_no_contam.fasta,11665_S342_spades_no_contam.fasta,11663_S340_spades_no_contam.fasta,11662_no_contam.fasta,11669_S346_spades_no_contam.fasta,11668_S345_spades_no_contam.fasta,11670_S347_spades_no_contam.fasta,11666_S343_spades_no_contam.fasta,11667_S344_spades_no_contam.fasta,11664_S341_spades_no_contam.fasta,Sogn5_S362_spades_no_contam.fasta}|{Ring1_S359_spades_no_contam.fasta}#{Kara3_S353_spades_no_contam.fasta,Wirz_S363_spades_no_contam.fasta}|{GCA_023014455.1_ASM2301445v1_genomic.fna,GCA_001983365.1_ASM198336v1_genomic.fna,GCA_023014435.1_ASM2301443v1_genomic.fna,GCA_023014395.1_ASM2301439v1_genomic.fna,GCA_023014475.1_ASM2301447v1_genomic.fna,GCA_032173475.1_ASM3217347v1_genomic.fna,GCA_001983385.1_ASM198338v1_genomic.fna,GCA_020011035.1_ASM2001103v1_genomic.fna,GCA_023014405.1_ASM2301440v1_genomic.fna,GCA_001691785.3_ASM169178v3_genomic.fna,40019_S37_L007,GCA_015039365.1_Amarub1_genomic.fna,SRR36117447_contigs.fasta,Amapyr1_AssemblyScaffolds_Repeatmasked.fasta,GCA_001691755.2_ASM169175v2_genomic.fna,GCA_003316615.1_ASM331661v1_genomic.fna,Volvo1_AssemblyScaffolds_Repeatmasked.fasta,GCA_002554575.1_Amanita_thiersii_v1.0_genomic.fna,GCA_001691775.3_ASM169177v3_genomic.fna,GCA_000497225.1_AmaJack1.0_genomic.fna,40225_S35_L007,30280_S34_L007,Amagr1_AssemblyScaffolds.fasta,SRR36145290_contigs.fasta,SRR36137136_contigs.fasta,SRR36137101_contigs.fasta,SRR36141466_contigs.fasta,NesPan3_S357_spades_no_contam.fasta,SRR36137094_contigs.fasta,SRR36118002_contigs.fasta,SRR36145299_contigs.fasta,SRR36137480_contigs.fasta,SRR36137064_contigs.fasta,20045_S349_spades_no_contam.fasta,20031_S348_spades_no_contam.fasta,GCA_054369615.1_ASM5436961v1_genomic.fna,30021_S33_L007,GCA_001691765.1_ASM169176v1_genomic.fna,30000_S38_L007,NagxHevest_S354_spades_no_contam.fasta,NagxHevestB_S355_spades_no_contam.fasta,SRR36137122_contigs.fasta,Gril1_S352_spades_no_contam.fasta}	0.43231	657.914	1941
N17	t2	{GCA_023014455.1_ASM2301445v1_genomic.fna,GCA_001983365.1_ASM198336v1_genomic.fna,GCA_023014435.1_ASM2301443v1_genomic.fna,GCA_023014395.1_ASM2301439v1_genomic.fna,GCA_023014475.1_ASM2301447v1_genomic.fna,GCA_032173475.1_ASM3217347v1_genomic.fna,GCA_001983385.1_ASM198338v1_genomic.fna,GCA_020011035.1_ASM2001103v1_genomic.fna,GCA_023014405.1_ASM2301440v1_genomic.fna,GCA_001691785.3_ASM169178v3_genomic.fna,40019_S37_L007,GCA_015039365.1_Amarub1_genomic.fna,SRR36117447_contigs.fasta,Amapyr1_AssemblyScaffolds_Repeatmasked.fasta,GCA_001691755.2_ASM169175v2_genomic.fna,GCA_003316615.1_ASM331661v1_genomic.fna,Volvo1_AssemblyScaffolds_Repeatmasked.fasta,GCA_002554575.1_Amanita_thiersii_v1.0_genomic.fna,GCA_001691775.3_ASM169177v3_genomic.fna,GCA_000497225.1_AmaJack1.0_genomic.fna,40225_S35_L007,30280_S34_L007,Amagr1_AssemblyScaffolds.fasta,SRR36145290_contigs.fasta,SRR36137136_contigs.fasta,SRR36137101_contigs.fasta,SRR36141466_contigs.fasta,NesPan3_S357_spades_no_contam.fasta,SRR36137094_contigs.fasta,SRR36118002_contigs.fasta,SRR36145299_contigs.fasta,SRR36137480_contigs.fasta,SRR36137064_contigs.fasta,20045_S349_spades_no_contam.fasta,20031_S348_spades_no_contam.fasta,GCA_054369615.1_ASM5436961v1_genomic.fna,30021_S33_L007,GCA_001691765.1_ASM169176v1_genomic.fna,30000_S38_L007,NagxHevest_S354_spades_no_contam.fasta,NagxHevestB_S355_spades_no_contam.fasta,SRR36137122_contigs.fasta,Gril1_S352_spades_no_contam.fasta}|{Ring1_S359_spades_no_contam.fasta}#{Kara3_S353_spades_no_contam.fasta,Wirz_S363_spades_no_contam.fasta}|{Frag1_S351_spades_no_contam.fasta,Aus332_S350_spades_no_contam.fasta,NzAUS95_S358_spades_no_contam.fasta,Nes1_S356_spades_no_contam.fasta,Skrap3_S361_spades_no_contam.fasta,11665_S342_spades_no_contam.fasta,11663_S340_spades_no_contam.fasta,11662_no_contam.fasta,11669_S346_spades_no_contam.fasta,11668_S345_spades_no_contam.fasta,11670_S347_spades_no_contam.fasta,11666_S343_spades_no_contam.fasta,11667_S344_spades_no_contam.fasta,11664_S341_spades_no_contam.fasta,Sogn5_S362_spades_no_contam.fasta}	0.136988	625.247	1941
N17	t3	{Frag1_S351_spades_no_contam.fasta,Aus332_S350_spades_no_contam.fasta,NzAUS95_S358_spades_no_contam.fasta,Nes1_S356_spades_no_contam.fasta,Skrap3_S361_spades_no_contam.fasta,11665_S342_spades_no_contam.fasta,11663_S340_spades_no_contam.fasta,11662_no_contam.fasta,11669_S346_spades_no_contam.fasta,11668_S345_spades_no_contam.fasta,11670_S347_spades_no_contam.fasta,11666_S343_spades_no_contam.fasta,11667_S344_spades_no_contam.fasta,11664_S341_spades_no_contam.fasta,Sogn5_S362_spades_no_contam.fasta}|{GCA_023014455.1_ASM2301445v1_genomic.fna,GCA_001983365.1_ASM198336v1_genomic.fna,GCA_023014435.1_ASM2301443v1_genomic.fna,GCA_023014395.1_ASM2301439v1_genomic.fna,GCA_023014475.1_ASM2301447v1_genomic.fna,GCA_032173475.1_ASM3217347v1_genomic.fna,GCA_001983385.1_ASM198338v1_genomic.fna,GCA_020011035.1_ASM2001103v1_genomic.fna,GCA_023014405.1_ASM2301440v1_genomic.fna,GCA_001691785.3_ASM169178v3_genomic.fna,40019_S37_L007,GCA_015039365.1_Amarub1_genomic.fna,SRR36117447_contigs.fasta,Amapyr1_AssemblyScaffolds_Repeatmasked.fasta,GCA_001691755.2_ASM169175v2_genomic.fna,GCA_003316615.1_ASM331661v1_genomic.fna,Volvo1_AssemblyScaffolds_Repeatmasked.fasta,GCA_002554575.1_Amanita_thiersii_v1.0_genomic.fna,GCA_001691775.3_ASM169177v3_genomic.fna,GCA_000497225.1_AmaJack1.0_genomic.fna,40225_S35_L007,30280_S34_L007,Amagr1_AssemblyScaffolds.fasta,SRR36145290_contigs.fasta,SRR36137136_contigs.fasta,SRR36137101_contigs.fasta,SRR36141466_contigs.fasta,NesPan3_S357_spades_no_contam.fasta,SRR36137094_contigs.fasta,SRR36118002_contigs.fasta,SRR36145299_contigs.fasta,SRR36137480_contigs.fasta,SRR36137064_contigs.fasta,20045_S349_spades_no_contam.fasta,20031_S348_spades_no_contam.fasta,GCA_054369615.1_ASM5436961v1_genomic.fna,30021_S33_L007,GCA_001691765.1_ASM169176v1_genomic.fna,30000_S38_L007,NagxHevest_S354_spades_no_contam.fasta,NagxHevestB_S355_spades_no_contam.fasta,SRR36137122_contigs.fasta,Gril1_S352_spades_no_contam.fasta}#{Kara3_S353_spades_no_contam.fasta,Wirz_S363_spades_no_contam.fasta}|{Ring1_S359_spades_no_contam.fasta}	0.430702	657.838	1941
N18	t1	{Kara3_S353_spades_no_contam.fasta}|{Wirz_S363_spades_no_contam.fasta}#{Frag1_S351_spades_no_contam.fasta,Aus332_S350_spades_no_contam.fasta,NzAUS95_S358_spades_no_contam.fasta,Nes1_S356_spades_no_contam.fasta,Skrap3_S361_spades_no_contam.fasta,11665_S342_spades_no_contam.fasta,11663_S340_spades_no_contam.fasta,11662_no_contam.fasta,11669_S346_spades_no_contam.fasta,11668_S345_spades_no_contam.fasta,11670_S347_spades_no_contam.fasta,11666_S343_spades_no_contam.fasta,11667_S344_spades_no_contam.fasta,11664_S341_spades_no_contam.fasta,Sogn5_S362_spades_no_contam.fasta,Ring1_S359_spades_no_contam.fasta}|{GCA_023014455.1_ASM2301445v1_genomic.fna,GCA_001983365.1_ASM198336v1_genomic.fna,GCA_023014435.1_ASM2301443v1_genomic.fna,GCA_023014395.1_ASM2301439v1_genomic.fna,GCA_023014475.1_ASM2301447v1_genomic.fna,GCA_032173475.1_ASM3217347v1_genomic.fna,GCA_001983385.1_ASM198338v1_genomic.fna,GCA_020011035.1_ASM2001103v1_genomic.fna,GCA_023014405.1_ASM2301440v1_genomic.fna,GCA_001691785.3_ASM169178v3_genomic.fna,40019_S37_L007,GCA_015039365.1_Amarub1_genomic.fna,SRR36117447_contigs.fasta,Amapyr1_AssemblyScaffolds_Repeatmasked.fasta,GCA_001691755.2_ASM169175v2_genomic.fna,GCA_003316615.1_ASM331661v1_genomic.fna,Volvo1_AssemblyScaffolds_Repeatmasked.fasta,GCA_002554575.1_Amanita_thiersii_v1.0_genomic.fna,GCA_001691775.3_ASM169177v3_genomic.fna,GCA_000497225.1_AmaJack1.0_genomic.fna,40225_S35_L007,30280_S34_L007,Amagr1_AssemblyScaffolds.fasta,SRR36145290_contigs.fasta,SRR36137136_contigs.fasta,SRR36137101_contigs.fasta,SRR36141466_contigs.fasta,NesPan3_S357_spades_no_contam.fasta,SRR36137094_contigs.fasta,SRR36118002_contigs.fasta,SRR36145299_contigs.fasta,SRR36137480_contigs.fasta,SRR36137064_contigs.fasta,20045_S349_spades_no_contam.fasta,20031_S348_spades_no_contam.fasta,GCA_054369615.1_ASM5436961v1_genomic.fna,30021_S33_L007,GCA_001691765.1_ASM169176v1_genomic.fna,30000_S38_L007,NagxHevest_S354_spades_no_contam.fasta,NagxHevestB_S355_spades_no_contam.fasta,SRR36137122_contigs.fasta,Gril1_S352_spades_no_contam.fasta}	0.84192	736.517	2087
N18	t2	{GCA_023014455.1_ASM2301445v1_genomic.fna,GCA_001983365.1_ASM198336v1_genomic.fna,GCA_023014435.1_ASM2301443v1_genomic.fna,GCA_023014395.1_ASM2301439v1_genomic.fna,GCA_023014475.1_ASM2301447v1_genomic.fna,GCA_032173475.1_ASM3217347v1_genomic.fna,GCA_001983385.1_ASM198338v1_genomic.fna,GCA_020011035.1_ASM2001103v1_genomic.fna,GCA_023014405.1_ASM2301440v1_genomic.fna,GCA_001691785.3_ASM169178v3_genomic.fna,40019_S37_L007,GCA_015039365.1_Amarub1_genomic.fna,SRR36117447_contigs.fasta,Amapyr1_AssemblyScaffolds_Repeatmasked.fasta,GCA_001691755.2_ASM169175v2_genomic.fna,GCA_003316615.1_ASM331661v1_genomic.fna,Volvo1_AssemblyScaffolds_Repeatmasked.fasta,GCA_002554575.1_Amanita_thiersii_v1.0_genomic.fna,GCA_001691775.3_ASM169177v3_genomic.fna,GCA_000497225.1_AmaJack1.0_genomic.fna,40225_S35_L007,30280_S34_L007,Amagr1_AssemblyScaffolds.fasta,SRR36145290_contigs.fasta,SRR36137136_contigs.fasta,SRR36137101_contigs.fasta,SRR36141466_contigs.fasta,NesPan3_S357_spades_no_contam.fasta,SRR36137094_contigs.fasta,SRR36118002_contigs.fasta,SRR36145299_contigs.fasta,SRR36137480_contigs.fasta,SRR36137064_contigs.fasta,20045_S349_spades_no_contam.fasta,20031_S348_spades_no_contam.fasta,GCA_054369615.1_ASM5436961v1_genomic.fna,30021_S33_L007,GCA_001691765.1_ASM169176v1_genomic.fna,30000_S38_L007,NagxHevest_S354_spades_no_contam.fasta,NagxHevestB_S355_spades_no_contam.fasta,SRR36137122_contigs.fasta,Gril1_S352_spades_no_contam.fasta}|{Wirz_S363_spades_no_contam.fasta}#{Frag1_S351_spades_no_contam.fasta,Aus332_S350_spades_no_contam.fasta,NzAUS95_S358_spades_no_contam.fasta,Nes1_S356_spades_no_contam.fasta,Skrap3_S361_spades_no_contam.fasta,11665_S342_spades_no_contam.fasta,11663_S340_spades_no_contam.fasta,11662_no_contam.fasta,11669_S346_spades_no_contam.fasta,11668_S345_spades_no_contam.fasta,11670_S347_spades_no_contam.fasta,11666_S343_spades_no_contam.fasta,11667_S344_spades_no_contam.fasta,11664_S341_spades_no_contam.fasta,Sogn5_S362_spades_no_contam.fasta,Ring1_S359_spades_no_contam.fasta}|{Kara3_S353_spades_no_contam.fasta}	0.138171	710.417	2087
N18	t3	{Kara3_S353_spades_no_contam.fasta}|{GCA_023014455.1_ASM2301445v1_genomic.fna,GCA_001983365.1_ASM198336v1_genomic.fna,GCA_023014435.1_ASM2301443v1_genomic.fna,GCA_023014395.1_ASM2301439v1_genomic.fna,GCA_023014475.1_ASM2301447v1_genomic.fna,GCA_032173475.1_ASM3217347v1_genomic.fna,GCA_001983385.1_ASM198338v1_genomic.fna,GCA_020011035.1_ASM2001103v1_genomic.fna,GCA_023014405.1_ASM2301440v1_genomic.fna,GCA_001691785.3_ASM169178v3_genomic.fna,40019_S37_L007,GCA_015039365.1_Amarub1_genomic.fna,SRR36117447_contigs.fasta,Amapyr1_AssemblyScaffolds_Repeatmasked.fasta,GCA_001691755.2_ASM169175v2_genomic.fna,GCA_003316615.1_ASM331661v1_genomic.fna,Volvo1_AssemblyScaffolds_Repeatmasked.fasta,GCA_002554575.1_Amanita_thiersii_v1.0_genomic.fna,GCA_001691775.3_ASM169177v3_genomic.fna,GCA_000497225.1_AmaJack1.0_genomic.fna,40225_S35_L007,30280_S34_L007,Amagr1_AssemblyScaffolds.fasta,SRR36145290_contigs.fasta,SRR36137136_contigs.fasta,SRR36137101_contigs.fasta,SRR36141466_contigs.fasta,NesPan3_S357_spades_no_contam.fasta,SRR36137094_contigs.fasta,SRR36118002_contigs.fasta,SRR36145299_contigs.fasta,SRR36137480_contigs.fasta,SRR36137064_contigs.fasta,20045_S349_spades_no_contam.fasta,20031_S348_spades_no_contam.fasta,GCA_054369615.1_ASM5436961v1_genomic.fna,30021_S33_L007,GCA_001691765.1_ASM169176v1_genomic.fna,30000_S38_L007,NagxHevest_S354_spades_no_contam.fasta,NagxHevestB_S355_spades_no_contam.fasta,SRR36137122_contigs.fasta,Gril1_S352_spades_no_contam.fasta}#{Frag1_S351_spades_no_contam.fasta,Aus332_S350_spades_no_contam.fasta,NzAUS95_S358_spades_no_contam.fasta,Nes1_S356_spades_no_contam.fasta,Skrap3_S361_spades_no_contam.fasta,11665_S342_spades_no_contam.fasta,11663_S340_spades_no_contam.fasta,11662_no_contam.fasta,11669_S346_spades_no_contam.fasta,11668_S345_spades_no_contam.fasta,11670_S347_spades_no_contam.fasta,11666_S343_spades_no_contam.fasta,11667_S344_spades_no_contam.fasta,11664_S341_spades_no_contam.fasta,Sogn5_S362_spades_no_contam.fasta,Ring1_S359_spades_no_contam.fasta}|{Wirz_S363_spades_no_contam.fasta}	0.0199089	640.067	2087
N19	t1	{Frag1_S351_spades_no_contam.fasta,Aus332_S350_spades_no_contam.fasta,NzAUS95_S358_spades_no_contam.fasta,Nes1_S356_spades_no_contam.fasta,Skrap3_S361_spades_no_contam.fasta,11665_S342_spades_no_contam.fasta,11663_S340_spades_no_contam.fasta,11662_no_contam.fasta,11669_S346_spades_no_contam.fasta,11668_S345_spades_no_contam.fasta,11670_S347_spades_no_contam.fasta,11666_S343_spades_no_contam.fasta,11667_S344_spades_no_contam.fasta,11664_S341_spades_no_contam.fasta,Sogn5_S362_spades_no_contam.fasta,Ring1_S359_spades_no_contam.fasta}|{Kara3_S353_spades_no_contam.fasta,Wirz_S363_spades_no_contam.fasta}#{Gril1_S352_spades_no_contam.fasta}|{GCA_023014455.1_ASM2301445v1_genomic.fna,GCA_001983365.1_ASM198336v1_genomic.fna,GCA_023014435.1_ASM2301443v1_genomic.fna,GCA_023014395.1_ASM2301439v1_genomic.fna,GCA_023014475.1_ASM2301447v1_genomic.fna,GCA_032173475.1_ASM3217347v1_genomic.fna,GCA_001983385.1_ASM198338v1_genomic.fna,GCA_020011035.1_ASM2001103v1_genomic.fna,GCA_023014405.1_ASM2301440v1_genomic.fna,GCA_001691785.3_ASM169178v3_genomic.fna,40019_S37_L007,GCA_015039365.1_Amarub1_genomic.fna,SRR36117447_contigs.fasta,Amapyr1_AssemblyScaffolds_Repeatmasked.fasta,GCA_001691755.2_ASM169175v2_genomic.fna,GCA_003316615.1_ASM331661v1_genomic.fna,Volvo1_AssemblyScaffolds_Repeatmasked.fasta,GCA_002554575.1_Amanita_thiersii_v1.0_genomic.fna,GCA_001691775.3_ASM169177v3_genomic.fna,GCA_000497225.1_AmaJack1.0_genomic.fna,40225_S35_L007,30280_S34_L007,Amagr1_AssemblyScaffolds.fasta,SRR36145290_contigs.fasta,SRR36137136_contigs.fasta,SRR36137101_contigs.fasta,SRR36141466_contigs.fasta,NesPan3_S357_spades_no_contam.fasta,SRR36137094_contigs.fasta,SRR36118002_contigs.fasta,SRR36145299_contigs.fasta,SRR36137480_contigs.fasta,SRR36137064_contigs.fasta,20045_S349_spades_no_contam.fasta,20031_S348_spades_no_contam.fasta,GCA_054369615.1_ASM5436961v1_genomic.fna,30021_S33_L007,GCA_001691765.1_ASM169176v1_genomic.fna,30000_S38_L007,NagxHevest_S354_spades_no_contam.fasta,NagxHevestB_S355_spades_no_contam.fasta,SRR36137122_contigs.fasta}	0.220937	755.827	2230
N19	t2	{GCA_023014455.1_ASM2301445v1_genomic.fna,GCA_001983365.1_ASM198336v1_genomic.fna,GCA_023014435.1_ASM2301443v1_genomic.fna,GCA_023014395.1_ASM2301439v1_genomic.fna,GCA_023014475.1_ASM2301447v1_genomic.fna,GCA_032173475.1_ASM3217347v1_genomic.fna,GCA_001983385.1_ASM198338v1_genomic.fna,GCA_020011035.1_ASM2001103v1_genomic.fna,GCA_023014405.1_ASM2301440v1_genomic.fna,GCA_001691785.3_ASM169178v3_genomic.fna,40019_S37_L007,GCA_015039365.1_Amarub1_genomic.fna,SRR36117447_contigs.fasta,Amapyr1_AssemblyScaffolds_Repeatmasked.fasta,GCA_001691755.2_ASM169175v2_genomic.fna,GCA_003316615.1_ASM331661v1_genomic.fna,Volvo1_AssemblyScaffolds_Repeatmasked.fasta,GCA_002554575.1_Amanita_thiersii_v1.0_genomic.fna,GCA_001691775.3_ASM169177v3_genomic.fna,GCA_000497225.1_AmaJack1.0_genomic.fna,40225_S35_L007,30280_S34_L007,Amagr1_AssemblyScaffolds.fasta,SRR36145290_contigs.fasta,SRR36137136_contigs.fasta,SRR36137101_contigs.fasta,SRR36141466_contigs.fasta,NesPan3_S357_spades_no_contam.fasta,SRR36137094_contigs.fasta,SRR36118002_contigs.fasta,SRR36145299_contigs.fasta,SRR36137480_contigs.fasta,SRR36137064_contigs.fasta,20045_S349_spades_no_contam.fasta,20031_S348_spades_no_contam.fasta,GCA_054369615.1_ASM5436961v1_genomic.fna,30021_S33_L007,GCA_001691765.1_ASM169176v1_genomic.fna,30000_S38_L007,NagxHevest_S354_spades_no_contam.fasta,NagxHevestB_S355_spades_no_contam.fasta,SRR36137122_contigs.fasta}|{Kara3_S353_spades_no_contam.fasta,Wirz_S363_spades_no_contam.fasta}#{Gril1_S352_spades_no_contam.fasta}|{Frag1_S351_spades_no_contam.fasta,Aus332_S350_spades_no_contam.fasta,NzAUS95_S358_spades_no_contam.fasta,Nes1_S356_spades_no_contam.fasta,Skrap3_S361_spades_no_contam.fasta,11665_S342_spades_no_contam.fasta,11663_S340_spades_no_contam.fasta,11662_no_contam.fasta,11669_S346_spades_no_contam.fasta,11668_S345_spades_no_contam.fasta,11670_S347_spades_no_contam.fasta,11666_S343_spades_no_contam.fasta,11667_S344_spades_no_contam.fasta,11664_S341_spades_no_contam.fasta,Sogn5_S362_spades_no_contam.fasta,Ring1_S359_spades_no_contam.fasta}	0.0436924	697.855	2230
N19	t3	{Frag1_S351_spades_no_contam.fasta,Aus332_S350_spades_no_contam.fasta,NzAUS95_S358_spades_no_contam.fasta,Nes1_S356_spades_no_contam.fasta,Skrap3_S361_spades_no_contam.fasta,11665_S342_spades_no_contam.fasta,11663_S340_spades_no_contam.fasta,11662_no_contam.fasta,11669_S346_spades_no_contam.fasta,11668_S345_spades_no_contam.fasta,11670_S347_spades_no_contam.fasta,11666_S343_spades_no_contam.fasta,11667_S344_spades_no_contam.fasta,11664_S341_spades_no_contam.fasta,Sogn5_S362_spades_no_contam.fasta,Ring1_S359_spades_no_contam.fasta}|{GCA_023014455.1_ASM2301445v1_genomic.fna,GCA_001983365.1_ASM198336v1_genomic.fna,GCA_023014435.1_ASM2301443v1_genomic.fna,GCA_023014395.1_ASM2301439v1_genomic.fna,GCA_023014475.1_ASM2301447v1_genomic.fna,GCA_032173475.1_ASM3217347v1_genomic.fna,GCA_001983385.1_ASM198338v1_genomic.fna,GCA_020011035.1_ASM2001103v1_genomic.fna,GCA_023014405.1_ASM2301440v1_genomic.fna,GCA_001691785.3_ASM169178v3_genomic.fna,40019_S37_L007,GCA_015039365.1_Amarub1_genomic.fna,SRR36117447_contigs.fasta,Amapyr1_AssemblyScaffolds_Repeatmasked.fasta,GCA_001691755.2_ASM169175v2_genomic.fna,GCA_003316615.1_ASM331661v1_genomic.fna,Volvo1_AssemblyScaffolds_Repeatmasked.fasta,GCA_002554575.1_Amanita_thiersii_v1.0_genomic.fna,GCA_001691775.3_ASM169177v3_genomic.fna,GCA_000497225.1_AmaJack1.0_genomic.fna,40225_S35_L007,30280_S34_L007,Amagr1_AssemblyScaffolds.fasta,SRR36145290_contigs.fasta,SRR36137136_contigs.fasta,SRR36137101_contigs.fasta,SRR36141466_contigs.fasta,NesPan3_S357_spades_no_contam.fasta,SRR36137094_contigs.fasta,SRR36118002_contigs.fasta,SRR36145299_contigs.fasta,SRR36137480_contigs.fasta,SRR36137064_contigs.fasta,20045_S349_spades_no_contam.fasta,20031_S348_spades_no_contam.fasta,GCA_054369615.1_ASM5436961v1_genomic.fna,30021_S33_L007,GCA_001691765.1_ASM169176v1_genomic.fna,30000_S38_L007,NagxHevest_S354_spades_no_contam.fasta,NagxHevestB_S355_spades_no_contam.fasta,SRR36137122_contigs.fasta}#{Gril1_S352_spades_no_contam.fasta}|{Kara3_S353_spades_no_contam.fasta,Wirz_S363_spades_no_contam.fasta}	0.73537	776.318	2230
N20	t1	{Gril1_S352_spades_no_contam.fasta}|{Frag1_S351_spades_no_contam.fasta,Aus332_S350_spades_no_contam.fasta,NzAUS95_S358_spades_no_contam.fasta,Nes1_S356_spades_no_contam.fasta,Skrap3_S361_spades_no_contam.fasta,11665_S342_spades_no_contam.fasta,11663_S340_spades_no_contam.fasta,11662_no_contam.fasta,11669_S346_spades_no_contam.fasta,11668_S345_spades_no_contam.fasta,11670_S347_spades_no_contam.fasta,11666_S343_spades_no_contam.fasta,11667_S344_spades_no_contam.fasta,11664_S341_spades_no_contam.fasta,Sogn5_S362_spades_no_contam.fasta,Ring1_S359_spades_no_contam.fasta,Kara3_S353_spades_no_contam.fasta,Wirz_S363_spades_no_contam.fasta}#{NagxHevest_S354_spades_no_contam.fasta,NagxHevestB_S355_spades_no_contam.fasta,SRR36137122_contigs.fasta}|{GCA_023014455.1_ASM2301445v1_genomic.fna,GCA_001983365.1_ASM198336v1_genomic.fna,GCA_023014435.1_ASM2301443v1_genomic.fna,GCA_023014395.1_ASM2301439v1_genomic.fna,GCA_023014475.1_ASM2301447v1_genomic.fna,GCA_032173475.1_ASM3217347v1_genomic.fna,GCA_001983385.1_ASM198338v1_genomic.fna,GCA_020011035.1_ASM2001103v1_genomic.fna,GCA_023014405.1_ASM2301440v1_genomic.fna,GCA_001691785.3_ASM169178v3_genomic.fna,40019_S37_L007,GCA_015039365.1_Amarub1_genomic.fna,SRR36117447_contigs.fasta,Amapyr1_AssemblyScaffolds_Repeatmasked.fasta,GCA_001691755.2_ASM169175v2_genomic.fna,GCA_003316615.1_ASM331661v1_genomic.fna,Volvo1_AssemblyScaffolds_Repeatmasked.fasta,GCA_002554575.1_Amanita_thiersii_v1.0_genomic.fna,GCA_001691775.3_ASM169177v3_genomic.fna,GCA_000497225.1_AmaJack1.0_genomic.fna,40225_S35_L007,30280_S34_L007,Amagr1_AssemblyScaffolds.fasta,SRR36145290_contigs.fasta,SRR36137136_contigs.fasta,SRR36137101_contigs.fasta,SRR36141466_contigs.fasta,NesPan3_S357_spades_no_contam.fasta,SRR36137094_contigs.fasta,SRR36118002_contigs.fasta,SRR36145299_contigs.fasta,SRR36137480_contigs.fasta,SRR36137064_contigs.fasta,20045_S349_spades_no_contam.fasta,20031_S348_spades_no_contam.fasta,GCA_054369615.1_ASM5436961v1_genomic.fna,30021_S33_L007,GCA_001691765.1_ASM169176v1_genomic.fna,30000_S38_L007}	0.893817	858.94	2428
N20	t2	{GCA_023014455.1_ASM2301445v1_genomic.fna,GCA_001983365.1_ASM198336v1_genomic.fna,GCA_023014435.1_ASM2301443v1_genomic.fna,GCA_023014395.1_ASM2301439v1_genomic.fna,GCA_023014475.1_ASM2301447v1_genomic.fna,GCA_032173475.1_ASM3217347v1_genomic.fna,GCA_001983385.1_ASM198338v1_genomic.fna,GCA_020011035.1_ASM2001103v1_genomic.fna,GCA_023014405.1_ASM2301440v1_genomic.fna,GCA_001691785.3_ASM169178v3_genomic.fna,40019_S37_L007,GCA_015039365.1_Amarub1_genomic.fna,SRR36117447_contigs.fasta,Amapyr1_AssemblyScaffolds_Repeatmasked.fasta,GCA_001691755.2_ASM169175v2_genomic.fna,GCA_003316615.1_ASM331661v1_genomic.fna,Volvo1_AssemblyScaffolds_Repeatmasked.fasta,GCA_002554575.1_Amanita_thiersii_v1.0_genomic.fna,GCA_001691775.3_ASM169177v3_genomic.fna,GCA_000497225.1_AmaJack1.0_genomic.fna,40225_S35_L007,30280_S34_L007,Amagr1_AssemblyScaffolds.fasta,SRR36145290_contigs.fasta,SRR36137136_contigs.fasta,SRR36137101_contigs.fasta,SRR36141466_contigs.fasta,NesPan3_S357_spades_no_contam.fasta,SRR36137094_contigs.fasta,SRR36118002_contigs.fasta,SRR36145299_contigs.fasta,SRR36137480_contigs.fasta,SRR36137064_contigs.fasta,20045_S349_spades_no_contam.fasta,20031_S348_spades_no_contam.fasta,GCA_054369615.1_ASM5436961v1_genomic.fna,30021_S33_L007,GCA_001691765.1_ASM169176v1_genomic.fna,30000_S38_L007}|{Frag1_S351_spades_no_contam.fasta,Aus332_S350_spades_no_contam.fasta,NzAUS95_S358_spades_no_contam.fasta,Nes1_S356_spades_no_contam.fasta,Skrap3_S361_spades_no_contam.fasta,11665_S342_spades_no_contam.fasta,11663_S340_spades_no_contam.fasta,11662_no_contam.fasta,11669_S346_spades_no_contam.fasta,11668_S345_spades_no_contam.fasta,11670_S347_spades_no_contam.fasta,11666_S343_spades_no_contam.fasta,11667_S344_spades_no_contam.fasta,11664_S341_spades_no_contam.fasta,Sogn5_S362_spades_no_contam.fasta,Ring1_S359_spades_no_contam.fasta,Kara3_S353_spades_no_contam.fasta,Wirz_S363_spades_no_contam.fasta}#{NagxHevest_S354_spades_no_contam.fasta,NagxHevestB_S355_spades_no_contam.fasta,SRR36137122_contigs.fasta}|{Gril1_S352_spades_no_contam.fasta}	0.0942966	826.243	2428
N20	t3	{Gril1_S352_spades_no_contam.fasta}|{GCA_023014455.1_ASM2301445v1_genomic.fna,GCA_001983365.1_ASM198336v1_genomic.fna,GCA_023014435.1_ASM2301443v1_genomic.fna,GCA_023014395.1_ASM2301439v1_genomic.fna,GCA_023014475.1_ASM2301447v1_genomic.fna,GCA_032173475.1_ASM3217347v1_genomic.fna,GCA_001983385.1_ASM198338v1_genomic.fna,GCA_020011035.1_ASM2001103v1_genomic.fna,GCA_023014405.1_ASM2301440v1_genomic.fna,GCA_001691785.3_ASM169178v3_genomic.fna,40019_S37_L007,GCA_015039365.1_Amarub1_genomic.fna,SRR36117447_contigs.fasta,Amapyr1_AssemblyScaffolds_Repeatmasked.fasta,GCA_001691755.2_ASM169175v2_genomic.fna,GCA_003316615.1_ASM331661v1_genomic.fna,Volvo1_AssemblyScaffolds_Repeatmasked.fasta,GCA_002554575.1_Amanita_thiersii_v1.0_genomic.fna,GCA_001691775.3_ASM169177v3_genomic.fna,GCA_000497225.1_AmaJack1.0_genomic.fna,40225_S35_L007,30280_S34_L007,Amagr1_AssemblyScaffolds.fasta,SRR36145290_contigs.fasta,SRR36137136_contigs.fasta,SRR36137101_contigs.fasta,SRR36141466_contigs.fasta,NesPan3_S357_spades_no_contam.fasta,SRR36137094_contigs.fasta,SRR36118002_contigs.fasta,SRR36145299_contigs.fasta,SRR36137480_contigs.fasta,SRR36137064_contigs.fasta,20045_S349_spades_no_contam.fasta,20031_S348_spades_no_contam.fasta,GCA_054369615.1_ASM5436961v1_genomic.fna,30021_S33_L007,GCA_001691765.1_ASM169176v1_genomic.fna,30000_S38_L007}#{NagxHevest_S354_spades_no_contam.fasta,NagxHevestB_S355_spades_no_contam.fasta,SRR36137122_contigs.fasta}|{Frag1_S351_spades_no_contam.fasta,Aus332_S350_spades_no_contam.fasta,NzAUS95_S358_spades_no_contam.fasta,Nes1_S356_spades_no_contam.fasta,Skrap3_S361_spades_no_contam.fasta,11665_S342_spades_no_contam.fasta,11663_S340_spades_no_contam.fasta,11662_no_contam.fasta,11669_S346_spades_no_contam.fasta,11668_S345_spades_no_contam.fasta,11670_S347_spades_no_contam.fasta,11666_S343_spades_no_contam.fasta,11667_S344_spades_no_contam.fasta,11664_S341_spades_no_contam.fasta,Sogn5_S362_spades_no_contam.fasta,Ring1_S359_spades_no_contam.fasta,Kara3_S353_spades_no_contam.fasta,Wirz_S363_spades_no_contam.fasta}	0.0118867	742.817	2428
N21	t1	{NagxHevest_S354_spades_no_contam.fasta,NagxHevestB_S355_spades_no_contam.fasta,SRR36137122_contigs.fasta}|{Gril1_S352_spades_no_contam.fasta,Frag1_S351_spades_no_contam.fasta,Aus332_S350_spades_no_contam.fasta,NzAUS95_S358_spades_no_contam.fasta,Nes1_S356_spades_no_contam.fasta,Skrap3_S361_spades_no_contam.fasta,11665_S342_spades_no_contam.fasta,11663_S340_spades_no_contam.fasta,11662_no_contam.fasta,11669_S346_spades_no_contam.fasta,11668_S345_spades_no_contam.fasta,11670_S347_spades_no_contam.fasta,11666_S343_spades_no_contam.fasta,11667_S344_spades_no_contam.fasta,11664_S341_spades_no_contam.fasta,Sogn5_S362_spades_no_contam.fasta,Ring1_S359_spades_no_contam.fasta,Kara3_S353_spades_no_contam.fasta,Wirz_S363_spades_no_contam.fasta}#{20045_S349_spades_no_contam.fasta,20031_S348_spades_no_contam.fasta,GCA_054369615.1_ASM5436961v1_genomic.fna,30021_S33_L007,GCA_001691765.1_ASM169176v1_genomic.fna,30000_S38_L007}|{GCA_023014455.1_ASM2301445v1_genomic.fna,GCA_001983365.1_ASM198336v1_genomic.fna,GCA_023014435.1_ASM2301443v1_genomic.fna,GCA_023014395.1_ASM2301439v1_genomic.fna,GCA_023014475.1_ASM2301447v1_genomic.fna,GCA_032173475.1_ASM3217347v1_genomic.fna,GCA_001983385.1_ASM198338v1_genomic.fna,GCA_020011035.1_ASM2001103v1_genomic.fna,GCA_023014405.1_ASM2301440v1_genomic.fna,GCA_001691785.3_ASM169178v3_genomic.fna,40019_S37_L007,GCA_015039365.1_Amarub1_genomic.fna,SRR36117447_contigs.fasta,Amapyr1_AssemblyScaffolds_Repeatmasked.fasta,GCA_001691755.2_ASM169175v2_genomic.fna,GCA_003316615.1_ASM331661v1_genomic.fna,Volvo1_AssemblyScaffolds_Repeatmasked.fasta,GCA_002554575.1_Amanita_thiersii_v1.0_genomic.fna,GCA_001691775.3_ASM169177v3_genomic.fna,GCA_000497225.1_AmaJack1.0_genomic.fna,40225_S35_L007,30280_S34_L007,Amagr1_AssemblyScaffolds.fasta,SRR36145290_contigs.fasta,SRR36137136_contigs.fasta,SRR36137101_contigs.fasta,SRR36141466_contigs.fasta,NesPan3_S357_spades_no_contam.fasta,SRR36137094_contigs.fasta,SRR36118002_contigs.fasta,SRR36145299_contigs.fasta,SRR36137480_contigs.fasta,SRR36137064_contigs.fasta}	1	3067	3209
N21	t2	{GCA_023014455.1_ASM2301445v1_genomic.fna,GCA_001983365.1_ASM198336v1_genomic.fna,GCA_023014435.1_ASM2301443v1_genomic.fna,GCA_023014395.1_ASM2301439v1_genomic.fna,GCA_023014475.1_ASM2301447v1_genomic.fna,GCA_032173475.1_ASM3217347v1_genomic.fna,GCA_001983385.1_ASM198338v1_genomic.fna,GCA_020011035.1_ASM2001103v1_genomic.fna,GCA_023014405.1_ASM2301440v1_genomic.fna,GCA_001691785.3_ASM169178v3_genomic.fna,40019_S37_L007,GCA_015039365.1_Amarub1_genomic.fna,SRR36117447_contigs.fasta,Amapyr1_AssemblyScaffolds_Repeatmasked.fasta,GCA_001691755.2_ASM169175v2_genomic.fna,GCA_003316615.1_ASM331661v1_genomic.fna,Volvo1_AssemblyScaffolds_Repeatmasked.fasta,GCA_002554575.1_Amanita_thiersii_v1.0_genomic.fna,GCA_001691775.3_ASM169177v3_genomic.fna,GCA_000497225.1_AmaJack1.0_genomic.fna,40225_S35_L007,30280_S34_L007,Amagr1_AssemblyScaffolds.fasta,SRR36145290_contigs.fasta,SRR36137136_contigs.fasta,SRR36137101_contigs.fasta,SRR36141466_contigs.fasta,NesPan3_S357_spades_no_contam.fasta,SRR36137094_contigs.fasta,SRR36118002_contigs.fasta,SRR36145299_contigs.fasta,SRR36137480_contigs.fasta,SRR36137064_contigs.fasta}|{Gril1_S352_spades_no_contam.fasta,Frag1_S351_spades_no_contam.fasta,Aus332_S350_spades_no_contam.fasta,NzAUS95_S358_spades_no_contam.fasta,Nes1_S356_spades_no_contam.fasta,Skrap3_S361_spades_no_contam.fasta,11665_S342_spades_no_contam.fasta,11663_S340_spades_no_contam.fasta,11662_no_contam.fasta,11669_S346_spades_no_contam.fasta,11668_S345_spades_no_contam.fasta,11670_S347_spades_no_contam.fasta,11666_S343_spades_no_contam.fasta,11667_S344_spades_no_contam.fasta,11664_S341_spades_no_contam.fasta,Sogn5_S362_spades_no_contam.fasta,Ring1_S359_spades_no_contam.fasta,Kara3_S353_spades_no_contam.fasta,Wirz_S363_spades_no_contam.fasta}#{20045_S349_spades_no_contam.fasta,20031_S348_spades_no_contam.fasta,GCA_054369615.1_ASM5436961v1_genomic.fna,30021_S33_L007,GCA_001691765.1_ASM169176v1_genomic.fna,30000_S38_L007}|{NagxHevest_S354_spades_no_contam.fasta,NagxHevestB_S355_spades_no_contam.fasta,SRR36137122_contigs.fasta}	0	82.0367	3209
N21	t3	{NagxHevest_S354_spades_no_contam.fasta,NagxHevestB_S355_spades_no_contam.fasta,SRR36137122_contigs.fasta}|{GCA_023014455.1_ASM2301445v1_genomic.fna,GCA_001983365.1_ASM198336v1_genomic.fna,GCA_023014435.1_ASM2301443v1_genomic.fna,GCA_023014395.1_ASM2301439v1_genomic.fna,GCA_023014475.1_ASM2301447v1_genomic.fna,GCA_032173475.1_ASM3217347v1_genomic.fna,GCA_001983385.1_ASM198338v1_genomic.fna,GCA_020011035.1_ASM2001103v1_genomic.fna,GCA_023014405.1_ASM2301440v1_genomic.fna,GCA_001691785.3_ASM169178v3_genomic.fna,40019_S37_L007,GCA_015039365.1_Amarub1_genomic.fna,SRR36117447_contigs.fasta,Amapyr1_AssemblyScaffolds_Repeatmasked.fasta,GCA_001691755.2_ASM169175v2_genomic.fna,GCA_003316615.1_ASM331661v1_genomic.fna,Volvo1_AssemblyScaffolds_Repeatmasked.fasta,GCA_002554575.1_Amanita_thiersii_v1.0_genomic.fna,GCA_001691775.3_ASM169177v3_genomic.fna,GCA_000497225.1_AmaJack1.0_genomic.fna,40225_S35_L007,30280_S34_L007,Amagr1_AssemblyScaffolds.fasta,SRR36145290_contigs.fasta,SRR36137136_contigs.fasta,SRR36137101_contigs.fasta,SRR36141466_contigs.fasta,NesPan3_S357_spades_no_contam.fasta,SRR36137094_contigs.fasta,SRR36118002_contigs.fasta,SRR36145299_contigs.fasta,SRR36137480_contigs.fasta,SRR36137064_contigs.fasta}#{20045_S349_spades_no_contam.fasta,20031_S348_spades_no_contam.fasta,GCA_054369615.1_ASM5436961v1_genomic.fna,30021_S33_L007,GCA_001691765.1_ASM169176v1_genomic.fna,30000_S38_L007}|{Gril1_S352_spades_no_contam.fasta,Frag1_S351_spades_no_contam.fasta,Aus332_S350_spades_no_contam.fasta,NzAUS95_S358_spades_no_contam.fasta,Nes1_S356_spades_no_contam.fasta,Skrap3_S361_spades_no_contam.fasta,11665_S342_spades_no_contam.fasta,11663_S340_spades_no_contam.fasta,11662_no_contam.fasta,11669_S346_spades_no_contam.fasta,11668_S345_spades_no_contam.fasta,11670_S347_spades_no_contam.fasta,11666_S343_spades_no_contam.fasta,11667_S344_spades_no_contam.fasta,11664_S341_spades_no_contam.fasta,Sogn5_S362_spades_no_contam.fasta,Ring1_S359_spades_no_contam.fasta,Kara3_S353_spades_no_contam.fasta,Wirz_S363_spades_no_contam.fasta}	0	59.9646	3209
N22	t1	{20045_S349_spades_no_contam.fasta}|{20031_S348_spades_no_contam.fasta}#{GCA_054369615.1_ASM5436961v1_genomic.fna}|{GCA_023014455.1_ASM2301445v1_genomic.fna,GCA_001983365.1_ASM198336v1_genomic.fna,GCA_023014435.1_ASM2301443v1_genomic.fna,GCA_023014395.1_ASM2301439v1_genomic.fna,GCA_023014475.1_ASM2301447v1_genomic.fna,GCA_032173475.1_ASM3217347v1_genomic.fna,GCA_001983385.1_ASM198338v1_genomic.fna,GCA_020011035.1_ASM2001103v1_genomic.fna,GCA_023014405.1_ASM2301440v1_genomic.fna,GCA_001691785.3_ASM169178v3_genomic.fna,40019_S37_L007,GCA_015039365.1_Amarub1_genomic.fna,SRR36117447_contigs.fasta,Amapyr1_AssemblyScaffolds_Repeatmasked.fasta,GCA_001691755.2_ASM169175v2_genomic.fna,GCA_003316615.1_ASM331661v1_genomic.fna,Volvo1_AssemblyScaffolds_Repeatmasked.fasta,GCA_002554575.1_Amanita_thiersii_v1.0_genomic.fna,GCA_001691775.3_ASM169177v3_genomic.fna,GCA_000497225.1_AmaJack1.0_genomic.fna,40225_S35_L007,30280_S34_L007,Amagr1_AssemblyScaffolds.fasta,SRR36145290_contigs.fasta,SRR36137136_contigs.fasta,SRR36137101_contigs.fasta,SRR36141466_contigs.fasta,NesPan3_S357_spades_no_contam.fasta,SRR36137094_contigs.fasta,SRR36118002_contigs.fasta,SRR36145299_contigs.fasta,SRR36137480_contigs.fasta,SRR36137064_contigs.fasta,NagxHevest_S354_spades_no_contam.fasta,NagxHevestB_S355_spades_no_contam.fasta,SRR36137122_contigs.fasta,Gril1_S352_spades_no_contam.fasta,Frag1_S351_spades_no_contam.fasta,Aus332_S350_spades_no_contam.fasta,NzAUS95_S358_spades_no_contam.fasta,Nes1_S356_spades_no_contam.fasta,Skrap3_S361_spades_no_contam.fasta,11665_S342_spades_no_contam.fasta,11663_S340_spades_no_contam.fasta,11662_no_contam.fasta,11669_S346_spades_no_contam.fasta,11668_S345_spades_no_contam.fasta,11670_S347_spades_no_contam.fasta,11666_S343_spades_no_contam.fasta,11667_S344_spades_no_contam.fasta,11664_S341_spades_no_contam.fasta,Sogn5_S362_spades_no_contam.fasta,Ring1_S359_spades_no_contam.fasta,Kara3_S353_spades_no_contam.fasta,Wirz_S363_spades_no_contam.fasta,30021_S33_L007,GCA_001691765.1_ASM169176v1_genomic.fna,30000_S38_L007}	0.999997	70.782	132
N22	t2	{GCA_023014455.1_ASM2301445v1_genomic.fna,GCA_001983365.1_ASM198336v1_genomic.fna,GCA_023014435.1_ASM2301443v1_genomic.fna,GCA_023014395.1_ASM2301439v1_genomic.fna,GCA_023014475.1_ASM2301447v1_genomic.fna,GCA_032173475.1_ASM3217347v1_genomic.fna,GCA_001983385.1_ASM198338v1_genomic.fna,GCA_020011035.1_ASM2001103v1_genomic.fna,GCA_023014405.1_ASM2301440v1_genomic.fna,GCA_001691785.3_ASM169178v3_genomic.fna,40019_S37_L007,GCA_015039365.1_Amarub1_genomic.fna,SRR36117447_contigs.fasta,Amapyr1_AssemblyScaffolds_Repeatmasked.fasta,GCA_001691755.2_ASM169175v2_genomic.fna,GCA_003316615.1_ASM331661v1_genomic.fna,Volvo1_AssemblyScaffolds_Repeatmasked.fasta,GCA_002554575.1_Amanita_thiersii_v1.0_genomic.fna,GCA_001691775.3_ASM169177v3_genomic.fna,GCA_000497225.1_AmaJack1.0_genomic.fna,40225_S35_L007,30280_S34_L007,Amagr1_AssemblyScaffolds.fasta,SRR36145290_contigs.fasta,SRR36137136_contigs.fasta,SRR36137101_contigs.fasta,SRR36141466_contigs.fasta,NesPan3_S357_spades_no_contam.fasta,SRR36137094_contigs.fasta,SRR36118002_contigs.fasta,SRR36145299_contigs.fasta,SRR36137480_contigs.fasta,SRR36137064_contigs.fasta,NagxHevest_S354_spades_no_contam.fasta,NagxHevestB_S355_spades_no_contam.fasta,SRR36137122_contigs.fasta,Gril1_S352_spades_no_contam.fasta,Frag1_S351_spades_no_contam.fasta,Aus332_S350_spades_no_contam.fasta,NzAUS95_S358_spades_no_contam.fasta,Nes1_S356_spades_no_contam.fasta,Skrap3_S361_spades_no_contam.fasta,11665_S342_spades_no_contam.fasta,11663_S340_spades_no_contam.fasta,11662_no_contam.fasta,11669_S346_spades_no_contam.fasta,11668_S345_spades_no_contam.fasta,11670_S347_spades_no_contam.fasta,11666_S343_spades_no_contam.fasta,11667_S344_spades_no_contam.fasta,11664_S341_spades_no_contam.fasta,Sogn5_S362_spades_no_contam.fasta,Ring1_S359_spades_no_contam.fasta,Kara3_S353_spades_no_contam.fasta,Wirz_S363_spades_no_contam.fasta,30021_S33_L007,GCA_001691765.1_ASM169176v1_genomic.fna,30000_S38_L007}|{20031_S348_spades_no_contam.fasta}#{GCA_054369615.1_ASM5436961v1_genomic.fna}|{20045_S349_spades_no_contam.fasta}	1.10458e-06	24.9779	132
N22	t3	{20045_S349_spades_no_contam.fasta}|{GCA_023014455.1_ASM2301445v1_genomic.fna,GCA_001983365.1_ASM198336v1_genomic.fna,GCA_023014435.1_ASM2301443v1_genomic.fna,GCA_023014395.1_ASM2301439v1_genomic.fna,GCA_023014475.1_ASM2301447v1_genomic.fna,GCA_032173475.1_ASM3217347v1_genomic.fna,GCA_001983385.1_ASM198338v1_genomic.fna,GCA_020011035.1_ASM2001103v1_genomic.fna,GCA_023014405.1_ASM2301440v1_genomic.fna,GCA_001691785.3_ASM169178v3_genomic.fna,40019_S37_L007,GCA_015039365.1_Amarub1_genomic.fna,SRR36117447_contigs.fasta,Amapyr1_AssemblyScaffolds_Repeatmasked.fasta,GCA_001691755.2_ASM169175v2_genomic.fna,GCA_003316615.1_ASM331661v1_genomic.fna,Volvo1_AssemblyScaffolds_Repeatmasked.fasta,GCA_002554575.1_Amanita_thiersii_v1.0_genomic.fna,GCA_001691775.3_ASM169177v3_genomic.fna,GCA_000497225.1_AmaJack1.0_genomic.fna,40225_S35_L007,30280_S34_L007,Amagr1_AssemblyScaffolds.fasta,SRR36145290_contigs.fasta,SRR36137136_contigs.fasta,SRR36137101_contigs.fasta,SRR36141466_contigs.fasta,NesPan3_S357_spades_no_contam.fasta,SRR36137094_contigs.fasta,SRR36118002_contigs.fasta,SRR36145299_contigs.fasta,SRR36137480_contigs.fasta,SRR36137064_contigs.fasta,NagxHevest_S354_spades_no_contam.fasta,NagxHevestB_S355_spades_no_contam.fasta,SRR36137122_contigs.fasta,Gril1_S352_spades_no_contam.fasta,Frag1_S351_spades_no_contam.fasta,Aus332_S350_spades_no_contam.fasta,NzAUS95_S358_spades_no_contam.fasta,Nes1_S356_spades_no_contam.fasta,Skrap3_S361_spades_no_contam.fasta,11665_S342_spades_no_contam.fasta,11663_S340_spades_no_contam.fasta,11662_no_contam.fasta,11669_S346_spades_no_contam.fasta,11668_S345_spades_no_contam.fasta,11670_S347_spades_no_contam.fasta,11666_S343_spades_no_contam.fasta,11667_S344_spades_no_contam.fasta,11664_S341_spades_no_contam.fasta,Sogn5_S362_spades_no_contam.fasta,Ring1_S359_spades_no_contam.fasta,Kara3_S353_spades_no_contam.fasta,Wirz_S363_spades_no_contam.fasta,30021_S33_L007,GCA_001691765.1_ASM169176v1_genomic.fna,30000_S38_L007}#{GCA_054369615.1_ASM5436961v1_genomic.fna}|{20031_S348_spades_no_contam.fasta}	2.2255e-06	36.2401	132
N23	t1	{20045_S349_spades_no_contam.fasta,20031_S348_spades_no_contam.fasta}|{GCA_054369615.1_ASM5436961v1_genomic.fna}#{30021_S33_L007,GCA_001691765.1_ASM169176v1_genomic.fna,30000_S38_L007}|{GCA_023014455.1_ASM2301445v1_genomic.fna,GCA_001983365.1_ASM198336v1_genomic.fna,GCA_023014435.1_ASM2301443v1_genomic.fna,GCA_023014395.1_ASM2301439v1_genomic.fna,GCA_023014475.1_ASM2301447v1_genomic.fna,GCA_032173475.1_ASM3217347v1_genomic.fna,GCA_001983385.1_ASM198338v1_genomic.fna,GCA_020011035.1_ASM2001103v1_genomic.fna,GCA_023014405.1_ASM2301440v1_genomic.fna,GCA_001691785.3_ASM169178v3_genomic.fna,40019_S37_L007,GCA_015039365.1_Amarub1_genomic.fna,SRR36117447_contigs.fasta,Amapyr1_AssemblyScaffolds_Repeatmasked.fasta,GCA_001691755.2_ASM169175v2_genomic.fna,GCA_003316615.1_ASM331661v1_genomic.fna,Volvo1_AssemblyScaffolds_Repeatmasked.fasta,GCA_002554575.1_Amanita_thiersii_v1.0_genomic.fna,GCA_001691775.3_ASM169177v3_genomic.fna,GCA_000497225.1_AmaJack1.0_genomic.fna,40225_S35_L007,30280_S34_L007,Amagr1_AssemblyScaffolds.fasta,SRR36145290_contigs.fasta,SRR36137136_contigs.fasta,SRR36137101_contigs.fasta,SRR36141466_contigs.fasta,NesPan3_S357_spades_no_contam.fasta,SRR36137094_contigs.fasta,SRR36118002_contigs.fasta,SRR36145299_contigs.fasta,SRR36137480_contigs.fasta,SRR36137064_contigs.fasta,NagxHevest_S354_spades_no_contam.fasta,NagxHevestB_S355_spades_no_contam.fasta,SRR36137122_contigs.fasta,Gril1_S352_spades_no_contam.fasta,Frag1_S351_spades_no_contam.fasta,Aus332_S350_spades_no_contam.fasta,NzAUS95_S358_spades_no_contam.fasta,Nes1_S356_spades_no_contam.fasta,Skrap3_S361_spades_no_contam.fasta,11665_S342_spades_no_contam.fasta,11663_S340_spades_no_contam.fasta,11662_no_contam.fasta,11669_S346_spades_no_contam.fasta,11668_S345_spades_no_contam.fasta,11670_S347_spades_no_contam.fasta,11666_S343_spades_no_contam.fasta,11667_S344_spades_no_contam.fasta,11664_S341_spades_no_contam.fasta,Sogn5_S362_spades_no_contam.fasta,Ring1_S359_spades_no_contam.fasta,Kara3_S353_spades_no_contam.fasta,Wirz_S363_spades_no_contam.fasta}	1	136.179	171
N23	t2	{GCA_023014455.1_ASM2301445v1_genomic.fna,GCA_001983365.1_ASM198336v1_genomic.fna,GCA_023014435.1_ASM2301443v1_genomic.fna,GCA_023014395.1_ASM2301439v1_genomic.fna,GCA_023014475.1_ASM2301447v1_genomic.fna,GCA_032173475.1_ASM3217347v1_genomic.fna,GCA_001983385.1_ASM198338v1_genomic.fna,GCA_020011035.1_ASM2001103v1_genomic.fna,GCA_023014405.1_ASM2301440v1_genomic.fna,GCA_001691785.3_ASM169178v3_genomic.fna,40019_S37_L007,GCA_015039365.1_Amarub1_genomic.fna,SRR36117447_contigs.fasta,Amapyr1_AssemblyScaffolds_Repeatmasked.fasta,GCA_001691755.2_ASM169175v2_genomic.fna,GCA_003316615.1_ASM331661v1_genomic.fna,Volvo1_AssemblyScaffolds_Repeatmasked.fasta,GCA_002554575.1_Amanita_thiersii_v1.0_genomic.fna,GCA_001691775.3_ASM169177v3_genomic.fna,GCA_000497225.1_AmaJack1.0_genomic.fna,40225_S35_L007,30280_S34_L007,Amagr1_AssemblyScaffolds.fasta,SRR36145290_contigs.fasta,SRR36137136_contigs.fasta,SRR36137101_contigs.fasta,SRR36141466_contigs.fasta,NesPan3_S357_spades_no_contam.fasta,SRR36137094_contigs.fasta,SRR36118002_contigs.fasta,SRR36145299_contigs.fasta,SRR36137480_contigs.fasta,SRR36137064_contigs.fasta,NagxHevest_S354_spades_no_contam.fasta,NagxHevestB_S355_spades_no_contam.fasta,SRR36137122_contigs.fasta,Gril1_S352_spades_no_contam.fasta,Frag1_S351_spades_no_contam.fasta,Aus332_S350_spades_no_contam.fasta,NzAUS95_S358_spades_no_contam.fasta,Nes1_S356_spades_no_contam.fasta,Skrap3_S361_spades_no_contam.fasta,11665_S342_spades_no_contam.fasta,11663_S340_spades_no_contam.fasta,11662_no_contam.fasta,11669_S346_spades_no_contam.fasta,11668_S345_spades_no_contam.fasta,11670_S347_spades_no_contam.fasta,11666_S343_spades_no_contam.fasta,11667_S344_spades_no_contam.fasta,11664_S341_spades_no_contam.fasta,Sogn5_S362_spades_no_contam.fasta,Ring1_S359_spades_no_contam.fasta,Kara3_S353_spades_no_contam.fasta,Wirz_S363_spades_no_contam.fasta}|{GCA_054369615.1_ASM5436961v1_genomic.fna}#{30021_S33_L007,GCA_001691765.1_ASM169176v1_genomic.fna,30000_S38_L007}|{20045_S349_spades_no_contam.fasta,20031_S348_spades_no_contam.fasta}	0	18.2975	171
N23	t3	{20045_S349_spades_no_contam.fasta,20031_S348_spades_no_contam.fasta}|{GCA_023014455.1_ASM2301445v1_genomic.fna,GCA_001983365.1_ASM198336v1_genomic.fna,GCA_023014435.1_ASM2301443v1_genomic.fna,GCA_023014395.1_ASM2301439v1_genomic.fna,GCA_023014475.1_ASM2301447v1_genomic.fna,GCA_032173475.1_ASM3217347v1_genomic.fna,GCA_001983385.1_ASM198338v1_genomic.fna,GCA_020011035.1_ASM2001103v1_genomic.fna,GCA_023014405.1_ASM2301440v1_genomic.fna,GCA_001691785.3_ASM169178v3_genomic.fna,40019_S37_L007,GCA_015039365.1_Amarub1_genomic.fna,SRR36117447_contigs.fasta,Amapyr1_AssemblyScaffolds_Repeatmasked.fasta,GCA_001691755.2_ASM169175v2_genomic.fna,GCA_003316615.1_ASM331661v1_genomic.fna,Volvo1_AssemblyScaffolds_Repeatmasked.fasta,GCA_002554575.1_Amanita_thiersii_v1.0_genomic.fna,GCA_001691775.3_ASM169177v3_genomic.fna,GCA_000497225.1_AmaJack1.0_genomic.fna,40225_S35_L007,30280_S34_L007,Amagr1_AssemblyScaffolds.fasta,SRR36145290_contigs.fasta,SRR36137136_contigs.fasta,SRR36137101_contigs.fasta,SRR36141466_contigs.fasta,NesPan3_S357_spades_no_contam.fasta,SRR36137094_contigs.fasta,SRR36118002_contigs.fasta,SRR36145299_contigs.fasta,SRR36137480_contigs.fasta,SRR36137064_contigs.fasta,NagxHevest_S354_spades_no_contam.fasta,NagxHevestB_S355_spades_no_contam.fasta,SRR36137122_contigs.fasta,Gril1_S352_spades_no_contam.fasta,Frag1_S351_spades_no_contam.fasta,Aus332_S350_spades_no_contam.fasta,NzAUS95_S358_spades_no_contam.fasta,Nes1_S356_spades_no_contam.fasta,Skrap3_S361_spades_no_contam.fasta,11665_S342_spades_no_contam.fasta,11663_S340_spades_no_contam.fasta,11662_no_contam.fasta,11669_S346_spades_no_contam.fasta,11668_S345_spades_no_contam.fasta,11670_S347_spades_no_contam.fasta,11666_S343_spades_no_contam.fasta,11667_S344_spades_no_contam.fasta,11664_S341_spades_no_contam.fasta,Sogn5_S362_spades_no_contam.fasta,Ring1_S359_spades_no_contam.fasta,Kara3_S353_spades_no_contam.fasta,Wirz_S363_spades_no_contam.fasta}#{30021_S33_L007,GCA_001691765.1_ASM169176v1_genomic.fna,30000_S38_L007}|{GCA_054369615.1_ASM5436961v1_genomic.fna}	0	16.5235	171
N24	t1	{30021_S33_L007}|{GCA_001691765.1_ASM169176v1_genomic.fna}#{30000_S38_L007}|{GCA_023014455.1_ASM2301445v1_genomic.fna,GCA_001983365.1_ASM198336v1_genomic.fna,GCA_023014435.1_ASM2301443v1_genomic.fna,GCA_023014395.1_ASM2301439v1_genomic.fna,GCA_023014475.1_ASM2301447v1_genomic.fna,GCA_032173475.1_ASM3217347v1_genomic.fna,GCA_001983385.1_ASM198338v1_genomic.fna,GCA_020011035.1_ASM2001103v1_genomic.fna,GCA_023014405.1_ASM2301440v1_genomic.fna,GCA_001691785.3_ASM169178v3_genomic.fna,40019_S37_L007,GCA_015039365.1_Amarub1_genomic.fna,SRR36117447_contigs.fasta,Amapyr1_AssemblyScaffolds_Repeatmasked.fasta,GCA_001691755.2_ASM169175v2_genomic.fna,GCA_003316615.1_ASM331661v1_genomic.fna,Volvo1_AssemblyScaffolds_Repeatmasked.fasta,GCA_002554575.1_Amanita_thiersii_v1.0_genomic.fna,GCA_001691775.3_ASM169177v3_genomic.fna,GCA_000497225.1_AmaJack1.0_genomic.fna,40225_S35_L007,30280_S34_L007,Amagr1_AssemblyScaffolds.fasta,SRR36145290_contigs.fasta,SRR36137136_contigs.fasta,SRR36137101_contigs.fasta,SRR36141466_contigs.fasta,NesPan3_S357_spades_no_contam.fasta,SRR36137094_contigs.fasta,SRR36118002_contigs.fasta,SRR36145299_contigs.fasta,SRR36137480_contigs.fasta,SRR36137064_contigs.fasta,NagxHevest_S354_spades_no_contam.fasta,NagxHevestB_S355_spades_no_contam.fasta,SRR36137122_contigs.fasta,Gril1_S352_spades_no_contam.fasta,Frag1_S351_spades_no_contam.fasta,Aus332_S350_spades_no_contam.fasta,NzAUS95_S358_spades_no_contam.fasta,Nes1_S356_spades_no_contam.fasta,Skrap3_S361_spades_no_contam.fasta,11665_S342_spades_no_contam.fasta,11663_S340_spades_no_contam.fasta,11662_no_contam.fasta,11669_S346_spades_no_contam.fasta,11668_S345_spades_no_contam.fasta,11670_S347_spades_no_contam.fasta,11666_S343_spades_no_contam.fasta,11667_S344_spades_no_contam.fasta,11664_S341_spades_no_contam.fasta,Sogn5_S362_spades_no_contam.fasta,Ring1_S359_spades_no_contam.fasta,Kara3_S353_spades_no_contam.fasta,Wirz_S363_spades_no_contam.fasta,20045_S349_spades_no_contam.fasta,20031_S348_spades_no_contam.fasta,GCA_054369615.1_ASM5436961v1_genomic.fna}	1	562.885	946
N24	t2	{GCA_023014455.1_ASM2301445v1_genomic.fna,GCA_001983365.1_ASM198336v1_genomic.fna,GCA_023014435.1_ASM2301443v1_genomic.fna,GCA_023014395.1_ASM2301439v1_genomic.fna,GCA_023014475.1_ASM2301447v1_genomic.fna,GCA_032173475.1_ASM3217347v1_genomic.fna,GCA_001983385.1_ASM198338v1_genomic.fna,GCA_020011035.1_ASM2001103v1_genomic.fna,GCA_023014405.1_ASM2301440v1_genomic.fna,GCA_001691785.3_ASM169178v3_genomic.fna,40019_S37_L007,GCA_015039365.1_Amarub1_genomic.fna,SRR36117447_contigs.fasta,Amapyr1_AssemblyScaffolds_Repeatmasked.fasta,GCA_001691755.2_ASM169175v2_genomic.fna,GCA_003316615.1_ASM331661v1_genomic.fna,Volvo1_AssemblyScaffolds_Repeatmasked.fasta,GCA_002554575.1_Amanita_thiersii_v1.0_genomic.fna,GCA_001691775.3_ASM169177v3_genomic.fna,GCA_000497225.1_AmaJack1.0_genomic.fna,40225_S35_L007,30280_S34_L007,Amagr1_AssemblyScaffolds.fasta,SRR36145290_contigs.fasta,SRR36137136_contigs.fasta,SRR36137101_contigs.fasta,SRR36141466_contigs.fasta,NesPan3_S357_spades_no_contam.fasta,SRR36137094_contigs.fasta,SRR36118002_contigs.fasta,SRR36145299_contigs.fasta,SRR36137480_contigs.fasta,SRR36137064_contigs.fasta,NagxHevest_S354_spades_no_contam.fasta,NagxHevestB_S355_spades_no_contam.fasta,SRR36137122_contigs.fasta,Gril1_S352_spades_no_contam.fasta,Frag1_S351_spades_no_contam.fasta,Aus332_S350_spades_no_contam.fasta,NzAUS95_S358_spades_no_contam.fasta,Nes1_S356_spades_no_contam.fasta,Skrap3_S361_spades_no_contam.fasta,11665_S342_spades_no_contam.fasta,11663_S340_spades_no_contam.fasta,11662_no_contam.fasta,11669_S346_spades_no_contam.fasta,11668_S345_spades_no_contam.fasta,11670_S347_spades_no_contam.fasta,11666_S343_spades_no_contam.fasta,11667_S344_spades_no_contam.fasta,11664_S341_spades_no_contam.fasta,Sogn5_S362_spades_no_contam.fasta,Ring1_S359_spades_no_contam.fasta,Kara3_S353_spades_no_contam.fasta,Wirz_S363_spades_no_contam.fasta,20045_S349_spades_no_contam.fasta,20031_S348_spades_no_contam.fasta,GCA_054369615.1_ASM5436961v1_genomic.fna}|{GCA_001691765.1_ASM169176v1_genomic.fna}#{30000_S38_L007}|{30021_S33_L007}	0	210.193	946
N24	t3	{30021_S33_L007}|{GCA_023014455.1_ASM2301445v1_genomic.fna,GCA_001983365.1_ASM198336v1_genomic.fna,GCA_023014435.1_ASM2301443v1_genomic.fna,GCA_023014395.1_ASM2301439v1_genomic.fna,GCA_023014475.1_ASM2301447v1_genomic.fna,GCA_032173475.1_ASM3217347v1_genomic.fna,GCA_001983385.1_ASM198338v1_genomic.fna,GCA_020011035.1_ASM2001103v1_genomic.fna,GCA_023014405.1_ASM2301440v1_genomic.fna,GCA_001691785.3_ASM169178v3_genomic.fna,40019_S37_L007,GCA_015039365.1_Amarub1_genomic.fna,SRR36117447_contigs.fasta,Amapyr1_AssemblyScaffolds_Repeatmasked.fasta,GCA_001691755.2_ASM169175v2_genomic.fna,GCA_003316615.1_ASM331661v1_genomic.fna,Volvo1_AssemblyScaffolds_Repeatmasked.fasta,GCA_002554575.1_Amanita_thiersii_v1.0_genomic.fna,GCA_001691775.3_ASM169177v3_genomic.fna,GCA_000497225.1_AmaJack1.0_genomic.fna,40225_S35_L007,30280_S34_L007,Amagr1_AssemblyScaffolds.fasta,SRR36145290_contigs.fasta,SRR36137136_contigs.fasta,SRR36137101_contigs.fasta,SRR36141466_contigs.fasta,NesPan3_S357_spades_no_contam.fasta,SRR36137094_contigs.fasta,SRR36118002_contigs.fasta,SRR36145299_contigs.fasta,SRR36137480_contigs.fasta,SRR36137064_contigs.fasta,NagxHevest_S354_spades_no_contam.fasta,NagxHevestB_S355_spades_no_contam.fasta,SRR36137122_contigs.fasta,Gril1_S352_spades_no_contam.fasta,Frag1_S351_spades_no_contam.fasta,Aus332_S350_spades_no_contam.fasta,NzAUS95_S358_spades_no_contam.fasta,Nes1_S356_spades_no_contam.fasta,Skrap3_S361_spades_no_contam.fasta,11665_S342_spades_no_contam.fasta,11663_S340_spades_no_contam.fasta,11662_no_contam.fasta,11669_S346_spades_no_contam.fasta,11668_S345_spades_no_contam.fasta,11670_S347_spades_no_contam.fasta,11666_S343_spades_no_contam.fasta,11667_S344_spades_no_contam.fasta,11664_S341_spades_no_contam.fasta,Sogn5_S362_spades_no_contam.fasta,Ring1_S359_spades_no_contam.fasta,Kara3_S353_spades_no_contam.fasta,Wirz_S363_spades_no_contam.fasta,20045_S349_spades_no_contam.fasta,20031_S348_spades_no_contam.fasta,GCA_054369615.1_ASM5436961v1_genomic.fna}#{30000_S38_L007}|{GCA_001691765.1_ASM169176v1_genomic.fna}	0	172.922	946
N25	t1	{30021_S33_L007,GCA_001691765.1_ASM169176v1_genomic.fna}|{30000_S38_L007}#{20045_S349_spades_no_contam.fasta,20031_S348_spades_no_contam.fasta,GCA_054369615.1_ASM5436961v1_genomic.fna}|{GCA_023014455.1_ASM2301445v1_genomic.fna,GCA_001983365.1_ASM198336v1_genomic.fna,GCA_023014435.1_ASM2301443v1_genomic.fna,GCA_023014395.1_ASM2301439v1_genomic.fna,GCA_023014475.1_ASM2301447v1_genomic.fna,GCA_032173475.1_ASM3217347v1_genomic.fna,GCA_001983385.1_ASM198338v1_genomic.fna,GCA_020011035.1_ASM2001103v1_genomic.fna,GCA_023014405.1_ASM2301440v1_genomic.fna,GCA_001691785.3_ASM169178v3_genomic.fna,40019_S37_L007,GCA_015039365.1_Amarub1_genomic.fna,SRR36117447_contigs.fasta,Amapyr1_AssemblyScaffolds_Repeatmasked.fasta,GCA_001691755.2_ASM169175v2_genomic.fna,GCA_003316615.1_ASM331661v1_genomic.fna,Volvo1_AssemblyScaffolds_Repeatmasked.fasta,GCA_002554575.1_Amanita_thiersii_v1.0_genomic.fna,GCA_001691775.3_ASM169177v3_genomic.fna,GCA_000497225.1_AmaJack1.0_genomic.fna,40225_S35_L007,30280_S34_L007,Amagr1_AssemblyScaffolds.fasta,SRR36145290_contigs.fasta,SRR36137136_contigs.fasta,SRR36137101_contigs.fasta,SRR36141466_contigs.fasta,NesPan3_S357_spades_no_contam.fasta,SRR36137094_contigs.fasta,SRR36118002_contigs.fasta,SRR36145299_contigs.fasta,SRR36137480_contigs.fasta,SRR36137064_contigs.fasta,NagxHevest_S354_spades_no_contam.fasta,NagxHevestB_S355_spades_no_contam.fasta,SRR36137122_contigs.fasta,Gril1_S352_spades_no_contam.fasta,Frag1_S351_spades_no_contam.fasta,Aus332_S350_spades_no_contam.fasta,NzAUS95_S358_spades_no_contam.fasta,Nes1_S356_spades_no_contam.fasta,Skrap3_S361_spades_no_contam.fasta,11665_S342_spades_no_contam.fasta,11663_S340_spades_no_contam.fasta,11662_no_contam.fasta,11669_S346_spades_no_contam.fasta,11668_S345_spades_no_contam.fasta,11670_S347_spades_no_contam.fasta,11666_S343_spades_no_contam.fasta,11667_S344_spades_no_contam.fasta,11664_S341_spades_no_contam.fasta,Sogn5_S362_spades_no_contam.fasta,Ring1_S359_spades_no_contam.fasta,Kara3_S353_spades_no_contam.fasta,Wirz_S363_spades_no_contam.fasta}	1	798.36	2074
N25	t2	{GCA_023014455.1_ASM2301445v1_genomic.fna,GCA_001983365.1_ASM198336v1_genomic.fna,GCA_023014435.1_ASM2301443v1_genomic.fna,GCA_023014395.1_ASM2301439v1_genomic.fna,GCA_023014475.1_ASM2301447v1_genomic.fna,GCA_032173475.1_ASM3217347v1_genomic.fna,GCA_001983385.1_ASM198338v1_genomic.fna,GCA_020011035.1_ASM2001103v1_genomic.fna,GCA_023014405.1_ASM2301440v1_genomic.fna,GCA_001691785.3_ASM169178v3_genomic.fna,40019_S37_L007,GCA_015039365.1_Amarub1_genomic.fna,SRR36117447_contigs.fasta,Amapyr1_AssemblyScaffolds_Repeatmasked.fasta,GCA_001691755.2_ASM169175v2_genomic.fna,GCA_003316615.1_ASM331661v1_genomic.fna,Volvo1_AssemblyScaffolds_Repeatmasked.fasta,GCA_002554575.1_Amanita_thiersii_v1.0_genomic.fna,GCA_001691775.3_ASM169177v3_genomic.fna,GCA_000497225.1_AmaJack1.0_genomic.fna,40225_S35_L007,30280_S34_L007,Amagr1_AssemblyScaffolds.fasta,SRR36145290_contigs.fasta,SRR36137136_contigs.fasta,SRR36137101_contigs.fasta,SRR36141466_contigs.fasta,NesPan3_S357_spades_no_contam.fasta,SRR36137094_contigs.fasta,SRR36118002_contigs.fasta,SRR36145299_contigs.fasta,SRR36137480_contigs.fasta,SRR36137064_contigs.fasta,NagxHevest_S354_spades_no_contam.fasta,NagxHevestB_S355_spades_no_contam.fasta,SRR36137122_contigs.fasta,Gril1_S352_spades_no_contam.fasta,Frag1_S351_spades_no_contam.fasta,Aus332_S350_spades_no_contam.fasta,NzAUS95_S358_spades_no_contam.fasta,Nes1_S356_spades_no_contam.fasta,Skrap3_S361_spades_no_contam.fasta,11665_S342_spades_no_contam.fasta,11663_S340_spades_no_contam.fasta,11662_no_contam.fasta,11669_S346_spades_no_contam.fasta,11668_S345_spades_no_contam.fasta,11670_S347_spades_no_contam.fasta,11666_S343_spades_no_contam.fasta,11667_S344_spades_no_contam.fasta,11664_S341_spades_no_contam.fasta,Sogn5_S362_spades_no_contam.fasta,Ring1_S359_spades_no_contam.fasta,Kara3_S353_spades_no_contam.fasta,Wirz_S363_spades_no_contam.fasta}|{30000_S38_L007}#{20045_S349_spades_no_contam.fasta,20031_S348_spades_no_contam.fasta,GCA_054369615.1_ASM5436961v1_genomic.fna}|{30021_S33_L007,GCA_001691765.1_ASM169176v1_genomic.fna}	0	582.861	2074
N25	t3	{30021_S33_L007,GCA_001691765.1_ASM169176v1_genomic.fna}|{GCA_023014455.1_ASM2301445v1_genomic.fna,GCA_001983365.1_ASM198336v1_genomic.fna,GCA_023014435.1_ASM2301443v1_genomic.fna,GCA_023014395.1_ASM2301439v1_genomic.fna,GCA_023014475.1_ASM2301447v1_genomic.fna,GCA_032173475.1_ASM3217347v1_genomic.fna,GCA_001983385.1_ASM198338v1_genomic.fna,GCA_020011035.1_ASM2001103v1_genomic.fna,GCA_023014405.1_ASM2301440v1_genomic.fna,GCA_001691785.3_ASM169178v3_genomic.fna,40019_S37_L007,GCA_015039365.1_Amarub1_genomic.fna,SRR36117447_contigs.fasta,Amapyr1_AssemblyScaffolds_Repeatmasked.fasta,GCA_001691755.2_ASM169175v2_genomic.fna,GCA_003316615.1_ASM331661v1_genomic.fna,Volvo1_AssemblyScaffolds_Repeatmasked.fasta,GCA_002554575.1_Amanita_thiersii_v1.0_genomic.fna,GCA_001691775.3_ASM169177v3_genomic.fna,GCA_000497225.1_AmaJack1.0_genomic.fna,40225_S35_L007,30280_S34_L007,Amagr1_AssemblyScaffolds.fasta,SRR36145290_contigs.fasta,SRR36137136_contigs.fasta,SRR36137101_contigs.fasta,SRR36141466_contigs.fasta,NesPan3_S357_spades_no_contam.fasta,SRR36137094_contigs.fasta,SRR36118002_contigs.fasta,SRR36145299_contigs.fasta,SRR36137480_contigs.fasta,SRR36137064_contigs.fasta,NagxHevest_S354_spades_no_contam.fasta,NagxHevestB_S355_spades_no_contam.fasta,SRR36137122_contigs.fasta,Gril1_S352_spades_no_contam.fasta,Frag1_S351_spades_no_contam.fasta,Aus332_S350_spades_no_contam.fasta,NzAUS95_S358_spades_no_contam.fasta,Nes1_S356_spades_no_contam.fasta,Skrap3_S361_spades_no_contam.fasta,11665_S342_spades_no_contam.fasta,11663_S340_spades_no_contam.fasta,11662_no_contam.fasta,11669_S346_spades_no_contam.fasta,11668_S345_spades_no_contam.fasta,11670_S347_spades_no_contam.fasta,11666_S343_spades_no_contam.fasta,11667_S344_spades_no_contam.fasta,11664_S341_spades_no_contam.fasta,Sogn5_S362_spades_no_contam.fasta,Ring1_S359_spades_no_contam.fasta,Kara3_S353_spades_no_contam.fasta,Wirz_S363_spades_no_contam.fasta}#{20045_S349_spades_no_contam.fasta,20031_S348_spades_no_contam.fasta,GCA_054369615.1_ASM5436961v1_genomic.fna}|{30000_S38_L007}	0	692.779	2074
N26	t1	{20045_S349_spades_no_contam.fasta,20031_S348_spades_no_contam.fasta,GCA_054369615.1_ASM5436961v1_genomic.fna}|{30021_S33_L007,GCA_001691765.1_ASM169176v1_genomic.fna,30000_S38_L007}#{NagxHevest_S354_spades_no_contam.fasta,NagxHevestB_S355_spades_no_contam.fasta,SRR36137122_contigs.fasta,Gril1_S352_spades_no_contam.fasta,Frag1_S351_spades_no_contam.fasta,Aus332_S350_spades_no_contam.fasta,NzAUS95_S358_spades_no_contam.fasta,Nes1_S356_spades_no_contam.fasta,Skrap3_S361_spades_no_contam.fasta,11665_S342_spades_no_contam.fasta,11663_S340_spades_no_contam.fasta,11662_no_contam.fasta,11669_S346_spades_no_contam.fasta,11668_S345_spades_no_contam.fasta,11670_S347_spades_no_contam.fasta,11666_S343_spades_no_contam.fasta,11667_S344_spades_no_contam.fasta,11664_S341_spades_no_contam.fasta,Sogn5_S362_spades_no_contam.fasta,Ring1_S359_spades_no_contam.fasta,Kara3_S353_spades_no_contam.fasta,Wirz_S363_spades_no_contam.fasta}|{GCA_023014455.1_ASM2301445v1_genomic.fna,GCA_001983365.1_ASM198336v1_genomic.fna,GCA_023014435.1_ASM2301443v1_genomic.fna,GCA_023014395.1_ASM2301439v1_genomic.fna,GCA_023014475.1_ASM2301447v1_genomic.fna,GCA_032173475.1_ASM3217347v1_genomic.fna,GCA_001983385.1_ASM198338v1_genomic.fna,GCA_020011035.1_ASM2001103v1_genomic.fna,GCA_023014405.1_ASM2301440v1_genomic.fna,GCA_001691785.3_ASM169178v3_genomic.fna,40019_S37_L007,GCA_015039365.1_Amarub1_genomic.fna,SRR36117447_contigs.fasta,Amapyr1_AssemblyScaffolds_Repeatmasked.fasta,GCA_001691755.2_ASM169175v2_genomic.fna,GCA_003316615.1_ASM331661v1_genomic.fna,Volvo1_AssemblyScaffolds_Repeatmasked.fasta,GCA_002554575.1_Amanita_thiersii_v1.0_genomic.fna,GCA_001691775.3_ASM169177v3_genomic.fna,GCA_000497225.1_AmaJack1.0_genomic.fna,40225_S35_L007,30280_S34_L007,Amagr1_AssemblyScaffolds.fasta,SRR36145290_contigs.fasta,SRR36137136_contigs.fasta,SRR36137101_contigs.fasta,SRR36141466_contigs.fasta,NesPan3_S357_spades_no_contam.fasta,SRR36137094_contigs.fasta,SRR36118002_contigs.fasta,SRR36145299_contigs.fasta,SRR36137480_contigs.fasta,SRR36137064_contigs.fasta}	1	2353.61	2692
N26	t2	{GCA_023014455.1_ASM2301445v1_genomic.fna,GCA_001983365.1_ASM198336v1_genomic.fna,GCA_023014435.1_ASM2301443v1_genomic.fna,GCA_023014395.1_ASM2301439v1_genomic.fna,GCA_023014475.1_ASM2301447v1_genomic.fna,GCA_032173475.1_ASM3217347v1_genomic.fna,GCA_001983385.1_ASM198338v1_genomic.fna,GCA_020011035.1_ASM2001103v1_genomic.fna,GCA_023014405.1_ASM2301440v1_genomic.fna,GCA_001691785.3_ASM169178v3_genomic.fna,40019_S37_L007,GCA_015039365.1_Amarub1_genomic.fna,SRR36117447_contigs.fasta,Amapyr1_AssemblyScaffolds_Repeatmasked.fasta,GCA_001691755.2_ASM169175v2_genomic.fna,GCA_003316615.1_ASM331661v1_genomic.fna,Volvo1_AssemblyScaffolds_Repeatmasked.fasta,GCA_002554575.1_Amanita_thiersii_v1.0_genomic.fna,GCA_001691775.3_ASM169177v3_genomic.fna,GCA_000497225.1_AmaJack1.0_genomic.fna,40225_S35_L007,30280_S34_L007,Amagr1_AssemblyScaffolds.fasta,SRR36145290_contigs.fasta,SRR36137136_contigs.fasta,SRR36137101_contigs.fasta,SRR36141466_contigs.fasta,NesPan3_S357_spades_no_contam.fasta,SRR36137094_contigs.fasta,SRR36118002_contigs.fasta,SRR36145299_contigs.fasta,SRR36137480_contigs.fasta,SRR36137064_contigs.fasta}|{30021_S33_L007,GCA_001691765.1_ASM169176v1_genomic.fna,30000_S38_L007}#{NagxHevest_S354_spades_no_contam.fasta,NagxHevestB_S355_spades_no_contam.fasta,SRR36137122_contigs.fasta,Gril1_S352_spades_no_contam.fasta,Frag1_S351_spades_no_contam.fasta,Aus332_S350_spades_no_contam.fasta,NzAUS95_S358_spades_no_contam.fasta,Nes1_S356_spades_no_contam.fasta,Skrap3_S361_spades_no_contam.fasta,11665_S342_spades_no_contam.fasta,11663_S340_spades_no_contam.fasta,11662_no_contam.fasta,11669_S346_spades_no_contam.fasta,11668_S345_spades_no_contam.fasta,11670_S347_spades_no_contam.fasta,11666_S343_spades_no_contam.fasta,11667_S344_spades_no_contam.fasta,11664_S341_spades_no_contam.fasta,Sogn5_S362_spades_no_contam.fasta,Ring1_S359_spades_no_contam.fasta,Kara3_S353_spades_no_contam.fasta,Wirz_S363_spades_no_contam.fasta}|{20045_S349_spades_no_contam.fasta,20031_S348_spades_no_contam.fasta,GCA_054369615.1_ASM5436961v1_genomic.fna}	0	178.87	2692
N26	t3	{20045_S349_spades_no_contam.fasta,20031_S348_spades_no_contam.fasta,GCA_054369615.1_ASM5436961v1_genomic.fna}|{GCA_023014455.1_ASM2301445v1_genomic.fna,GCA_001983365.1_ASM198336v1_genomic.fna,GCA_023014435.1_ASM2301443v1_genomic.fna,GCA_023014395.1_ASM2301439v1_genomic.fna,GCA_023014475.1_ASM2301447v1_genomic.fna,GCA_032173475.1_ASM3217347v1_genomic.fna,GCA_001983385.1_ASM198338v1_genomic.fna,GCA_020011035.1_ASM2001103v1_genomic.fna,GCA_023014405.1_ASM2301440v1_genomic.fna,GCA_001691785.3_ASM169178v3_genomic.fna,40019_S37_L007,GCA_015039365.1_Amarub1_genomic.fna,SRR36117447_contigs.fasta,Amapyr1_AssemblyScaffolds_Repeatmasked.fasta,GCA_001691755.2_ASM169175v2_genomic.fna,GCA_003316615.1_ASM331661v1_genomic.fna,Volvo1_AssemblyScaffolds_Repeatmasked.fasta,GCA_002554575.1_Amanita_thiersii_v1.0_genomic.fna,GCA_001691775.3_ASM169177v3_genomic.fna,GCA_000497225.1_AmaJack1.0_genomic.fna,40225_S35_L007,30280_S34_L007,Amagr1_AssemblyScaffolds.fasta,SRR36145290_contigs.fasta,SRR36137136_contigs.fasta,SRR36137101_contigs.fasta,SRR36141466_contigs.fasta,NesPan3_S357_spades_no_contam.fasta,SRR36137094_contigs.fasta,SRR36118002_contigs.fasta,SRR36145299_contigs.fasta,SRR36137480_contigs.fasta,SRR36137064_contigs.fasta}#{NagxHevest_S354_spades_no_contam.fasta,NagxHevestB_S355_spades_no_contam.fasta,SRR36137122_contigs.fasta,Gril1_S352_spades_no_contam.fasta,Frag1_S351_spades_no_contam.fasta,Aus332_S350_spades_no_contam.fasta,NzAUS95_S358_spades_no_contam.fasta,Nes1_S356_spades_no_contam.fasta,Skrap3_S361_spades_no_contam.fasta,11665_S342_spades_no_contam.fasta,11663_S340_spades_no_contam.fasta,11662_no_contam.fasta,11669_S346_spades_no_contam.fasta,11668_S345_spades_no_contam.fasta,11670_S347_spades_no_contam.fasta,11666_S343_spades_no_contam.fasta,11667_S344_spades_no_contam.fasta,11664_S341_spades_no_contam.fasta,Sogn5_S362_spades_no_contam.fasta,Ring1_S359_spades_no_contam.fasta,Kara3_S353_spades_no_contam.fasta,Wirz_S363_spades_no_contam.fasta}|{30021_S33_L007,GCA_001691765.1_ASM169176v1_genomic.fna,30000_S38_L007}	0	159.516	2692
N27	t1	{NagxHevest_S354_spades_no_contam.fasta,NagxHevestB_S355_spades_no_contam.fasta,SRR36137122_contigs.fasta,Gril1_S352_spades_no_contam.fasta,Frag1_S351_spades_no_contam.fasta,Aus332_S350_spades_no_contam.fasta,NzAUS95_S358_spades_no_contam.fasta,Nes1_S356_spades_no_contam.fasta,Skrap3_S361_spades_no_contam.fasta,11665_S342_spades_no_contam.fasta,11663_S340_spades_no_contam.fasta,11662_no_contam.fasta,11669_S346_spades_no_contam.fasta,11668_S345_spades_no_contam.fasta,11670_S347_spades_no_contam.fasta,11666_S343_spades_no_contam.fasta,11667_S344_spades_no_contam.fasta,11664_S341_spades_no_contam.fasta,Sogn5_S362_spades_no_contam.fasta,Ring1_S359_spades_no_contam.fasta,Kara3_S353_spades_no_contam.fasta,Wirz_S363_spades_no_contam.fasta}|{20045_S349_spades_no_contam.fasta,20031_S348_spades_no_contam.fasta,GCA_054369615.1_ASM5436961v1_genomic.fna,30021_S33_L007,GCA_001691765.1_ASM169176v1_genomic.fna,30000_S38_L007}#{SRR36137064_contigs.fasta}|{GCA_023014455.1_ASM2301445v1_genomic.fna,GCA_001983365.1_ASM198336v1_genomic.fna,GCA_023014435.1_ASM2301443v1_genomic.fna,GCA_023014395.1_ASM2301439v1_genomic.fna,GCA_023014475.1_ASM2301447v1_genomic.fna,GCA_032173475.1_ASM3217347v1_genomic.fna,GCA_001983385.1_ASM198338v1_genomic.fna,GCA_020011035.1_ASM2001103v1_genomic.fna,GCA_023014405.1_ASM2301440v1_genomic.fna,GCA_001691785.3_ASM169178v3_genomic.fna,40019_S37_L007,GCA_015039365.1_Amarub1_genomic.fna,SRR36117447_contigs.fasta,Amapyr1_AssemblyScaffolds_Repeatmasked.fasta,GCA_001691755.2_ASM169175v2_genomic.fna,GCA_003316615.1_ASM331661v1_genomic.fna,Volvo1_AssemblyScaffolds_Repeatmasked.fasta,GCA_002554575.1_Amanita_thiersii_v1.0_genomic.fna,GCA_001691775.3_ASM169177v3_genomic.fna,GCA_000497225.1_AmaJack1.0_genomic.fna,40225_S35_L007,30280_S34_L007,Amagr1_AssemblyScaffolds.fasta,SRR36145290_contigs.fasta,SRR36137136_contigs.fasta,SRR36137101_contigs.fasta,SRR36141466_contigs.fasta,NesPan3_S357_spades_no_contam.fasta,SRR36137094_contigs.fasta,SRR36118002_contigs.fasta,SRR36145299_contigs.fasta,SRR36137480_contigs.fasta}	1	3080.53	3384
N27	t2	{GCA_023014455.1_ASM2301445v1_genomic.fna,GCA_001983365.1_ASM198336v1_genomic.fna,GCA_023014435.1_ASM2301443v1_genomic.fna,GCA_023014395.1_ASM2301439v1_genomic.fna,GCA_023014475.1_ASM2301447v1_genomic.fna,GCA_032173475.1_ASM3217347v1_genomic.fna,GCA_001983385.1_ASM198338v1_genomic.fna,GCA_020011035.1_ASM2001103v1_genomic.fna,GCA_023014405.1_ASM2301440v1_genomic.fna,GCA_001691785.3_ASM169178v3_genomic.fna,40019_S37_L007,GCA_015039365.1_Amarub1_genomic.fna,SRR36117447_contigs.fasta,Amapyr1_AssemblyScaffolds_Repeatmasked.fasta,GCA_001691755.2_ASM169175v2_genomic.fna,GCA_003316615.1_ASM331661v1_genomic.fna,Volvo1_AssemblyScaffolds_Repeatmasked.fasta,GCA_002554575.1_Amanita_thiersii_v1.0_genomic.fna,GCA_001691775.3_ASM169177v3_genomic.fna,GCA_000497225.1_AmaJack1.0_genomic.fna,40225_S35_L007,30280_S34_L007,Amagr1_AssemblyScaffolds.fasta,SRR36145290_contigs.fasta,SRR36137136_contigs.fasta,SRR36137101_contigs.fasta,SRR36141466_contigs.fasta,NesPan3_S357_spades_no_contam.fasta,SRR36137094_contigs.fasta,SRR36118002_contigs.fasta,SRR36145299_contigs.fasta,SRR36137480_contigs.fasta}|{20045_S349_spades_no_contam.fasta,20031_S348_spades_no_contam.fasta,GCA_054369615.1_ASM5436961v1_genomic.fna,30021_S33_L007,GCA_001691765.1_ASM169176v1_genomic.fna,30000_S38_L007}#{SRR36137064_contigs.fasta}|{NagxHevest_S354_spades_no_contam.fasta,NagxHevestB_S355_spades_no_contam.fasta,SRR36137122_contigs.fasta,Gril1_S352_spades_no_contam.fasta,Frag1_S351_spades_no_contam.fasta,Aus332_S350_spades_no_contam.fasta,NzAUS95_S358_spades_no_contam.fasta,Nes1_S356_spades_no_contam.fasta,Skrap3_S361_spades_no_contam.fasta,11665_S342_spades_no_contam.fasta,11663_S340_spades_no_contam.fasta,11662_no_contam.fasta,11669_S346_spades_no_contam.fasta,11668_S345_spades_no_contam.fasta,11670_S347_spades_no_contam.fasta,11666_S343_spades_no_contam.fasta,11667_S344_spades_no_contam.fasta,11664_S341_spades_no_contam.fasta,Sogn5_S362_spades_no_contam.fasta,Ring1_S359_spades_no_contam.fasta,Kara3_S353_spades_no_contam.fasta,Wirz_S363_spades_no_contam.fasta}	0	152.319	3384
N27	t3	{NagxHevest_S354_spades_no_contam.fasta,NagxHevestB_S355_spades_no_contam.fasta,SRR36137122_contigs.fasta,Gril1_S352_spades_no_contam.fasta,Frag1_S351_spades_no_contam.fasta,Aus332_S350_spades_no_contam.fasta,NzAUS95_S358_spades_no_contam.fasta,Nes1_S356_spades_no_contam.fasta,Skrap3_S361_spades_no_contam.fasta,11665_S342_spades_no_contam.fasta,11663_S340_spades_no_contam.fasta,11662_no_contam.fasta,11669_S346_spades_no_contam.fasta,11668_S345_spades_no_contam.fasta,11670_S347_spades_no_contam.fasta,11666_S343_spades_no_contam.fasta,11667_S344_spades_no_contam.fasta,11664_S341_spades_no_contam.fasta,Sogn5_S362_spades_no_contam.fasta,Ring1_S359_spades_no_contam.fasta,Kara3_S353_spades_no_contam.fasta,Wirz_S363_spades_no_contam.fasta}|{GCA_023014455.1_ASM2301445v1_genomic.fna,GCA_001983365.1_ASM198336v1_genomic.fna,GCA_023014435.1_ASM2301443v1_genomic.fna,GCA_023014395.1_ASM2301439v1_genomic.fna,GCA_023014475.1_ASM2301447v1_genomic.fna,GCA_032173475.1_ASM3217347v1_genomic.fna,GCA_001983385.1_ASM198338v1_genomic.fna,GCA_020011035.1_ASM2001103v1_genomic.fna,GCA_023014405.1_ASM2301440v1_genomic.fna,GCA_001691785.3_ASM169178v3_genomic.fna,40019_S37_L007,GCA_015039365.1_Amarub1_genomic.fna,SRR36117447_contigs.fasta,Amapyr1_AssemblyScaffolds_Repeatmasked.fasta,GCA_001691755.2_ASM169175v2_genomic.fna,GCA_003316615.1_ASM331661v1_genomic.fna,Volvo1_AssemblyScaffolds_Repeatmasked.fasta,GCA_002554575.1_Amanita_thiersii_v1.0_genomic.fna,GCA_001691775.3_ASM169177v3_genomic.fna,GCA_000497225.1_AmaJack1.0_genomic.fna,40225_S35_L007,30280_S34_L007,Amagr1_AssemblyScaffolds.fasta,SRR36145290_contigs.fasta,SRR36137136_contigs.fasta,SRR36137101_contigs.fasta,SRR36141466_contigs.fasta,NesPan3_S357_spades_no_contam.fasta,SRR36137094_contigs.fasta,SRR36118002_contigs.fasta,SRR36145299_contigs.fasta,SRR36137480_contigs.fasta}#{SRR36137064_contigs.fasta}|{20045_S349_spades_no_contam.fasta,20031_S348_spades_no_contam.fasta,GCA_054369615.1_ASM5436961v1_genomic.fna,30021_S33_L007,GCA_001691765.1_ASM169176v1_genomic.fna,30000_S38_L007}	0	151.153	3384
N28	t1	{NagxHevest_S354_spades_no_contam.fasta,NagxHevestB_S355_spades_no_contam.fasta,SRR36137122_contigs.fasta,Gril1_S352_spades_no_contam.fasta,Frag1_S351_spades_no_contam.fasta,Aus332_S350_spades_no_contam.fasta,NzAUS95_S358_spades_no_contam.fasta,Nes1_S356_spades_no_contam.fasta,Skrap3_S361_spades_no_contam.fasta,11665_S342_spades_no_contam.fasta,11663_S340_spades_no_contam.fasta,11662_no_contam.fasta,11669_S346_spades_no_contam.fasta,11668_S345_spades_no_contam.fasta,11670_S347_spades_no_contam.fasta,11666_S343_spades_no_contam.fasta,11667_S344_spades_no_contam.fasta,11664_S341_spades_no_contam.fasta,Sogn5_S362_spades_no_contam.fasta,Ring1_S359_spades_no_contam.fasta,Kara3_S353_spades_no_contam.fasta,Wirz_S363_spades_no_contam.fasta,20045_S349_spades_no_contam.fasta,20031_S348_spades_no_contam.fasta,GCA_054369615.1_ASM5436961v1_genomic.fna,30021_S33_L007,GCA_001691765.1_ASM169176v1_genomic.fna,30000_S38_L007}|{SRR36137064_contigs.fasta}#{SRR36137480_contigs.fasta}|{GCA_023014455.1_ASM2301445v1_genomic.fna,GCA_001983365.1_ASM198336v1_genomic.fna,GCA_023014435.1_ASM2301443v1_genomic.fna,GCA_023014395.1_ASM2301439v1_genomic.fna,GCA_023014475.1_ASM2301447v1_genomic.fna,GCA_032173475.1_ASM3217347v1_genomic.fna,GCA_001983385.1_ASM198338v1_genomic.fna,GCA_020011035.1_ASM2001103v1_genomic.fna,GCA_023014405.1_ASM2301440v1_genomic.fna,GCA_001691785.3_ASM169178v3_genomic.fna,40019_S37_L007,GCA_015039365.1_Amarub1_genomic.fna,SRR36117447_contigs.fasta,Amapyr1_AssemblyScaffolds_Repeatmasked.fasta,GCA_001691755.2_ASM169175v2_genomic.fna,GCA_003316615.1_ASM331661v1_genomic.fna,Volvo1_AssemblyScaffolds_Repeatmasked.fasta,GCA_002554575.1_Amanita_thiersii_v1.0_genomic.fna,GCA_001691775.3_ASM169177v3_genomic.fna,GCA_000497225.1_AmaJack1.0_genomic.fna,40225_S35_L007,30280_S34_L007,Amagr1_AssemblyScaffolds.fasta,SRR36145290_contigs.fasta,SRR36137136_contigs.fasta,SRR36137101_contigs.fasta,SRR36141466_contigs.fasta,NesPan3_S357_spades_no_contam.fasta,SRR36137094_contigs.fasta,SRR36118002_contigs.fasta,SRR36145299_contigs.fasta}	1	2757.38	3334
N28	t2	{GCA_023014455.1_ASM2301445v1_genomic.fna,GCA_001983365.1_ASM198336v1_genomic.fna,GCA_023014435.1_ASM2301443v1_genomic.fna,GCA_023014395.1_ASM2301439v1_genomic.fna,GCA_023014475.1_ASM2301447v1_genomic.fna,GCA_032173475.1_ASM3217347v1_genomic.fna,GCA_001983385.1_ASM198338v1_genomic.fna,GCA_020011035.1_ASM2001103v1_genomic.fna,GCA_023014405.1_ASM2301440v1_genomic.fna,GCA_001691785.3_ASM169178v3_genomic.fna,40019_S37_L007,GCA_015039365.1_Amarub1_genomic.fna,SRR36117447_contigs.fasta,Amapyr1_AssemblyScaffolds_Repeatmasked.fasta,GCA_001691755.2_ASM169175v2_genomic.fna,GCA_003316615.1_ASM331661v1_genomic.fna,Volvo1_AssemblyScaffolds_Repeatmasked.fasta,GCA_002554575.1_Amanita_thiersii_v1.0_genomic.fna,GCA_001691775.3_ASM169177v3_genomic.fna,GCA_000497225.1_AmaJack1.0_genomic.fna,40225_S35_L007,30280_S34_L007,Amagr1_AssemblyScaffolds.fasta,SRR36145290_contigs.fasta,SRR36137136_contigs.fasta,SRR36137101_contigs.fasta,SRR36141466_contigs.fasta,NesPan3_S357_spades_no_contam.fasta,SRR36137094_contigs.fasta,SRR36118002_contigs.fasta,SRR36145299_contigs.fasta}|{SRR36137064_contigs.fasta}#{SRR36137480_contigs.fasta}|{NagxHevest_S354_spades_no_contam.fasta,NagxHevestB_S355_spades_no_contam.fasta,SRR36137122_contigs.fasta,Gril1_S352_spades_no_contam.fasta,Frag1_S351_spades_no_contam.fasta,Aus332_S350_spades_no_contam.fasta,NzAUS95_S358_spades_no_contam.fasta,Nes1_S356_spades_no_contam.fasta,Skrap3_S361_spades_no_contam.fasta,11665_S342_spades_no_contam.fasta,11663_S340_spades_no_contam.fasta,11662_no_contam.fasta,11669_S346_spades_no_contam.fasta,11668_S345_spades_no_contam.fasta,11670_S347_spades_no_contam.fasta,11666_S343_spades_no_contam.fasta,11667_S344_spades_no_contam.fasta,11664_S341_spades_no_contam.fasta,Sogn5_S362_spades_no_contam.fasta,Ring1_S359_spades_no_contam.fasta,Kara3_S353_spades_no_contam.fasta,Wirz_S363_spades_no_contam.fasta,20045_S349_spades_no_contam.fasta,20031_S348_spades_no_contam.fasta,GCA_054369615.1_ASM5436961v1_genomic.fna,30021_S33_L007,GCA_001691765.1_ASM169176v1_genomic.fna,30000_S38_L007}	0	295.07	3334
N28	t3	{NagxHevest_S354_spades_no_contam.fasta,NagxHevestB_S355_spades_no_contam.fasta,SRR36137122_contigs.fasta,Gril1_S352_spades_no_contam.fasta,Frag1_S351_spades_no_contam.fasta,Aus332_S350_spades_no_contam.fasta,NzAUS95_S358_spades_no_contam.fasta,Nes1_S356_spades_no_contam.fasta,Skrap3_S361_spades_no_contam.fasta,11665_S342_spades_no_contam.fasta,11663_S340_spades_no_contam.fasta,11662_no_contam.fasta,11669_S346_spades_no_contam.fasta,11668_S345_spades_no_contam.fasta,11670_S347_spades_no_contam.fasta,11666_S343_spades_no_contam.fasta,11667_S344_spades_no_contam.fasta,11664_S341_spades_no_contam.fasta,Sogn5_S362_spades_no_contam.fasta,Ring1_S359_spades_no_contam.fasta,Kara3_S353_spades_no_contam.fasta,Wirz_S363_spades_no_contam.fasta,20045_S349_spades_no_contam.fasta,20031_S348_spades_no_contam.fasta,GCA_054369615.1_ASM5436961v1_genomic.fna,30021_S33_L007,GCA_001691765.1_ASM169176v1_genomic.fna,30000_S38_L007}|{GCA_023014455.1_ASM2301445v1_genomic.fna,GCA_001983365.1_ASM198336v1_genomic.fna,GCA_023014435.1_ASM2301443v1_genomic.fna,GCA_023014395.1_ASM2301439v1_genomic.fna,GCA_023014475.1_ASM2301447v1_genomic.fna,GCA_032173475.1_ASM3217347v1_genomic.fna,GCA_001983385.1_ASM198338v1_genomic.fna,GCA_020011035.1_ASM2001103v1_genomic.fna,GCA_023014405.1_ASM2301440v1_genomic.fna,GCA_001691785.3_ASM169178v3_genomic.fna,40019_S37_L007,GCA_015039365.1_Amarub1_genomic.fna,SRR36117447_contigs.fasta,Amapyr1_AssemblyScaffolds_Repeatmasked.fasta,GCA_001691755.2_ASM169175v2_genomic.fna,GCA_003316615.1_ASM331661v1_genomic.fna,Volvo1_AssemblyScaffolds_Repeatmasked.fasta,GCA_002554575.1_Amanita_thiersii_v1.0_genomic.fna,GCA_001691775.3_ASM169177v3_genomic.fna,GCA_000497225.1_AmaJack1.0_genomic.fna,40225_S35_L007,30280_S34_L007,Amagr1_AssemblyScaffolds.fasta,SRR36145290_contigs.fasta,SRR36137136_contigs.fasta,SRR36137101_contigs.fasta,SRR36141466_contigs.fasta,NesPan3_S357_spades_no_contam.fasta,SRR36137094_contigs.fasta,SRR36118002_contigs.fasta,SRR36145299_contigs.fasta}#{SRR36137480_contigs.fasta}|{SRR36137064_contigs.fasta}	0	281.548	3334
N29	t1	{NagxHevest_S354_spades_no_contam.fasta,NagxHevestB_S355_spades_no_contam.fasta,SRR36137122_contigs.fasta,Gril1_S352_spades_no_contam.fasta,Frag1_S351_spades_no_contam.fasta,Aus332_S350_spades_no_contam.fasta,NzAUS95_S358_spades_no_contam.fasta,Nes1_S356_spades_no_contam.fasta,Skrap3_S361_spades_no_contam.fasta,11665_S342_spades_no_contam.fasta,11663_S340_spades_no_contam.fasta,11662_no_contam.fasta,11669_S346_spades_no_contam.fasta,11668_S345_spades_no_contam.fasta,11670_S347_spades_no_contam.fasta,11666_S343_spades_no_contam.fasta,11667_S344_spades_no_contam.fasta,11664_S341_spades_no_contam.fasta,Sogn5_S362_spades_no_contam.fasta,Ring1_S359_spades_no_contam.fasta,Kara3_S353_spades_no_contam.fasta,Wirz_S363_spades_no_contam.fasta,20045_S349_spades_no_contam.fasta,20031_S348_spades_no_contam.fasta,GCA_054369615.1_ASM5436961v1_genomic.fna,30021_S33_L007,GCA_001691765.1_ASM169176v1_genomic.fna,30000_S38_L007,SRR36137064_contigs.fasta}|{SRR36137480_contigs.fasta}#{SRR36145299_contigs.fasta}|{GCA_023014455.1_ASM2301445v1_genomic.fna,GCA_001983365.1_ASM198336v1_genomic.fna,GCA_023014435.1_ASM2301443v1_genomic.fna,GCA_023014395.1_ASM2301439v1_genomic.fna,GCA_023014475.1_ASM2301447v1_genomic.fna,GCA_032173475.1_ASM3217347v1_genomic.fna,GCA_001983385.1_ASM198338v1_genomic.fna,GCA_020011035.1_ASM2001103v1_genomic.fna,GCA_023014405.1_ASM2301440v1_genomic.fna,GCA_001691785.3_ASM169178v3_genomic.fna,40019_S37_L007,GCA_015039365.1_Amarub1_genomic.fna,SRR36117447_contigs.fasta,Amapyr1_AssemblyScaffolds_Repeatmasked.fasta,GCA_001691755.2_ASM169175v2_genomic.fna,GCA_003316615.1_ASM331661v1_genomic.fna,Volvo1_AssemblyScaffolds_Repeatmasked.fasta,GCA_002554575.1_Amanita_thiersii_v1.0_genomic.fna,GCA_001691775.3_ASM169177v3_genomic.fna,GCA_000497225.1_AmaJack1.0_genomic.fna,40225_S35_L007,30280_S34_L007,Amagr1_AssemblyScaffolds.fasta,SRR36145290_contigs.fasta,SRR36137136_contigs.fasta,SRR36137101_contigs.fasta,SRR36141466_contigs.fasta,NesPan3_S357_spades_no_contam.fasta,SRR36137094_contigs.fasta,SRR36118002_contigs.fasta}	1	2801.51	3364
N29	t2	{GCA_023014455.1_ASM2301445v1_genomic.fna,GCA_001983365.1_ASM198336v1_genomic.fna,GCA_023014435.1_ASM2301443v1_genomic.fna,GCA_023014395.1_ASM2301439v1_genomic.fna,GCA_023014475.1_ASM2301447v1_genomic.fna,GCA_032173475.1_ASM3217347v1_genomic.fna,GCA_001983385.1_ASM198338v1_genomic.fna,GCA_020011035.1_ASM2001103v1_genomic.fna,GCA_023014405.1_ASM2301440v1_genomic.fna,GCA_001691785.3_ASM169178v3_genomic.fna,40019_S37_L007,GCA_015039365.1_Amarub1_genomic.fna,SRR36117447_contigs.fasta,Amapyr1_AssemblyScaffolds_Repeatmasked.fasta,GCA_001691755.2_ASM169175v2_genomic.fna,GCA_003316615.1_ASM331661v1_genomic.fna,Volvo1_AssemblyScaffolds_Repeatmasked.fasta,GCA_002554575.1_Amanita_thiersii_v1.0_genomic.fna,GCA_001691775.3_ASM169177v3_genomic.fna,GCA_000497225.1_AmaJack1.0_genomic.fna,40225_S35_L007,30280_S34_L007,Amagr1_AssemblyScaffolds.fasta,SRR36145290_contigs.fasta,SRR36137136_contigs.fasta,SRR36137101_contigs.fasta,SRR36141466_contigs.fasta,NesPan3_S357_spades_no_contam.fasta,SRR36137094_contigs.fasta,SRR36118002_contigs.fasta}|{SRR36137480_contigs.fasta}#{SRR36145299_contigs.fasta}|{NagxHevest_S354_spades_no_contam.fasta,NagxHevestB_S355_spades_no_contam.fasta,SRR36137122_contigs.fasta,Gril1_S352_spades_no_contam.fasta,Frag1_S351_spades_no_contam.fasta,Aus332_S350_spades_no_contam.fasta,NzAUS95_S358_spades_no_contam.fasta,Nes1_S356_spades_no_contam.fasta,Skrap3_S361_spades_no_contam.fasta,11665_S342_spades_no_contam.fasta,11663_S340_spades_no_contam.fasta,11662_no_contam.fasta,11669_S346_spades_no_contam.fasta,11668_S345_spades_no_contam.fasta,11670_S347_spades_no_contam.fasta,11666_S343_spades_no_contam.fasta,11667_S344_spades_no_contam.fasta,11664_S341_spades_no_contam.fasta,Sogn5_S362_spades_no_contam.fasta,Ring1_S359_spades_no_contam.fasta,Kara3_S353_spades_no_contam.fasta,Wirz_S363_spades_no_contam.fasta,20045_S349_spades_no_contam.fasta,20031_S348_spades_no_contam.fasta,GCA_054369615.1_ASM5436961v1_genomic.fna,30021_S33_L007,GCA_001691765.1_ASM169176v1_genomic.fna,30000_S38_L007,SRR36137064_contigs.fasta}	0	267.845	3364
N29	t3	{NagxHevest_S354_spades_no_contam.fasta,NagxHevestB_S355_spades_no_contam.fasta,SRR36137122_contigs.fasta,Gril1_S352_spades_no_contam.fasta,Frag1_S351_spades_no_contam.fasta,Aus332_S350_spades_no_contam.fasta,NzAUS95_S358_spades_no_contam.fasta,Nes1_S356_spades_no_contam.fasta,Skrap3_S361_spades_no_contam.fasta,11665_S342_spades_no_contam.fasta,11663_S340_spades_no_contam.fasta,11662_no_contam.fasta,11669_S346_spades_no_contam.fasta,11668_S345_spades_no_contam.fasta,11670_S347_spades_no_contam.fasta,11666_S343_spades_no_contam.fasta,11667_S344_spades_no_contam.fasta,11664_S341_spades_no_contam.fasta,Sogn5_S362_spades_no_contam.fasta,Ring1_S359_spades_no_contam.fasta,Kara3_S353_spades_no_contam.fasta,Wirz_S363_spades_no_contam.fasta,20045_S349_spades_no_contam.fasta,20031_S348_spades_no_contam.fasta,GCA_054369615.1_ASM5436961v1_genomic.fna,30021_S33_L007,GCA_001691765.1_ASM169176v1_genomic.fna,30000_S38_L007,SRR36137064_contigs.fasta}|{GCA_023014455.1_ASM2301445v1_genomic.fna,GCA_001983365.1_ASM198336v1_genomic.fna,GCA_023014435.1_ASM2301443v1_genomic.fna,GCA_023014395.1_ASM2301439v1_genomic.fna,GCA_023014475.1_ASM2301447v1_genomic.fna,GCA_032173475.1_ASM3217347v1_genomic.fna,GCA_001983385.1_ASM198338v1_genomic.fna,GCA_020011035.1_ASM2001103v1_genomic.fna,GCA_023014405.1_ASM2301440v1_genomic.fna,GCA_001691785.3_ASM169178v3_genomic.fna,40019_S37_L007,GCA_015039365.1_Amarub1_genomic.fna,SRR36117447_contigs.fasta,Amapyr1_AssemblyScaffolds_Repeatmasked.fasta,GCA_001691755.2_ASM169175v2_genomic.fna,GCA_003316615.1_ASM331661v1_genomic.fna,Volvo1_AssemblyScaffolds_Repeatmasked.fasta,GCA_002554575.1_Amanita_thiersii_v1.0_genomic.fna,GCA_001691775.3_ASM169177v3_genomic.fna,GCA_000497225.1_AmaJack1.0_genomic.fna,40225_S35_L007,30280_S34_L007,Amagr1_AssemblyScaffolds.fasta,SRR36145290_contigs.fasta,SRR36137136_contigs.fasta,SRR36137101_contigs.fasta,SRR36141466_contigs.fasta,NesPan3_S357_spades_no_contam.fasta,SRR36137094_contigs.fasta,SRR36118002_contigs.fasta}#{SRR36145299_contigs.fasta}|{SRR36137480_contigs.fasta}	0	294.643	3364
N30	t1	{NagxHevest_S354_spades_no_contam.fasta,NagxHevestB_S355_spades_no_contam.fasta,SRR36137122_contigs.fasta,Gril1_S352_spades_no_contam.fasta,Frag1_S351_spades_no_contam.fasta,Aus332_S350_spades_no_contam.fasta,NzAUS95_S358_spades_no_contam.fasta,Nes1_S356_spades_no_contam.fasta,Skrap3_S361_spades_no_contam.fasta,11665_S342_spades_no_contam.fasta,11663_S340_spades_no_contam.fasta,11662_no_contam.fasta,11669_S346_spades_no_contam.fasta,11668_S345_spades_no_contam.fasta,11670_S347_spades_no_contam.fasta,11666_S343_spades_no_contam.fasta,11667_S344_spades_no_contam.fasta,11664_S341_spades_no_contam.fasta,Sogn5_S362_spades_no_contam.fasta,Ring1_S359_spades_no_contam.fasta,Kara3_S353_spades_no_contam.fasta,Wirz_S363_spades_no_contam.fasta,20045_S349_spades_no_contam.fasta,20031_S348_spades_no_contam.fasta,GCA_054369615.1_ASM5436961v1_genomic.fna,30021_S33_L007,GCA_001691765.1_ASM169176v1_genomic.fna,30000_S38_L007,SRR36137064_contigs.fasta,SRR36137480_contigs.fasta}|{SRR36145299_contigs.fasta}#{SRR36137136_contigs.fasta,SRR36137101_contigs.fasta,SRR36141466_contigs.fasta,NesPan3_S357_spades_no_contam.fasta,SRR36137094_contigs.fasta,SRR36118002_contigs.fasta}|{GCA_023014455.1_ASM2301445v1_genomic.fna,GCA_001983365.1_ASM198336v1_genomic.fna,GCA_023014435.1_ASM2301443v1_genomic.fna,GCA_023014395.1_ASM2301439v1_genomic.fna,GCA_023014475.1_ASM2301447v1_genomic.fna,GCA_032173475.1_ASM3217347v1_genomic.fna,GCA_001983385.1_ASM198338v1_genomic.fna,GCA_020011035.1_ASM2001103v1_genomic.fna,GCA_023014405.1_ASM2301440v1_genomic.fna,GCA_001691785.3_ASM169178v3_genomic.fna,40019_S37_L007,GCA_015039365.1_Amarub1_genomic.fna,SRR36117447_contigs.fasta,Amapyr1_AssemblyScaffolds_Repeatmasked.fasta,GCA_001691755.2_ASM169175v2_genomic.fna,GCA_003316615.1_ASM331661v1_genomic.fna,Volvo1_AssemblyScaffolds_Repeatmasked.fasta,GCA_002554575.1_Amanita_thiersii_v1.0_genomic.fna,GCA_001691775.3_ASM169177v3_genomic.fna,GCA_000497225.1_AmaJack1.0_genomic.fna,40225_S35_L007,30280_S34_L007,Amagr1_AssemblyScaffolds.fasta,SRR36145290_contigs.fasta}	1	2005.54	3456
N30	t2	{GCA_023014455.1_ASM2301445v1_genomic.fna,GCA_001983365.1_ASM198336v1_genomic.fna,GCA_023014435.1_ASM2301443v1_genomic.fna,GCA_023014395.1_ASM2301439v1_genomic.fna,GCA_023014475.1_ASM2301447v1_genomic.fna,GCA_032173475.1_ASM3217347v1_genomic.fna,GCA_001983385.1_ASM198338v1_genomic.fna,GCA_020011035.1_ASM2001103v1_genomic.fna,GCA_023014405.1_ASM2301440v1_genomic.fna,GCA_001691785.3_ASM169178v3_genomic.fna,40019_S37_L007,GCA_015039365.1_Amarub1_genomic.fna,SRR36117447_contigs.fasta,Amapyr1_AssemblyScaffolds_Repeatmasked.fasta,GCA_001691755.2_ASM169175v2_genomic.fna,GCA_003316615.1_ASM331661v1_genomic.fna,Volvo1_AssemblyScaffolds_Repeatmasked.fasta,GCA_002554575.1_Amanita_thiersii_v1.0_genomic.fna,GCA_001691775.3_ASM169177v3_genomic.fna,GCA_000497225.1_AmaJack1.0_genomic.fna,40225_S35_L007,30280_S34_L007,Amagr1_AssemblyScaffolds.fasta,SRR36145290_contigs.fasta}|{SRR36145299_contigs.fasta}#{SRR36137136_contigs.fasta,SRR36137101_contigs.fasta,SRR36141466_contigs.fasta,NesPan3_S357_spades_no_contam.fasta,SRR36137094_contigs.fasta,SRR36118002_contigs.fasta}|{NagxHevest_S354_spades_no_contam.fasta,NagxHevestB_S355_spades_no_contam.fasta,SRR36137122_contigs.fasta,Gril1_S352_spades_no_contam.fasta,Frag1_S351_spades_no_contam.fasta,Aus332_S350_spades_no_contam.fasta,NzAUS95_S358_spades_no_contam.fasta,Nes1_S356_spades_no_contam.fasta,Skrap3_S361_spades_no_contam.fasta,11665_S342_spades_no_contam.fasta,11663_S340_spades_no_contam.fasta,11662_no_contam.fasta,11669_S346_spades_no_contam.fasta,11668_S345_spades_no_contam.fasta,11670_S347_spades_no_contam.fasta,11666_S343_spades_no_contam.fasta,11667_S344_spades_no_contam.fasta,11664_S341_spades_no_contam.fasta,Sogn5_S362_spades_no_contam.fasta,Ring1_S359_spades_no_contam.fasta,Kara3_S353_spades_no_contam.fasta,Wirz_S363_spades_no_contam.fasta,20045_S349_spades_no_contam.fasta,20031_S348_spades_no_contam.fasta,GCA_054369615.1_ASM5436961v1_genomic.fna,30021_S33_L007,GCA_001691765.1_ASM169176v1_genomic.fna,30000_S38_L007,SRR36137064_contigs.fasta,SRR36137480_contigs.fasta}	0	833.724	3456
N30	t3	{NagxHevest_S354_spades_no_contam.fasta,NagxHevestB_S355_spades_no_contam.fasta,SRR36137122_contigs.fasta,Gril1_S352_spades_no_contam.fasta,Frag1_S351_spades_no_contam.fasta,Aus332_S350_spades_no_contam.fasta,NzAUS95_S358_spades_no_contam.fasta,Nes1_S356_spades_no_contam.fasta,Skrap3_S361_spades_no_contam.fasta,11665_S342_spades_no_contam.fasta,11663_S340_spades_no_contam.fasta,11662_no_contam.fasta,11669_S346_spades_no_contam.fasta,11668_S345_spades_no_contam.fasta,11670_S347_spades_no_contam.fasta,11666_S343_spades_no_contam.fasta,11667_S344_spades_no_contam.fasta,11664_S341_spades_no_contam.fasta,Sogn5_S362_spades_no_contam.fasta,Ring1_S359_spades_no_contam.fasta,Kara3_S353_spades_no_contam.fasta,Wirz_S363_spades_no_contam.fasta,20045_S349_spades_no_contam.fasta,20031_S348_spades_no_contam.fasta,GCA_054369615.1_ASM5436961v1_genomic.fna,30021_S33_L007,GCA_001691765.1_ASM169176v1_genomic.fna,30000_S38_L007,SRR36137064_contigs.fasta,SRR36137480_contigs.fasta}|{GCA_023014455.1_ASM2301445v1_genomic.fna,GCA_001983365.1_ASM198336v1_genomic.fna,GCA_023014435.1_ASM2301443v1_genomic.fna,GCA_023014395.1_ASM2301439v1_genomic.fna,GCA_023014475.1_ASM2301447v1_genomic.fna,GCA_032173475.1_ASM3217347v1_genomic.fna,GCA_001983385.1_ASM198338v1_genomic.fna,GCA_020011035.1_ASM2001103v1_genomic.fna,GCA_023014405.1_ASM2301440v1_genomic.fna,GCA_001691785.3_ASM169178v3_genomic.fna,40019_S37_L007,GCA_015039365.1_Amarub1_genomic.fna,SRR36117447_contigs.fasta,Amapyr1_AssemblyScaffolds_Repeatmasked.fasta,GCA_001691755.2_ASM169175v2_genomic.fna,GCA_003316615.1_ASM331661v1_genomic.fna,Volvo1_AssemblyScaffolds_Repeatmasked.fasta,GCA_002554575.1_Amanita_thiersii_v1.0_genomic.fna,GCA_001691775.3_ASM169177v3_genomic.fna,GCA_000497225.1_AmaJack1.0_genomic.fna,40225_S35_L007,30280_S34_L007,Amagr1_AssemblyScaffolds.fasta,SRR36145290_contigs.fasta}#{SRR36137136_contigs.fasta,SRR36137101_contigs.fasta,SRR36141466_contigs.fasta,NesPan3_S357_spades_no_contam.fasta,SRR36137094_contigs.fasta,SRR36118002_contigs.fasta}|{SRR36145299_contigs.fasta}	0	616.737	3456
N31	t1	{SRR36137136_contigs.fasta}|{SRR36137101_contigs.fasta}#{SRR36141466_contigs.fasta}|{GCA_023014455.1_ASM2301445v1_genomic.fna,GCA_001983365.1_ASM198336v1_genomic.fna,GCA_023014435.1_ASM2301443v1_genomic.fna,GCA_023014395.1_ASM2301439v1_genomic.fna,GCA_023014475.1_ASM2301447v1_genomic.fna,GCA_032173475.1_ASM3217347v1_genomic.fna,GCA_001983385.1_ASM198338v1_genomic.fna,GCA_020011035.1_ASM2001103v1_genomic.fna,GCA_023014405.1_ASM2301440v1_genomic.fna,GCA_001691785.3_ASM169178v3_genomic.fna,40019_S37_L007,GCA_015039365.1_Amarub1_genomic.fna,SRR36117447_contigs.fasta,Amapyr1_AssemblyScaffolds_Repeatmasked.fasta,GCA_001691755.2_ASM169175v2_genomic.fna,GCA_003316615.1_ASM331661v1_genomic.fna,Volvo1_AssemblyScaffolds_Repeatmasked.fasta,GCA_002554575.1_Amanita_thiersii_v1.0_genomic.fna,GCA_001691775.3_ASM169177v3_genomic.fna,GCA_000497225.1_AmaJack1.0_genomic.fna,40225_S35_L007,30280_S34_L007,Amagr1_AssemblyScaffolds.fasta,SRR36145290_contigs.fasta,NagxHevest_S354_spades_no_contam.fasta,NagxHevestB_S355_spades_no_contam.fasta,SRR36137122_contigs.fasta,Gril1_S352_spades_no_contam.fasta,Frag1_S351_spades_no_contam.fasta,Aus332_S350_spades_no_contam.fasta,NzAUS95_S358_spades_no_contam.fasta,Nes1_S356_spades_no_contam.fasta,Skrap3_S361_spades_no_contam.fasta,11665_S342_spades_no_contam.fasta,11663_S340_spades_no_contam.fasta,11662_no_contam.fasta,11669_S346_spades_no_contam.fasta,11668_S345_spades_no_contam.fasta,11670_S347_spades_no_contam.fasta,11666_S343_spades_no_contam.fasta,11667_S344_spades_no_contam.fasta,11664_S341_spades_no_contam.fasta,Sogn5_S362_spades_no_contam.fasta,Ring1_S359_spades_no_contam.fasta,Kara3_S353_spades_no_contam.fasta,Wirz_S363_spades_no_contam.fasta,20045_S349_spades_no_contam.fasta,20031_S348_spades_no_contam.fasta,GCA_054369615.1_ASM5436961v1_genomic.fna,30021_S33_L007,GCA_001691765.1_ASM169176v1_genomic.fna,30000_S38_L007,SRR36137064_contigs.fasta,SRR36137480_contigs.fasta,SRR36145299_contigs.fasta,NesPan3_S357_spades_no_contam.fasta,SRR36137094_contigs.fasta,SRR36118002_contigs.fasta}	1	1282.13	3060
N31	t2	{GCA_023014455.1_ASM2301445v1_genomic.fna,GCA_001983365.1_ASM198336v1_genomic.fna,GCA_023014435.1_ASM2301443v1_genomic.fna,GCA_023014395.1_ASM2301439v1_genomic.fna,GCA_023014475.1_ASM2301447v1_genomic.fna,GCA_032173475.1_ASM3217347v1_genomic.fna,GCA_001983385.1_ASM198338v1_genomic.fna,GCA_020011035.1_ASM2001103v1_genomic.fna,GCA_023014405.1_ASM2301440v1_genomic.fna,GCA_001691785.3_ASM169178v3_genomic.fna,40019_S37_L007,GCA_015039365.1_Amarub1_genomic.fna,SRR36117447_contigs.fasta,Amapyr1_AssemblyScaffolds_Repeatmasked.fasta,GCA_001691755.2_ASM169175v2_genomic.fna,GCA_003316615.1_ASM331661v1_genomic.fna,Volvo1_AssemblyScaffolds_Repeatmasked.fasta,GCA_002554575.1_Amanita_thiersii_v1.0_genomic.fna,GCA_001691775.3_ASM169177v3_genomic.fna,GCA_000497225.1_AmaJack1.0_genomic.fna,40225_S35_L007,30280_S34_L007,Amagr1_AssemblyScaffolds.fasta,SRR36145290_contigs.fasta,NagxHevest_S354_spades_no_contam.fasta,NagxHevestB_S355_spades_no_contam.fasta,SRR36137122_contigs.fasta,Gril1_S352_spades_no_contam.fasta,Frag1_S351_spades_no_contam.fasta,Aus332_S350_spades_no_contam.fasta,NzAUS95_S358_spades_no_contam.fasta,Nes1_S356_spades_no_contam.fasta,Skrap3_S361_spades_no_contam.fasta,11665_S342_spades_no_contam.fasta,11663_S340_spades_no_contam.fasta,11662_no_contam.fasta,11669_S346_spades_no_contam.fasta,11668_S345_spades_no_contam.fasta,11670_S347_spades_no_contam.fasta,11666_S343_spades_no_contam.fasta,11667_S344_spades_no_contam.fasta,11664_S341_spades_no_contam.fasta,Sogn5_S362_spades_no_contam.fasta,Ring1_S359_spades_no_contam.fasta,Kara3_S353_spades_no_contam.fasta,Wirz_S363_spades_no_contam.fasta,20045_S349_spades_no_contam.fasta,20031_S348_spades_no_contam.fasta,GCA_054369615.1_ASM5436961v1_genomic.fna,30021_S33_L007,GCA_001691765.1_ASM169176v1_genomic.fna,30000_S38_L007,SRR36137064_contigs.fasta,SRR36137480_contigs.fasta,SRR36145299_contigs.fasta,NesPan3_S357_spades_no_contam.fasta,SRR36137094_contigs.fasta,SRR36118002_contigs.fasta}|{SRR36137101_contigs.fasta}#{SRR36141466_contigs.fasta}|{SRR36137136_contigs.fasta}	0	1008.5	3060
N31	t3	{SRR36137136_contigs.fasta}|{GCA_023014455.1_ASM2301445v1_genomic.fna,GCA_001983365.1_ASM198336v1_genomic.fna,GCA_023014435.1_ASM2301443v1_genomic.fna,GCA_023014395.1_ASM2301439v1_genomic.fna,GCA_023014475.1_ASM2301447v1_genomic.fna,GCA_032173475.1_ASM3217347v1_genomic.fna,GCA_001983385.1_ASM198338v1_genomic.fna,GCA_020011035.1_ASM2001103v1_genomic.fna,GCA_023014405.1_ASM2301440v1_genomic.fna,GCA_001691785.3_ASM169178v3_genomic.fna,40019_S37_L007,GCA_015039365.1_Amarub1_genomic.fna,SRR36117447_contigs.fasta,Amapyr1_AssemblyScaffolds_Repeatmasked.fasta,GCA_001691755.2_ASM169175v2_genomic.fna,GCA_003316615.1_ASM331661v1_genomic.fna,Volvo1_AssemblyScaffolds_Repeatmasked.fasta,GCA_002554575.1_Amanita_thiersii_v1.0_genomic.fna,GCA_001691775.3_ASM169177v3_genomic.fna,GCA_000497225.1_AmaJack1.0_genomic.fna,40225_S35_L007,30280_S34_L007,Amagr1_AssemblyScaffolds.fasta,SRR36145290_contigs.fasta,NagxHevest_S354_spades_no_contam.fasta,NagxHevestB_S355_spades_no_contam.fasta,SRR36137122_contigs.fasta,Gril1_S352_spades_no_contam.fasta,Frag1_S351_spades_no_contam.fasta,Aus332_S350_spades_no_contam.fasta,NzAUS95_S358_spades_no_contam.fasta,Nes1_S356_spades_no_contam.fasta,Skrap3_S361_spades_no_contam.fasta,11665_S342_spades_no_contam.fasta,11663_S340_spades_no_contam.fasta,11662_no_contam.fasta,11669_S346_spades_no_contam.fasta,11668_S345_spades_no_contam.fasta,11670_S347_spades_no_contam.fasta,11666_S343_spades_no_contam.fasta,11667_S344_spades_no_contam.fasta,11664_S341_spades_no_contam.fasta,Sogn5_S362_spades_no_contam.fasta,Ring1_S359_spades_no_contam.fasta,Kara3_S353_spades_no_contam.fasta,Wirz_S363_spades_no_contam.fasta,20045_S349_spades_no_contam.fasta,20031_S348_spades_no_contam.fasta,GCA_054369615.1_ASM5436961v1_genomic.fna,30021_S33_L007,GCA_001691765.1_ASM169176v1_genomic.fna,30000_S38_L007,SRR36137064_contigs.fasta,SRR36137480_contigs.fasta,SRR36145299_contigs.fasta,NesPan3_S357_spades_no_contam.fasta,SRR36137094_contigs.fasta,SRR36118002_contigs.fasta}#{SRR36141466_contigs.fasta}|{SRR36137101_contigs.fasta}	0	769.364	3060
N32	t1	{SRR36137136_contigs.fasta,SRR36137101_contigs.fasta}|{SRR36141466_contigs.fasta}#{NesPan3_S357_spades_no_contam.fasta,SRR36137094_contigs.fasta,SRR36118002_contigs.fasta}|{GCA_023014455.1_ASM2301445v1_genomic.fna,GCA_001983365.1_ASM198336v1_genomic.fna,GCA_023014435.1_ASM2301443v1_genomic.fna,GCA_023014395.1_ASM2301439v1_genomic.fna,GCA_023014475.1_ASM2301447v1_genomic.fna,GCA_032173475.1_ASM3217347v1_genomic.fna,GCA_001983385.1_ASM198338v1_genomic.fna,GCA_020011035.1_ASM2001103v1_genomic.fna,GCA_023014405.1_ASM2301440v1_genomic.fna,GCA_001691785.3_ASM169178v3_genomic.fna,40019_S37_L007,GCA_015039365.1_Amarub1_genomic.fna,SRR36117447_contigs.fasta,Amapyr1_AssemblyScaffolds_Repeatmasked.fasta,GCA_001691755.2_ASM169175v2_genomic.fna,GCA_003316615.1_ASM331661v1_genomic.fna,Volvo1_AssemblyScaffolds_Repeatmasked.fasta,GCA_002554575.1_Amanita_thiersii_v1.0_genomic.fna,GCA_001691775.3_ASM169177v3_genomic.fna,GCA_000497225.1_AmaJack1.0_genomic.fna,40225_S35_L007,30280_S34_L007,Amagr1_AssemblyScaffolds.fasta,SRR36145290_contigs.fasta,NagxHevest_S354_spades_no_contam.fasta,NagxHevestB_S355_spades_no_contam.fasta,SRR36137122_contigs.fasta,Gril1_S352_spades_no_contam.fasta,Frag1_S351_spades_no_contam.fasta,Aus332_S350_spades_no_contam.fasta,NzAUS95_S358_spades_no_contam.fasta,Nes1_S356_spades_no_contam.fasta,Skrap3_S361_spades_no_contam.fasta,11665_S342_spades_no_contam.fasta,11663_S340_spades_no_contam.fasta,11662_no_contam.fasta,11669_S346_spades_no_contam.fasta,11668_S345_spades_no_contam.fasta,11670_S347_spades_no_contam.fasta,11666_S343_spades_no_contam.fasta,11667_S344_spades_no_contam.fasta,11664_S341_spades_no_contam.fasta,Sogn5_S362_spades_no_contam.fasta,Ring1_S359_spades_no_contam.fasta,Kara3_S353_spades_no_contam.fasta,Wirz_S363_spades_no_contam.fasta,20045_S349_spades_no_contam.fasta,20031_S348_spades_no_contam.fasta,GCA_054369615.1_ASM5436961v1_genomic.fna,30021_S33_L007,GCA_001691765.1_ASM169176v1_genomic.fna,30000_S38_L007,SRR36137064_contigs.fasta,SRR36137480_contigs.fasta,SRR36145299_contigs.fasta}	1	1959.69	3238
N32	t2	{GCA_023014455.1_ASM2301445v1_genomic.fna,GCA_001983365.1_ASM198336v1_genomic.fna,GCA_023014435.1_ASM2301443v1_genomic.fna,GCA_023014395.1_ASM2301439v1_genomic.fna,GCA_023014475.1_ASM2301447v1_genomic.fna,GCA_032173475.1_ASM3217347v1_genomic.fna,GCA_001983385.1_ASM198338v1_genomic.fna,GCA_020011035.1_ASM2001103v1_genomic.fna,GCA_023014405.1_ASM2301440v1_genomic.fna,GCA_001691785.3_ASM169178v3_genomic.fna,40019_S37_L007,GCA_015039365.1_Amarub1_genomic.fna,SRR36117447_contigs.fasta,Amapyr1_AssemblyScaffolds_Repeatmasked.fasta,GCA_001691755.2_ASM169175v2_genomic.fna,GCA_003316615.1_ASM331661v1_genomic.fna,Volvo1_AssemblyScaffolds_Repeatmasked.fasta,GCA_002554575.1_Amanita_thiersii_v1.0_genomic.fna,GCA_001691775.3_ASM169177v3_genomic.fna,GCA_000497225.1_AmaJack1.0_genomic.fna,40225_S35_L007,30280_S34_L007,Amagr1_AssemblyScaffolds.fasta,SRR36145290_contigs.fasta,NagxHevest_S354_spades_no_contam.fasta,NagxHevestB_S355_spades_no_contam.fasta,SRR36137122_contigs.fasta,Gril1_S352_spades_no_contam.fasta,Frag1_S351_spades_no_contam.fasta,Aus332_S350_spades_no_contam.fasta,NzAUS95_S358_spades_no_contam.fasta,Nes1_S356_spades_no_contam.fasta,Skrap3_S361_spades_no_contam.fasta,11665_S342_spades_no_contam.fasta,11663_S340_spades_no_contam.fasta,11662_no_contam.fasta,11669_S346_spades_no_contam.fasta,11668_S345_spades_no_contam.fasta,11670_S347_spades_no_contam.fasta,11666_S343_spades_no_contam.fasta,11667_S344_spades_no_contam.fasta,11664_S341_spades_no_contam.fasta,Sogn5_S362_spades_no_contam.fasta,Ring1_S359_spades_no_contam.fasta,Kara3_S353_spades_no_contam.fasta,Wirz_S363_spades_no_contam.fasta,20045_S349_spades_no_contam.fasta,20031_S348_spades_no_contam.fasta,GCA_054369615.1_ASM5436961v1_genomic.fna,30021_S33_L007,GCA_001691765.1_ASM169176v1_genomic.fna,30000_S38_L007,SRR36137064_contigs.fasta,SRR36137480_contigs.fasta,SRR36145299_contigs.fasta}|{SRR36141466_contigs.fasta}#{NesPan3_S357_spades_no_contam.fasta,SRR36137094_contigs.fasta,SRR36118002_contigs.fasta}|{SRR36137136_contigs.fasta,SRR36137101_contigs.fasta}	0	651.08	3238
N32	t3	{SRR36137136_contigs.fasta,SRR36137101_contigs.fasta}|{GCA_023014455.1_ASM2301445v1_genomic.fna,GCA_001983365.1_ASM198336v1_genomic.fna,GCA_023014435.1_ASM2301443v1_genomic.fna,GCA_023014395.1_ASM2301439v1_genomic.fna,GCA_023014475.1_ASM2301447v1_genomic.fna,GCA_032173475.1_ASM3217347v1_genomic.fna,GCA_001983385.1_ASM198338v1_genomic.fna,GCA_020011035.1_ASM2001103v1_genomic.fna,GCA_023014405.1_ASM2301440v1_genomic.fna,GCA_001691785.3_ASM169178v3_genomic.fna,40019_S37_L007,GCA_015039365.1_Amarub1_genomic.fna,SRR36117447_contigs.fasta,Amapyr1_AssemblyScaffolds_Repeatmasked.fasta,GCA_001691755.2_ASM169175v2_genomic.fna,GCA_003316615.1_ASM331661v1_genomic.fna,Volvo1_AssemblyScaffolds_Repeatmasked.fasta,GCA_002554575.1_Amanita_thiersii_v1.0_genomic.fna,GCA_001691775.3_ASM169177v3_genomic.fna,GCA_000497225.1_AmaJack1.0_genomic.fna,40225_S35_L007,30280_S34_L007,Amagr1_AssemblyScaffolds.fasta,SRR36145290_contigs.fasta,NagxHevest_S354_spades_no_contam.fasta,NagxHevestB_S355_spades_no_contam.fasta,SRR36137122_contigs.fasta,Gril1_S352_spades_no_contam.fasta,Frag1_S351_spades_no_contam.fasta,Aus332_S350_spades_no_contam.fasta,NzAUS95_S358_spades_no_contam.fasta,Nes1_S356_spades_no_contam.fasta,Skrap3_S361_spades_no_contam.fasta,11665_S342_spades_no_contam.fasta,11663_S340_spades_no_contam.fasta,11662_no_contam.fasta,11669_S346_spades_no_contam.fasta,11668_S345_spades_no_contam.fasta,11670_S347_spades_no_contam.fasta,11666_S343_spades_no_contam.fasta,11667_S344_spades_no_contam.fasta,11664_S341_spades_no_contam.fasta,Sogn5_S362_spades_no_contam.fasta,Ring1_S359_spades_no_contam.fasta,Kara3_S353_spades_no_contam.fasta,Wirz_S363_spades_no_contam.fasta,20045_S349_spades_no_contam.fasta,20031_S348_spades_no_contam.fasta,GCA_054369615.1_ASM5436961v1_genomic.fna,30021_S33_L007,GCA_001691765.1_ASM169176v1_genomic.fna,30000_S38_L007,SRR36137064_contigs.fasta,SRR36137480_contigs.fasta,SRR36145299_contigs.fasta}#{NesPan3_S357_spades_no_contam.fasta,SRR36137094_contigs.fasta,SRR36118002_contigs.fasta}|{SRR36141466_contigs.fasta}	0	627.226	3238
N33	t1	{NesPan3_S357_spades_no_contam.fasta}|{SRR36137094_contigs.fasta}#{SRR36118002_contigs.fasta}|{GCA_023014455.1_ASM2301445v1_genomic.fna,GCA_001983365.1_ASM198336v1_genomic.fna,GCA_023014435.1_ASM2301443v1_genomic.fna,GCA_023014395.1_ASM2301439v1_genomic.fna,GCA_023014475.1_ASM2301447v1_genomic.fna,GCA_032173475.1_ASM3217347v1_genomic.fna,GCA_001983385.1_ASM198338v1_genomic.fna,GCA_020011035.1_ASM2001103v1_genomic.fna,GCA_023014405.1_ASM2301440v1_genomic.fna,GCA_001691785.3_ASM169178v3_genomic.fna,40019_S37_L007,GCA_015039365.1_Amarub1_genomic.fna,SRR36117447_contigs.fasta,Amapyr1_AssemblyScaffolds_Repeatmasked.fasta,GCA_001691755.2_ASM169175v2_genomic.fna,GCA_003316615.1_ASM331661v1_genomic.fna,Volvo1_AssemblyScaffolds_Repeatmasked.fasta,GCA_002554575.1_Amanita_thiersii_v1.0_genomic.fna,GCA_001691775.3_ASM169177v3_genomic.fna,GCA_000497225.1_AmaJack1.0_genomic.fna,40225_S35_L007,30280_S34_L007,Amagr1_AssemblyScaffolds.fasta,SRR36145290_contigs.fasta,NagxHevest_S354_spades_no_contam.fasta,NagxHevestB_S355_spades_no_contam.fasta,SRR36137122_contigs.fasta,Gril1_S352_spades_no_contam.fasta,Frag1_S351_spades_no_contam.fasta,Aus332_S350_spades_no_contam.fasta,NzAUS95_S358_spades_no_contam.fasta,Nes1_S356_spades_no_contam.fasta,Skrap3_S361_spades_no_contam.fasta,11665_S342_spades_no_contam.fasta,11663_S340_spades_no_contam.fasta,11662_no_contam.fasta,11669_S346_spades_no_contam.fasta,11668_S345_spades_no_contam.fasta,11670_S347_spades_no_contam.fasta,11666_S343_spades_no_contam.fasta,11667_S344_spades_no_contam.fasta,11664_S341_spades_no_contam.fasta,Sogn5_S362_spades_no_contam.fasta,Ring1_S359_spades_no_contam.fasta,Kara3_S353_spades_no_contam.fasta,Wirz_S363_spades_no_contam.fasta,20045_S349_spades_no_contam.fasta,20031_S348_spades_no_contam.fasta,GCA_054369615.1_ASM5436961v1_genomic.fna,30021_S33_L007,GCA_001691765.1_ASM169176v1_genomic.fna,30000_S38_L007,SRR36137064_contigs.fasta,SRR36137480_contigs.fasta,SRR36145299_contigs.fasta,SRR36137136_contigs.fasta,SRR36137101_contigs.fasta,SRR36141466_contigs.fasta}	1	1989.89	2147
N33	t2	{GCA_023014455.1_ASM2301445v1_genomic.fna,GCA_001983365.1_ASM198336v1_genomic.fna,GCA_023014435.1_ASM2301443v1_genomic.fna,GCA_023014395.1_ASM2301439v1_genomic.fna,GCA_023014475.1_ASM2301447v1_genomic.fna,GCA_032173475.1_ASM3217347v1_genomic.fna,GCA_001983385.1_ASM198338v1_genomic.fna,GCA_020011035.1_ASM2001103v1_genomic.fna,GCA_023014405.1_ASM2301440v1_genomic.fna,GCA_001691785.3_ASM169178v3_genomic.fna,40019_S37_L007,GCA_015039365.1_Amarub1_genomic.fna,SRR36117447_contigs.fasta,Amapyr1_AssemblyScaffolds_Repeatmasked.fasta,GCA_001691755.2_ASM169175v2_genomic.fna,GCA_003316615.1_ASM331661v1_genomic.fna,Volvo1_AssemblyScaffolds_Repeatmasked.fasta,GCA_002554575.1_Amanita_thiersii_v1.0_genomic.fna,GCA_001691775.3_ASM169177v3_genomic.fna,GCA_000497225.1_AmaJack1.0_genomic.fna,40225_S35_L007,30280_S34_L007,Amagr1_AssemblyScaffolds.fasta,SRR36145290_contigs.fasta,NagxHevest_S354_spades_no_contam.fasta,NagxHevestB_S355_spades_no_contam.fasta,SRR36137122_contigs.fasta,Gril1_S352_spades_no_contam.fasta,Frag1_S351_spades_no_contam.fasta,Aus332_S350_spades_no_contam.fasta,NzAUS95_S358_spades_no_contam.fasta,Nes1_S356_spades_no_contam.fasta,Skrap3_S361_spades_no_contam.fasta,11665_S342_spades_no_contam.fasta,11663_S340_spades_no_contam.fasta,11662_no_contam.fasta,11669_S346_spades_no_contam.fasta,11668_S345_spades_no_contam.fasta,11670_S347_spades_no_contam.fasta,11666_S343_spades_no_contam.fasta,11667_S344_spades_no_contam.fasta,11664_S341_spades_no_contam.fasta,Sogn5_S362_spades_no_contam.fasta,Ring1_S359_spades_no_contam.fasta,Kara3_S353_spades_no_contam.fasta,Wirz_S363_spades_no_contam.fasta,20045_S349_spades_no_contam.fasta,20031_S348_spades_no_contam.fasta,GCA_054369615.1_ASM5436961v1_genomic.fna,30021_S33_L007,GCA_001691765.1_ASM169176v1_genomic.fna,30000_S38_L007,SRR36137064_contigs.fasta,SRR36137480_contigs.fasta,SRR36145299_contigs.fasta,SRR36137136_contigs.fasta,SRR36137101_contigs.fasta,SRR36141466_contigs.fasta}|{SRR36137094_contigs.fasta}#{SRR36118002_contigs.fasta}|{NesPan3_S357_spades_no_contam.fasta}	0	75.1642	2147
N33	t3	{NesPan3_S357_spades_no_contam.fasta}|{GCA_023014455.1_ASM2301445v1_genomic.fna,GCA_001983365.1_ASM198336v1_genomic.fna,GCA_023014435.1_ASM2301443v1_genomic.fna,GCA_023014395.1_ASM2301439v1_genomic.fna,GCA_023014475.1_ASM2301447v1_genomic.fna,GCA_032173475.1_ASM3217347v1_genomic.fna,GCA_001983385.1_ASM198338v1_genomic.fna,GCA_020011035.1_ASM2001103v1_genomic.fna,GCA_023014405.1_ASM2301440v1_genomic.fna,GCA_001691785.3_ASM169178v3_genomic.fna,40019_S37_L007,GCA_015039365.1_Amarub1_genomic.fna,SRR36117447_contigs.fasta,Amapyr1_AssemblyScaffolds_Repeatmasked.fasta,GCA_001691755.2_ASM169175v2_genomic.fna,GCA_003316615.1_ASM331661v1_genomic.fna,Volvo1_AssemblyScaffolds_Repeatmasked.fasta,GCA_002554575.1_Amanita_thiersii_v1.0_genomic.fna,GCA_001691775.3_ASM169177v3_genomic.fna,GCA_000497225.1_AmaJack1.0_genomic.fna,40225_S35_L007,30280_S34_L007,Amagr1_AssemblyScaffolds.fasta,SRR36145290_contigs.fasta,NagxHevest_S354_spades_no_contam.fasta,NagxHevestB_S355_spades_no_contam.fasta,SRR36137122_contigs.fasta,Gril1_S352_spades_no_contam.fasta,Frag1_S351_spades_no_contam.fasta,Aus332_S350_spades_no_contam.fasta,NzAUS95_S358_spades_no_contam.fasta,Nes1_S356_spades_no_contam.fasta,Skrap3_S361_spades_no_contam.fasta,11665_S342_spades_no_contam.fasta,11663_S340_spades_no_contam.fasta,11662_no_contam.fasta,11669_S346_spades_no_contam.fasta,11668_S345_spades_no_contam.fasta,11670_S347_spades_no_contam.fasta,11666_S343_spades_no_contam.fasta,11667_S344_spades_no_contam.fasta,11664_S341_spades_no_contam.fasta,Sogn5_S362_spades_no_contam.fasta,Ring1_S359_spades_no_contam.fasta,Kara3_S353_spades_no_contam.fasta,Wirz_S363_spades_no_contam.fasta,20045_S349_spades_no_contam.fasta,20031_S348_spades_no_contam.fasta,GCA_054369615.1_ASM5436961v1_genomic.fna,30021_S33_L007,GCA_001691765.1_ASM169176v1_genomic.fna,30000_S38_L007,SRR36137064_contigs.fasta,SRR36137480_contigs.fasta,SRR36145299_contigs.fasta,SRR36137136_contigs.fasta,SRR36137101_contigs.fasta,SRR36141466_contigs.fasta}#{SRR36118002_contigs.fasta}|{SRR36137094_contigs.fasta}	0	81.9478	2147
N34	t1	{NesPan3_S357_spades_no_contam.fasta,SRR36137094_contigs.fasta}|{SRR36118002_contigs.fasta}#{SRR36137136_contigs.fasta,SRR36137101_contigs.fasta,SRR36141466_contigs.fasta}|{GCA_023014455.1_ASM2301445v1_genomic.fna,GCA_001983365.1_ASM198336v1_genomic.fna,GCA_023014435.1_ASM2301443v1_genomic.fna,GCA_023014395.1_ASM2301439v1_genomic.fna,GCA_023014475.1_ASM2301447v1_genomic.fna,GCA_032173475.1_ASM3217347v1_genomic.fna,GCA_001983385.1_ASM198338v1_genomic.fna,GCA_020011035.1_ASM2001103v1_genomic.fna,GCA_023014405.1_ASM2301440v1_genomic.fna,GCA_001691785.3_ASM169178v3_genomic.fna,40019_S37_L007,GCA_015039365.1_Amarub1_genomic.fna,SRR36117447_contigs.fasta,Amapyr1_AssemblyScaffolds_Repeatmasked.fasta,GCA_001691755.2_ASM169175v2_genomic.fna,GCA_003316615.1_ASM331661v1_genomic.fna,Volvo1_AssemblyScaffolds_Repeatmasked.fasta,GCA_002554575.1_Amanita_thiersii_v1.0_genomic.fna,GCA_001691775.3_ASM169177v3_genomic.fna,GCA_000497225.1_AmaJack1.0_genomic.fna,40225_S35_L007,30280_S34_L007,Amagr1_AssemblyScaffolds.fasta,SRR36145290_contigs.fasta,NagxHevest_S354_spades_no_contam.fasta,NagxHevestB_S355_spades_no_contam.fasta,SRR36137122_contigs.fasta,Gril1_S352_spades_no_contam.fasta,Frag1_S351_spades_no_contam.fasta,Aus332_S350_spades_no_contam.fasta,NzAUS95_S358_spades_no_contam.fasta,Nes1_S356_spades_no_contam.fasta,Skrap3_S361_spades_no_contam.fasta,11665_S342_spades_no_contam.fasta,11663_S340_spades_no_contam.fasta,11662_no_contam.fasta,11669_S346_spades_no_contam.fasta,11668_S345_spades_no_contam.fasta,11670_S347_spades_no_contam.fasta,11666_S343_spades_no_contam.fasta,11667_S344_spades_no_contam.fasta,11664_S341_spades_no_contam.fasta,Sogn5_S362_spades_no_contam.fasta,Ring1_S359_spades_no_contam.fasta,Kara3_S353_spades_no_contam.fasta,Wirz_S363_spades_no_contam.fasta,20045_S349_spades_no_contam.fasta,20031_S348_spades_no_contam.fasta,GCA_054369615.1_ASM5436961v1_genomic.fna,30021_S33_L007,GCA_001691765.1_ASM169176v1_genomic.fna,30000_S38_L007,SRR36137064_contigs.fasta,SRR36137480_contigs.fasta,SRR36145299_contigs.fasta}	1	2583.84	3356
N34	t2	{GCA_023014455.1_ASM2301445v1_genomic.fna,GCA_001983365.1_ASM198336v1_genomic.fna,GCA_023014435.1_ASM2301443v1_genomic.fna,GCA_023014395.1_ASM2301439v1_genomic.fna,GCA_023014475.1_ASM2301447v1_genomic.fna,GCA_032173475.1_ASM3217347v1_genomic.fna,GCA_001983385.1_ASM198338v1_genomic.fna,GCA_020011035.1_ASM2001103v1_genomic.fna,GCA_023014405.1_ASM2301440v1_genomic.fna,GCA_001691785.3_ASM169178v3_genomic.fna,40019_S37_L007,GCA_015039365.1_Amarub1_genomic.fna,SRR36117447_contigs.fasta,Amapyr1_AssemblyScaffolds_Repeatmasked.fasta,GCA_001691755.2_ASM169175v2_genomic.fna,GCA_003316615.1_ASM331661v1_genomic.fna,Volvo1_AssemblyScaffolds_Repeatmasked.fasta,GCA_002554575.1_Amanita_thiersii_v1.0_genomic.fna,GCA_001691775.3_ASM169177v3_genomic.fna,GCA_000497225.1_AmaJack1.0_genomic.fna,40225_S35_L007,30280_S34_L007,Amagr1_AssemblyScaffolds.fasta,SRR36145290_contigs.fasta,NagxHevest_S354_spades_no_contam.fasta,NagxHevestB_S355_spades_no_contam.fasta,SRR36137122_contigs.fasta,Gril1_S352_spades_no_contam.fasta,Frag1_S351_spades_no_contam.fasta,Aus332_S350_spades_no_contam.fasta,NzAUS95_S358_spades_no_contam.fasta,Nes1_S356_spades_no_contam.fasta,Skrap3_S361_spades_no_contam.fasta,11665_S342_spades_no_contam.fasta,11663_S340_spades_no_contam.fasta,11662_no_contam.fasta,11669_S346_spades_no_contam.fasta,11668_S345_spades_no_contam.fasta,11670_S347_spades_no_contam.fasta,11666_S343_spades_no_contam.fasta,11667_S344_spades_no_contam.fasta,11664_S341_spades_no_contam.fasta,Sogn5_S362_spades_no_contam.fasta,Ring1_S359_spades_no_contam.fasta,Kara3_S353_spades_no_contam.fasta,Wirz_S363_spades_no_contam.fasta,20045_S349_spades_no_contam.fasta,20031_S348_spades_no_contam.fasta,GCA_054369615.1_ASM5436961v1_genomic.fna,30021_S33_L007,GCA_001691765.1_ASM169176v1_genomic.fna,30000_S38_L007,SRR36137064_contigs.fasta,SRR36137480_contigs.fasta,SRR36145299_contigs.fasta}|{SRR36118002_contigs.fasta}#{SRR36137136_contigs.fasta,SRR36137101_contigs.fasta,SRR36141466_contigs.fasta}|{NesPan3_S357_spades_no_contam.fasta,SRR36137094_contigs.fasta}	0	383.231	3356
N34	t3	{NesPan3_S357_spades_no_contam.fasta,SRR36137094_contigs.fasta}|{GCA_023014455.1_ASM2301445v1_genomic.fna,GCA_001983365.1_ASM198336v1_genomic.fna,GCA_023014435.1_ASM2301443v1_genomic.fna,GCA_023014395.1_ASM2301439v1_genomic.fna,GCA_023014475.1_ASM2301447v1_genomic.fna,GCA_032173475.1_ASM3217347v1_genomic.fna,GCA_001983385.1_ASM198338v1_genomic.fna,GCA_020011035.1_ASM2001103v1_genomic.fna,GCA_023014405.1_ASM2301440v1_genomic.fna,GCA_001691785.3_ASM169178v3_genomic.fna,40019_S37_L007,GCA_015039365.1_Amarub1_genomic.fna,SRR36117447_contigs.fasta,Amapyr1_AssemblyScaffolds_Repeatmasked.fasta,GCA_001691755.2_ASM169175v2_genomic.fna,GCA_003316615.1_ASM331661v1_genomic.fna,Volvo1_AssemblyScaffolds_Repeatmasked.fasta,GCA_002554575.1_Amanita_thiersii_v1.0_genomic.fna,GCA_001691775.3_ASM169177v3_genomic.fna,GCA_000497225.1_AmaJack1.0_genomic.fna,40225_S35_L007,30280_S34_L007,Amagr1_AssemblyScaffolds.fasta,SRR36145290_contigs.fasta,NagxHevest_S354_spades_no_contam.fasta,NagxHevestB_S355_spades_no_contam.fasta,SRR36137122_contigs.fasta,Gril1_S352_spades_no_contam.fasta,Frag1_S351_spades_no_contam.fasta,Aus332_S350_spades_no_contam.fasta,NzAUS95_S358_spades_no_contam.fasta,Nes1_S356_spades_no_contam.fasta,Skrap3_S361_spades_no_contam.fasta,11665_S342_spades_no_contam.fasta,11663_S340_spades_no_contam.fasta,11662_no_contam.fasta,11669_S346_spades_no_contam.fasta,11668_S345_spades_no_contam.fasta,11670_S347_spades_no_contam.fasta,11666_S343_spades_no_contam.fasta,11667_S344_spades_no_contam.fasta,11664_S341_spades_no_contam.fasta,Sogn5_S362_spades_no_contam.fasta,Ring1_S359_spades_no_contam.fasta,Kara3_S353_spades_no_contam.fasta,Wirz_S363_spades_no_contam.fasta,20045_S349_spades_no_contam.fasta,20031_S348_spades_no_contam.fasta,GCA_054369615.1_ASM5436961v1_genomic.fna,30021_S33_L007,GCA_001691765.1_ASM169176v1_genomic.fna,30000_S38_L007,SRR36137064_contigs.fasta,SRR36137480_contigs.fasta,SRR36145299_contigs.fasta}#{SRR36137136_contigs.fasta,SRR36137101_contigs.fasta,SRR36141466_contigs.fasta}|{SRR36118002_contigs.fasta}	0	388.926	3356
N35	t1	{SRR36137136_contigs.fasta,SRR36137101_contigs.fasta,SRR36141466_contigs.fasta}|{NesPan3_S357_spades_no_contam.fasta,SRR36137094_contigs.fasta,SRR36118002_contigs.fasta}#{NagxHevest_S354_spades_no_contam.fasta,NagxHevestB_S355_spades_no_contam.fasta,SRR36137122_contigs.fasta,Gril1_S352_spades_no_contam.fasta,Frag1_S351_spades_no_contam.fasta,Aus332_S350_spades_no_contam.fasta,NzAUS95_S358_spades_no_contam.fasta,Nes1_S356_spades_no_contam.fasta,Skrap3_S361_spades_no_contam.fasta,11665_S342_spades_no_contam.fasta,11663_S340_spades_no_contam.fasta,11662_no_contam.fasta,11669_S346_spades_no_contam.fasta,11668_S345_spades_no_contam.fasta,11670_S347_spades_no_contam.fasta,11666_S343_spades_no_contam.fasta,11667_S344_spades_no_contam.fasta,11664_S341_spades_no_contam.fasta,Sogn5_S362_spades_no_contam.fasta,Ring1_S359_spades_no_contam.fasta,Kara3_S353_spades_no_contam.fasta,Wirz_S363_spades_no_contam.fasta,20045_S349_spades_no_contam.fasta,20031_S348_spades_no_contam.fasta,GCA_054369615.1_ASM5436961v1_genomic.fna,30021_S33_L007,GCA_001691765.1_ASM169176v1_genomic.fna,30000_S38_L007,SRR36137064_contigs.fasta,SRR36137480_contigs.fasta,SRR36145299_contigs.fasta}|{GCA_023014455.1_ASM2301445v1_genomic.fna,GCA_001983365.1_ASM198336v1_genomic.fna,GCA_023014435.1_ASM2301443v1_genomic.fna,GCA_023014395.1_ASM2301439v1_genomic.fna,GCA_023014475.1_ASM2301447v1_genomic.fna,GCA_032173475.1_ASM3217347v1_genomic.fna,GCA_001983385.1_ASM198338v1_genomic.fna,GCA_020011035.1_ASM2001103v1_genomic.fna,GCA_023014405.1_ASM2301440v1_genomic.fna,GCA_001691785.3_ASM169178v3_genomic.fna,40019_S37_L007,GCA_015039365.1_Amarub1_genomic.fna,SRR36117447_contigs.fasta,Amapyr1_AssemblyScaffolds_Repeatmasked.fasta,GCA_001691755.2_ASM169175v2_genomic.fna,GCA_003316615.1_ASM331661v1_genomic.fna,Volvo1_AssemblyScaffolds_Repeatmasked.fasta,GCA_002554575.1_Amanita_thiersii_v1.0_genomic.fna,GCA_001691775.3_ASM169177v3_genomic.fna,GCA_000497225.1_AmaJack1.0_genomic.fna,40225_S35_L007,30280_S34_L007,Amagr1_AssemblyScaffolds.fasta,SRR36145290_contigs.fasta}	1	2764.08	3527
N35	t2	{GCA_023014455.1_ASM2301445v1_genomic.fna,GCA_001983365.1_ASM198336v1_genomic.fna,GCA_023014435.1_ASM2301443v1_genomic.fna,GCA_023014395.1_ASM2301439v1_genomic.fna,GCA_023014475.1_ASM2301447v1_genomic.fna,GCA_032173475.1_ASM3217347v1_genomic.fna,GCA_001983385.1_ASM198338v1_genomic.fna,GCA_020011035.1_ASM2001103v1_genomic.fna,GCA_023014405.1_ASM2301440v1_genomic.fna,GCA_001691785.3_ASM169178v3_genomic.fna,40019_S37_L007,GCA_015039365.1_Amarub1_genomic.fna,SRR36117447_contigs.fasta,Amapyr1_AssemblyScaffolds_Repeatmasked.fasta,GCA_001691755.2_ASM169175v2_genomic.fna,GCA_003316615.1_ASM331661v1_genomic.fna,Volvo1_AssemblyScaffolds_Repeatmasked.fasta,GCA_002554575.1_Amanita_thiersii_v1.0_genomic.fna,GCA_001691775.3_ASM169177v3_genomic.fna,GCA_000497225.1_AmaJack1.0_genomic.fna,40225_S35_L007,30280_S34_L007,Amagr1_AssemblyScaffolds.fasta,SRR36145290_contigs.fasta}|{NesPan3_S357_spades_no_contam.fasta,SRR36137094_contigs.fasta,SRR36118002_contigs.fasta}#{NagxHevest_S354_spades_no_contam.fasta,NagxHevestB_S355_spades_no_contam.fasta,SRR36137122_contigs.fasta,Gril1_S352_spades_no_contam.fasta,Frag1_S351_spades_no_contam.fasta,Aus332_S350_spades_no_contam.fasta,NzAUS95_S358_spades_no_contam.fasta,Nes1_S356_spades_no_contam.fasta,Skrap3_S361_spades_no_contam.fasta,11665_S342_spades_no_contam.fasta,11663_S340_spades_no_contam.fasta,11662_no_contam.fasta,11669_S346_spades_no_contam.fasta,11668_S345_spades_no_contam.fasta,11670_S347_spades_no_contam.fasta,11666_S343_spades_no_contam.fasta,11667_S344_spades_no_contam.fasta,11664_S341_spades_no_contam.fasta,Sogn5_S362_spades_no_contam.fasta,Ring1_S359_spades_no_contam.fasta,Kara3_S353_spades_no_contam.fasta,Wirz_S363_spades_no_contam.fasta,20045_S349_spades_no_contam.fasta,20031_S348_spades_no_contam.fasta,GCA_054369615.1_ASM5436961v1_genomic.fna,30021_S33_L007,GCA_001691765.1_ASM169176v1_genomic.fna,30000_S38_L007,SRR36137064_contigs.fasta,SRR36137480_contigs.fasta,SRR36145299_contigs.fasta}|{SRR36137136_contigs.fasta,SRR36137101_contigs.fasta,SRR36141466_contigs.fasta}	0	375.743	3527
N35	t3	{SRR36137136_contigs.fasta,SRR36137101_contigs.fasta,SRR36141466_contigs.fasta}|{GCA_023014455.1_ASM2301445v1_genomic.fna,GCA_001983365.1_ASM198336v1_genomic.fna,GCA_023014435.1_ASM2301443v1_genomic.fna,GCA_023014395.1_ASM2301439v1_genomic.fna,GCA_023014475.1_ASM2301447v1_genomic.fna,GCA_032173475.1_ASM3217347v1_genomic.fna,GCA_001983385.1_ASM198338v1_genomic.fna,GCA_020011035.1_ASM2001103v1_genomic.fna,GCA_023014405.1_ASM2301440v1_genomic.fna,GCA_001691785.3_ASM169178v3_genomic.fna,40019_S37_L007,GCA_015039365.1_Amarub1_genomic.fna,SRR36117447_contigs.fasta,Amapyr1_AssemblyScaffolds_Repeatmasked.fasta,GCA_001691755.2_ASM169175v2_genomic.fna,GCA_003316615.1_ASM331661v1_genomic.fna,Volvo1_AssemblyScaffolds_Repeatmasked.fasta,GCA_002554575.1_Amanita_thiersii_v1.0_genomic.fna,GCA_001691775.3_ASM169177v3_genomic.fna,GCA_000497225.1_AmaJack1.0_genomic.fna,40225_S35_L007,30280_S34_L007,Amagr1_AssemblyScaffolds.fasta,SRR36145290_contigs.fasta}#{NagxHevest_S354_spades_no_contam.fasta,NagxHevestB_S355_spades_no_contam.fasta,SRR36137122_contigs.fasta,Gril1_S352_spades_no_contam.fasta,Frag1_S351_spades_no_contam.fasta,Aus332_S350_spades_no_contam.fasta,NzAUS95_S358_spades_no_contam.fasta,Nes1_S356_spades_no_contam.fasta,Skrap3_S361_spades_no_contam.fasta,11665_S342_spades_no_contam.fasta,11663_S340_spades_no_contam.fasta,11662_no_contam.fasta,11669_S346_spades_no_contam.fasta,11668_S345_spades_no_contam.fasta,11670_S347_spades_no_contam.fasta,11666_S343_spades_no_contam.fasta,11667_S344_spades_no_contam.fasta,11664_S341_spades_no_contam.fasta,Sogn5_S362_spades_no_contam.fasta,Ring1_S359_spades_no_contam.fasta,Kara3_S353_spades_no_contam.fasta,Wirz_S363_spades_no_contam.fasta,20045_S349_spades_no_contam.fasta,20031_S348_spades_no_contam.fasta,GCA_054369615.1_ASM5436961v1_genomic.fna,30021_S33_L007,GCA_001691765.1_ASM169176v1_genomic.fna,30000_S38_L007,SRR36137064_contigs.fasta,SRR36137480_contigs.fasta,SRR36145299_contigs.fasta}|{NesPan3_S357_spades_no_contam.fasta,SRR36137094_contigs.fasta,SRR36118002_contigs.fasta}	0	387.181	3527
N36	t1	{NagxHevest_S354_spades_no_contam.fasta,NagxHevestB_S355_spades_no_contam.fasta,SRR36137122_contigs.fasta,Gril1_S352_spades_no_contam.fasta,Frag1_S351_spades_no_contam.fasta,Aus332_S350_spades_no_contam.fasta,NzAUS95_S358_spades_no_contam.fasta,Nes1_S356_spades_no_contam.fasta,Skrap3_S361_spades_no_contam.fasta,11665_S342_spades_no_contam.fasta,11663_S340_spades_no_contam.fasta,11662_no_contam.fasta,11669_S346_spades_no_contam.fasta,11668_S345_spades_no_contam.fasta,11670_S347_spades_no_contam.fasta,11666_S343_spades_no_contam.fasta,11667_S344_spades_no_contam.fasta,11664_S341_spades_no_contam.fasta,Sogn5_S362_spades_no_contam.fasta,Ring1_S359_spades_no_contam.fasta,Kara3_S353_spades_no_contam.fasta,Wirz_S363_spades_no_contam.fasta,20045_S349_spades_no_contam.fasta,20031_S348_spades_no_contam.fasta,GCA_054369615.1_ASM5436961v1_genomic.fna,30021_S33_L007,GCA_001691765.1_ASM169176v1_genomic.fna,30000_S38_L007,SRR36137064_contigs.fasta,SRR36137480_contigs.fasta,SRR36145299_contigs.fasta}|{SRR36137136_contigs.fasta,SRR36137101_contigs.fasta,SRR36141466_contigs.fasta,NesPan3_S357_spades_no_contam.fasta,SRR36137094_contigs.fasta,SRR36118002_contigs.fasta}#{SRR36145290_contigs.fasta}|{GCA_023014455.1_ASM2301445v1_genomic.fna,GCA_001983365.1_ASM198336v1_genomic.fna,GCA_023014435.1_ASM2301443v1_genomic.fna,GCA_023014395.1_ASM2301439v1_genomic.fna,GCA_023014475.1_ASM2301447v1_genomic.fna,GCA_032173475.1_ASM3217347v1_genomic.fna,GCA_001983385.1_ASM198338v1_genomic.fna,GCA_020011035.1_ASM2001103v1_genomic.fna,GCA_023014405.1_ASM2301440v1_genomic.fna,GCA_001691785.3_ASM169178v3_genomic.fna,40019_S37_L007,GCA_015039365.1_Amarub1_genomic.fna,SRR36117447_contigs.fasta,Amapyr1_AssemblyScaffolds_Repeatmasked.fasta,GCA_001691755.2_ASM169175v2_genomic.fna,GCA_003316615.1_ASM331661v1_genomic.fna,Volvo1_AssemblyScaffolds_Repeatmasked.fasta,GCA_002554575.1_Amanita_thiersii_v1.0_genomic.fna,GCA_001691775.3_ASM169177v3_genomic.fna,GCA_000497225.1_AmaJack1.0_genomic.fna,40225_S35_L007,30280_S34_L007,Amagr1_AssemblyScaffolds.fasta}	1	3185.4	3304
N36	t2	{GCA_023014455.1_ASM2301445v1_genomic.fna,GCA_001983365.1_ASM198336v1_genomic.fna,GCA_023014435.1_ASM2301443v1_genomic.fna,GCA_023014395.1_ASM2301439v1_genomic.fna,GCA_023014475.1_ASM2301447v1_genomic.fna,GCA_032173475.1_ASM3217347v1_genomic.fna,GCA_001983385.1_ASM198338v1_genomic.fna,GCA_020011035.1_ASM2001103v1_genomic.fna,GCA_023014405.1_ASM2301440v1_genomic.fna,GCA_001691785.3_ASM169178v3_genomic.fna,40019_S37_L007,GCA_015039365.1_Amarub1_genomic.fna,SRR36117447_contigs.fasta,Amapyr1_AssemblyScaffolds_Repeatmasked.fasta,GCA_001691755.2_ASM169175v2_genomic.fna,GCA_003316615.1_ASM331661v1_genomic.fna,Volvo1_AssemblyScaffolds_Repeatmasked.fasta,GCA_002554575.1_Amanita_thiersii_v1.0_genomic.fna,GCA_001691775.3_ASM169177v3_genomic.fna,GCA_000497225.1_AmaJack1.0_genomic.fna,40225_S35_L007,30280_S34_L007,Amagr1_AssemblyScaffolds.fasta}|{SRR36137136_contigs.fasta,SRR36137101_contigs.fasta,SRR36141466_contigs.fasta,NesPan3_S357_spades_no_contam.fasta,SRR36137094_contigs.fasta,SRR36118002_contigs.fasta}#{SRR36145290_contigs.fasta}|{NagxHevest_S354_spades_no_contam.fasta,NagxHevestB_S355_spades_no_contam.fasta,SRR36137122_contigs.fasta,Gril1_S352_spades_no_contam.fasta,Frag1_S351_spades_no_contam.fasta,Aus332_S350_spades_no_contam.fasta,NzAUS95_S358_spades_no_contam.fasta,Nes1_S356_spades_no_contam.fasta,Skrap3_S361_spades_no_contam.fasta,11665_S342_spades_no_contam.fasta,11663_S340_spades_no_contam.fasta,11662_no_contam.fasta,11669_S346_spades_no_contam.fasta,11668_S345_spades_no_contam.fasta,11670_S347_spades_no_contam.fasta,11666_S343_spades_no_contam.fasta,11667_S344_spades_no_contam.fasta,11664_S341_spades_no_contam.fasta,Sogn5_S362_spades_no_contam.fasta,Ring1_S359_spades_no_contam.fasta,Kara3_S353_spades_no_contam.fasta,Wirz_S363_spades_no_contam.fasta,20045_S349_spades_no_contam.fasta,20031_S348_spades_no_contam.fasta,GCA_054369615.1_ASM5436961v1_genomic.fna,30021_S33_L007,GCA_001691765.1_ASM169176v1_genomic.fna,30000_S38_L007,SRR36137064_contigs.fasta,SRR36137480_contigs.fasta,SRR36145299_contigs.fasta}	0	52.8273	3304
N36	t3	{NagxHevest_S354_spades_no_contam.fasta,NagxHevestB_S355_spades_no_contam.fasta,SRR36137122_contigs.fasta,Gril1_S352_spades_no_contam.fasta,Frag1_S351_spades_no_contam.fasta,Aus332_S350_spades_no_contam.fasta,NzAUS95_S358_spades_no_contam.fasta,Nes1_S356_spades_no_contam.fasta,Skrap3_S361_spades_no_contam.fasta,11665_S342_spades_no_contam.fasta,11663_S340_spades_no_contam.fasta,11662_no_contam.fasta,11669_S346_spades_no_contam.fasta,11668_S345_spades_no_contam.fasta,11670_S347_spades_no_contam.fasta,11666_S343_spades_no_contam.fasta,11667_S344_spades_no_contam.fasta,11664_S341_spades_no_contam.fasta,Sogn5_S362_spades_no_contam.fasta,Ring1_S359_spades_no_contam.fasta,Kara3_S353_spades_no_contam.fasta,Wirz_S363_spades_no_contam.fasta,20045_S349_spades_no_contam.fasta,20031_S348_spades_no_contam.fasta,GCA_054369615.1_ASM5436961v1_genomic.fna,30021_S33_L007,GCA_001691765.1_ASM169176v1_genomic.fna,30000_S38_L007,SRR36137064_contigs.fasta,SRR36137480_contigs.fasta,SRR36145299_contigs.fasta}|{GCA_023014455.1_ASM2301445v1_genomic.fna,GCA_001983365.1_ASM198336v1_genomic.fna,GCA_023014435.1_ASM2301443v1_genomic.fna,GCA_023014395.1_ASM2301439v1_genomic.fna,GCA_023014475.1_ASM2301447v1_genomic.fna,GCA_032173475.1_ASM3217347v1_genomic.fna,GCA_001983385.1_ASM198338v1_genomic.fna,GCA_020011035.1_ASM2001103v1_genomic.fna,GCA_023014405.1_ASM2301440v1_genomic.fna,GCA_001691785.3_ASM169178v3_genomic.fna,40019_S37_L007,GCA_015039365.1_Amarub1_genomic.fna,SRR36117447_contigs.fasta,Amapyr1_AssemblyScaffolds_Repeatmasked.fasta,GCA_001691755.2_ASM169175v2_genomic.fna,GCA_003316615.1_ASM331661v1_genomic.fna,Volvo1_AssemblyScaffolds_Repeatmasked.fasta,GCA_002554575.1_Amanita_thiersii_v1.0_genomic.fna,GCA_001691775.3_ASM169177v3_genomic.fna,GCA_000497225.1_AmaJack1.0_genomic.fna,40225_S35_L007,30280_S34_L007,Amagr1_AssemblyScaffolds.fasta}#{SRR36145290_contigs.fasta}|{SRR36137136_contigs.fasta,SRR36137101_contigs.fasta,SRR36141466_contigs.fasta,NesPan3_S357_spades_no_contam.fasta,SRR36137094_contigs.fasta,SRR36118002_contigs.fasta}	0	65.7691	3304
N37	t1	{NagxHevest_S354_spades_no_contam.fasta,NagxHevestB_S355_spades_no_contam.fasta,SRR36137122_contigs.fasta,Gril1_S352_spades_no_contam.fasta,Frag1_S351_spades_no_contam.fasta,Aus332_S350_spades_no_contam.fasta,NzAUS95_S358_spades_no_contam.fasta,Nes1_S356_spades_no_contam.fasta,Skrap3_S361_spades_no_contam.fasta,11665_S342_spades_no_contam.fasta,11663_S340_spades_no_contam.fasta,11662_no_contam.fasta,11669_S346_spades_no_contam.fasta,11668_S345_spades_no_contam.fasta,11670_S347_spades_no_contam.fasta,11666_S343_spades_no_contam.fasta,11667_S344_spades_no_contam.fasta,11664_S341_spades_no_contam.fasta,Sogn5_S362_spades_no_contam.fasta,Ring1_S359_spades_no_contam.fasta,Kara3_S353_spades_no_contam.fasta,Wirz_S363_spades_no_contam.fasta,20045_S349_spades_no_contam.fasta,20031_S348_spades_no_contam.fasta,GCA_054369615.1_ASM5436961v1_genomic.fna,30021_S33_L007,GCA_001691765.1_ASM169176v1_genomic.fna,30000_S38_L007,SRR36137064_contigs.fasta,SRR36137480_contigs.fasta,SRR36145299_contigs.fasta,SRR36137136_contigs.fasta,SRR36137101_contigs.fasta,SRR36141466_contigs.fasta,NesPan3_S357_spades_no_contam.fasta,SRR36137094_contigs.fasta,SRR36118002_contigs.fasta}|{SRR36145290_contigs.fasta}#{Amagr1_AssemblyScaffolds.fasta}|{GCA_023014455.1_ASM2301445v1_genomic.fna,GCA_001983365.1_ASM198336v1_genomic.fna,GCA_023014435.1_ASM2301443v1_genomic.fna,GCA_023014395.1_ASM2301439v1_genomic.fna,GCA_023014475.1_ASM2301447v1_genomic.fna,GCA_032173475.1_ASM3217347v1_genomic.fna,GCA_001983385.1_ASM198338v1_genomic.fna,GCA_020011035.1_ASM2001103v1_genomic.fna,GCA_023014405.1_ASM2301440v1_genomic.fna,GCA_001691785.3_ASM169178v3_genomic.fna,40019_S37_L007,GCA_015039365.1_Amarub1_genomic.fna,SRR36117447_contigs.fasta,Amapyr1_AssemblyScaffolds_Repeatmasked.fasta,GCA_001691755.2_ASM169175v2_genomic.fna,GCA_003316615.1_ASM331661v1_genomic.fna,Volvo1_AssemblyScaffolds_Repeatmasked.fasta,GCA_002554575.1_Amanita_thiersii_v1.0_genomic.fna,GCA_001691775.3_ASM169177v3_genomic.fna,GCA_000497225.1_AmaJack1.0_genomic.fna,40225_S35_L007,30280_S34_L007}	1	1560.22	1573
N37	t2	{GCA_023014455.1_ASM2301445v1_genomic.fna,GCA_001983365.1_ASM198336v1_genomic.fna,GCA_023014435.1_ASM2301443v1_genomic.fna,GCA_023014395.1_ASM2301439v1_genomic.fna,GCA_023014475.1_ASM2301447v1_genomic.fna,GCA_032173475.1_ASM3217347v1_genomic.fna,GCA_001983385.1_ASM198338v1_genomic.fna,GCA_020011035.1_ASM2001103v1_genomic.fna,GCA_023014405.1_ASM2301440v1_genomic.fna,GCA_001691785.3_ASM169178v3_genomic.fna,40019_S37_L007,GCA_015039365.1_Amarub1_genomic.fna,SRR36117447_contigs.fasta,Amapyr1_AssemblyScaffolds_Repeatmasked.fasta,GCA_001691755.2_ASM169175v2_genomic.fna,GCA_003316615.1_ASM331661v1_genomic.fna,Volvo1_AssemblyScaffolds_Repeatmasked.fasta,GCA_002554575.1_Amanita_thiersii_v1.0_genomic.fna,GCA_001691775.3_ASM169177v3_genomic.fna,GCA_000497225.1_AmaJack1.0_genomic.fna,40225_S35_L007,30280_S34_L007}|{SRR36145290_contigs.fasta}#{Amagr1_AssemblyScaffolds.fasta}|{NagxHevest_S354_spades_no_contam.fasta,NagxHevestB_S355_spades_no_contam.fasta,SRR36137122_contigs.fasta,Gril1_S352_spades_no_contam.fasta,Frag1_S351_spades_no_contam.fasta,Aus332_S350_spades_no_contam.fasta,NzAUS95_S358_spades_no_contam.fasta,Nes1_S356_spades_no_contam.fasta,Skrap3_S361_spades_no_contam.fasta,11665_S342_spades_no_contam.fasta,11663_S340_spades_no_contam.fasta,11662_no_contam.fasta,11669_S346_spades_no_contam.fasta,11668_S345_spades_no_contam.fasta,11670_S347_spades_no_contam.fasta,11666_S343_spades_no_contam.fasta,11667_S344_spades_no_contam.fasta,11664_S341_spades_no_contam.fasta,Sogn5_S362_spades_no_contam.fasta,Ring1_S359_spades_no_contam.fasta,Kara3_S353_spades_no_contam.fasta,Wirz_S363_spades_no_contam.fasta,20045_S349_spades_no_contam.fasta,20031_S348_spades_no_contam.fasta,GCA_054369615.1_ASM5436961v1_genomic.fna,30021_S33_L007,GCA_001691765.1_ASM169176v1_genomic.fna,30000_S38_L007,SRR36137064_contigs.fasta,SRR36137480_contigs.fasta,SRR36145299_contigs.fasta,SRR36137136_contigs.fasta,SRR36137101_contigs.fasta,SRR36141466_contigs.fasta,NesPan3_S357_spades_no_contam.fasta,SRR36137094_contigs.fasta,SRR36118002_contigs.fasta}	0	3.77534	1573
N37	t3	{NagxHevest_S354_spades_no_contam.fasta,NagxHevestB_S355_spades_no_contam.fasta,SRR36137122_contigs.fasta,Gril1_S352_spades_no_contam.fasta,Frag1_S351_spades_no_contam.fasta,Aus332_S350_spades_no_contam.fasta,NzAUS95_S358_spades_no_contam.fasta,Nes1_S356_spades_no_contam.fasta,Skrap3_S361_spades_no_contam.fasta,11665_S342_spades_no_contam.fasta,11663_S340_spades_no_contam.fasta,11662_no_contam.fasta,11669_S346_spades_no_contam.fasta,11668_S345_spades_no_contam.fasta,11670_S347_spades_no_contam.fasta,11666_S343_spades_no_contam.fasta,11667_S344_spades_no_contam.fasta,11664_S341_spades_no_contam.fasta,Sogn5_S362_spades_no_contam.fasta,Ring1_S359_spades_no_contam.fasta,Kara3_S353_spades_no_contam.fasta,Wirz_S363_spades_no_contam.fasta,20045_S349_spades_no_contam.fasta,20031_S348_spades_no_contam.fasta,GCA_054369615.1_ASM5436961v1_genomic.fna,30021_S33_L007,GCA_001691765.1_ASM169176v1_genomic.fna,30000_S38_L007,SRR36137064_contigs.fasta,SRR36137480_contigs.fasta,SRR36145299_contigs.fasta,SRR36137136_contigs.fasta,SRR36137101_contigs.fasta,SRR36141466_contigs.fasta,NesPan3_S357_spades_no_contam.fasta,SRR36137094_contigs.fasta,SRR36118002_contigs.fasta}|{GCA_023014455.1_ASM2301445v1_genomic.fna,GCA_001983365.1_ASM198336v1_genomic.fna,GCA_023014435.1_ASM2301443v1_genomic.fna,GCA_023014395.1_ASM2301439v1_genomic.fna,GCA_023014475.1_ASM2301447v1_genomic.fna,GCA_032173475.1_ASM3217347v1_genomic.fna,GCA_001983385.1_ASM198338v1_genomic.fna,GCA_020011035.1_ASM2001103v1_genomic.fna,GCA_023014405.1_ASM2301440v1_genomic.fna,GCA_001691785.3_ASM169178v3_genomic.fna,40019_S37_L007,GCA_015039365.1_Amarub1_genomic.fna,SRR36117447_contigs.fasta,Amapyr1_AssemblyScaffolds_Repeatmasked.fasta,GCA_001691755.2_ASM169175v2_genomic.fna,GCA_003316615.1_ASM331661v1_genomic.fna,Volvo1_AssemblyScaffolds_Repeatmasked.fasta,GCA_002554575.1_Amanita_thiersii_v1.0_genomic.fna,GCA_001691775.3_ASM169177v3_genomic.fna,GCA_000497225.1_AmaJack1.0_genomic.fna,40225_S35_L007,30280_S34_L007}#{Amagr1_AssemblyScaffolds.fasta}|{SRR36145290_contigs.fasta}	0	9.00364	1573
N38	t1	{NagxHevest_S354_spades_no_contam.fasta,NagxHevestB_S355_spades_no_contam.fasta,SRR36137122_contigs.fasta,Gril1_S352_spades_no_contam.fasta,Frag1_S351_spades_no_contam.fasta,Aus332_S350_spades_no_contam.fasta,NzAUS95_S358_spades_no_contam.fasta,Nes1_S356_spades_no_contam.fasta,Skrap3_S361_spades_no_contam.fasta,11665_S342_spades_no_contam.fasta,11663_S340_spades_no_contam.fasta,11662_no_contam.fasta,11669_S346_spades_no_contam.fasta,11668_S345_spades_no_contam.fasta,11670_S347_spades_no_contam.fasta,11666_S343_spades_no_contam.fasta,11667_S344_spades_no_contam.fasta,11664_S341_spades_no_contam.fasta,Sogn5_S362_spades_no_contam.fasta,Ring1_S359_spades_no_contam.fasta,Kara3_S353_spades_no_contam.fasta,Wirz_S363_spades_no_contam.fasta,20045_S349_spades_no_contam.fasta,20031_S348_spades_no_contam.fasta,GCA_054369615.1_ASM5436961v1_genomic.fna,30021_S33_L007,GCA_001691765.1_ASM169176v1_genomic.fna,30000_S38_L007,SRR36137064_contigs.fasta,SRR36137480_contigs.fasta,SRR36145299_contigs.fasta,SRR36137136_contigs.fasta,SRR36137101_contigs.fasta,SRR36141466_contigs.fasta,NesPan3_S357_spades_no_contam.fasta,SRR36137094_contigs.fasta,SRR36118002_contigs.fasta,SRR36145290_contigs.fasta}|{Amagr1_AssemblyScaffolds.fasta}#{GCA_000497225.1_AmaJack1.0_genomic.fna,40225_S35_L007,30280_S34_L007}|{GCA_023014455.1_ASM2301445v1_genomic.fna,GCA_001983365.1_ASM198336v1_genomic.fna,GCA_023014435.1_ASM2301443v1_genomic.fna,GCA_023014395.1_ASM2301439v1_genomic.fna,GCA_023014475.1_ASM2301447v1_genomic.fna,GCA_032173475.1_ASM3217347v1_genomic.fna,GCA_001983385.1_ASM198338v1_genomic.fna,GCA_020011035.1_ASM2001103v1_genomic.fna,GCA_023014405.1_ASM2301440v1_genomic.fna,GCA_001691785.3_ASM169178v3_genomic.fna,40019_S37_L007,GCA_015039365.1_Amarub1_genomic.fna,SRR36117447_contigs.fasta,Amapyr1_AssemblyScaffolds_Repeatmasked.fasta,GCA_001691755.2_ASM169175v2_genomic.fna,GCA_003316615.1_ASM331661v1_genomic.fna,Volvo1_AssemblyScaffolds_Repeatmasked.fasta,GCA_002554575.1_Amanita_thiersii_v1.0_genomic.fna,GCA_001691775.3_ASM169177v3_genomic.fna}	1	1211.77	1648
N38	t2	{GCA_023014455.1_ASM2301445v1_genomic.fna,GCA_001983365.1_ASM198336v1_genomic.fna,GCA_023014435.1_ASM2301443v1_genomic.fna,GCA_023014395.1_ASM2301439v1_genomic.fna,GCA_023014475.1_ASM2301447v1_genomic.fna,GCA_032173475.1_ASM3217347v1_genomic.fna,GCA_001983385.1_ASM198338v1_genomic.fna,GCA_020011035.1_ASM2001103v1_genomic.fna,GCA_023014405.1_ASM2301440v1_genomic.fna,GCA_001691785.3_ASM169178v3_genomic.fna,40019_S37_L007,GCA_015039365.1_Amarub1_genomic.fna,SRR36117447_contigs.fasta,Amapyr1_AssemblyScaffolds_Repeatmasked.fasta,GCA_001691755.2_ASM169175v2_genomic.fna,GCA_003316615.1_ASM331661v1_genomic.fna,Volvo1_AssemblyScaffolds_Repeatmasked.fasta,GCA_002554575.1_Amanita_thiersii_v1.0_genomic.fna,GCA_001691775.3_ASM169177v3_genomic.fna}|{Amagr1_AssemblyScaffolds.fasta}#{GCA_000497225.1_AmaJack1.0_genomic.fna,40225_S35_L007,30280_S34_L007}|{NagxHevest_S354_spades_no_contam.fasta,NagxHevestB_S355_spades_no_contam.fasta,SRR36137122_contigs.fasta,Gril1_S352_spades_no_contam.fasta,Frag1_S351_spades_no_contam.fasta,Aus332_S350_spades_no_contam.fasta,NzAUS95_S358_spades_no_contam.fasta,Nes1_S356_spades_no_contam.fasta,Skrap3_S361_spades_no_contam.fasta,11665_S342_spades_no_contam.fasta,11663_S340_spades_no_contam.fasta,11662_no_contam.fasta,11669_S346_spades_no_contam.fasta,11668_S345_spades_no_contam.fasta,11670_S347_spades_no_contam.fasta,11666_S343_spades_no_contam.fasta,11667_S344_spades_no_contam.fasta,11664_S341_spades_no_contam.fasta,Sogn5_S362_spades_no_contam.fasta,Ring1_S359_spades_no_contam.fasta,Kara3_S353_spades_no_contam.fasta,Wirz_S363_spades_no_contam.fasta,20045_S349_spades_no_contam.fasta,20031_S348_spades_no_contam.fasta,GCA_054369615.1_ASM5436961v1_genomic.fna,30021_S33_L007,GCA_001691765.1_ASM169176v1_genomic.fna,30000_S38_L007,SRR36137064_contigs.fasta,SRR36137480_contigs.fasta,SRR36145299_contigs.fasta,SRR36137136_contigs.fasta,SRR36137101_contigs.fasta,SRR36141466_contigs.fasta,NesPan3_S357_spades_no_contam.fasta,SRR36137094_contigs.fasta,SRR36118002_contigs.fasta,SRR36145290_contigs.fasta}	0	184.635	1648
N38	t3	{NagxHevest_S354_spades_no_contam.fasta,NagxHevestB_S355_spades_no_contam.fasta,SRR36137122_contigs.fasta,Gril1_S352_spades_no_contam.fasta,Frag1_S351_spades_no_contam.fasta,Aus332_S350_spades_no_contam.fasta,NzAUS95_S358_spades_no_contam.fasta,Nes1_S356_spades_no_contam.fasta,Skrap3_S361_spades_no_contam.fasta,11665_S342_spades_no_contam.fasta,11663_S340_spades_no_contam.fasta,11662_no_contam.fasta,11669_S346_spades_no_contam.fasta,11668_S345_spades_no_contam.fasta,11670_S347_spades_no_contam.fasta,11666_S343_spades_no_contam.fasta,11667_S344_spades_no_contam.fasta,11664_S341_spades_no_contam.fasta,Sogn5_S362_spades_no_contam.fasta,Ring1_S359_spades_no_contam.fasta,Kara3_S353_spades_no_contam.fasta,Wirz_S363_spades_no_contam.fasta,20045_S349_spades_no_contam.fasta,20031_S348_spades_no_contam.fasta,GCA_054369615.1_ASM5436961v1_genomic.fna,30021_S33_L007,GCA_001691765.1_ASM169176v1_genomic.fna,30000_S38_L007,SRR36137064_contigs.fasta,SRR36137480_contigs.fasta,SRR36145299_contigs.fasta,SRR36137136_contigs.fasta,SRR36137101_contigs.fasta,SRR36141466_contigs.fasta,NesPan3_S357_spades_no_contam.fasta,SRR36137094_contigs.fasta,SRR36118002_contigs.fasta,SRR36145290_contigs.fasta}|{GCA_023014455.1_ASM2301445v1_genomic.fna,GCA_001983365.1_ASM198336v1_genomic.fna,GCA_023014435.1_ASM2301443v1_genomic.fna,GCA_023014395.1_ASM2301439v1_genomic.fna,GCA_023014475.1_ASM2301447v1_genomic.fna,GCA_032173475.1_ASM3217347v1_genomic.fna,GCA_001983385.1_ASM198338v1_genomic.fna,GCA_020011035.1_ASM2001103v1_genomic.fna,GCA_023014405.1_ASM2301440v1_genomic.fna,GCA_001691785.3_ASM169178v3_genomic.fna,40019_S37_L007,GCA_015039365.1_Amarub1_genomic.fna,SRR36117447_contigs.fasta,Amapyr1_AssemblyScaffolds_Repeatmasked.fasta,GCA_001691755.2_ASM169175v2_genomic.fna,GCA_003316615.1_ASM331661v1_genomic.fna,Volvo1_AssemblyScaffolds_Repeatmasked.fasta,GCA_002554575.1_Amanita_thiersii_v1.0_genomic.fna,GCA_001691775.3_ASM169177v3_genomic.fna}#{GCA_000497225.1_AmaJack1.0_genomic.fna,40225_S35_L007,30280_S34_L007}|{Amagr1_AssemblyScaffolds.fasta}	0	251.594	1648
N39	t1	{GCA_000497225.1_AmaJack1.0_genomic.fna}|{40225_S35_L007}#{30280_S34_L007}|{GCA_023014455.1_ASM2301445v1_genomic.fna,GCA_001983365.1_ASM198336v1_genomic.fna,GCA_023014435.1_ASM2301443v1_genomic.fna,GCA_023014395.1_ASM2301439v1_genomic.fna,GCA_023014475.1_ASM2301447v1_genomic.fna,GCA_032173475.1_ASM3217347v1_genomic.fna,GCA_001983385.1_ASM198338v1_genomic.fna,GCA_020011035.1_ASM2001103v1_genomic.fna,GCA_023014405.1_ASM2301440v1_genomic.fna,GCA_001691785.3_ASM169178v3_genomic.fna,40019_S37_L007,GCA_015039365.1_Amarub1_genomic.fna,SRR36117447_contigs.fasta,Amapyr1_AssemblyScaffolds_Repeatmasked.fasta,GCA_001691755.2_ASM169175v2_genomic.fna,GCA_003316615.1_ASM331661v1_genomic.fna,Volvo1_AssemblyScaffolds_Repeatmasked.fasta,GCA_002554575.1_Amanita_thiersii_v1.0_genomic.fna,GCA_001691775.3_ASM169177v3_genomic.fna,NagxHevest_S354_spades_no_contam.fasta,NagxHevestB_S355_spades_no_contam.fasta,SRR36137122_contigs.fasta,Gril1_S352_spades_no_contam.fasta,Frag1_S351_spades_no_contam.fasta,Aus332_S350_spades_no_contam.fasta,NzAUS95_S358_spades_no_contam.fasta,Nes1_S356_spades_no_contam.fasta,Skrap3_S361_spades_no_contam.fasta,11665_S342_spades_no_contam.fasta,11663_S340_spades_no_contam.fasta,11662_no_contam.fasta,11669_S346_spades_no_contam.fasta,11668_S345_spades_no_contam.fasta,11670_S347_spades_no_contam.fasta,11666_S343_spades_no_contam.fasta,11667_S344_spades_no_contam.fasta,11664_S341_spades_no_contam.fasta,Sogn5_S362_spades_no_contam.fasta,Ring1_S359_spades_no_contam.fasta,Kara3_S353_spades_no_contam.fasta,Wirz_S363_spades_no_contam.fasta,20045_S349_spades_no_contam.fasta,20031_S348_spades_no_contam.fasta,GCA_054369615.1_ASM5436961v1_genomic.fna,30021_S33_L007,GCA_001691765.1_ASM169176v1_genomic.fna,30000_S38_L007,SRR36137064_contigs.fasta,SRR36137480_contigs.fasta,SRR36145299_contigs.fasta,SRR36137136_contigs.fasta,SRR36137101_contigs.fasta,SRR36141466_contigs.fasta,NesPan3_S357_spades_no_contam.fasta,SRR36137094_contigs.fasta,SRR36118002_contigs.fasta,SRR36145290_contigs.fasta,Amagr1_AssemblyScaffolds.fasta}	1	2703.67	2719
N39	t2	{GCA_023014455.1_ASM2301445v1_genomic.fna,GCA_001983365.1_ASM198336v1_genomic.fna,GCA_023014435.1_ASM2301443v1_genomic.fna,GCA_023014395.1_ASM2301439v1_genomic.fna,GCA_023014475.1_ASM2301447v1_genomic.fna,GCA_032173475.1_ASM3217347v1_genomic.fna,GCA_001983385.1_ASM198338v1_genomic.fna,GCA_020011035.1_ASM2001103v1_genomic.fna,GCA_023014405.1_ASM2301440v1_genomic.fna,GCA_001691785.3_ASM169178v3_genomic.fna,40019_S37_L007,GCA_015039365.1_Amarub1_genomic.fna,SRR36117447_contigs.fasta,Amapyr1_AssemblyScaffolds_Repeatmasked.fasta,GCA_001691755.2_ASM169175v2_genomic.fna,GCA_003316615.1_ASM331661v1_genomic.fna,Volvo1_AssemblyScaffolds_Repeatmasked.fasta,GCA_002554575.1_Amanita_thiersii_v1.0_genomic.fna,GCA_001691775.3_ASM169177v3_genomic.fna,NagxHevest_S354_spades_no_contam.fasta,NagxHevestB_S355_spades_no_contam.fasta,SRR36137122_contigs.fasta,Gril1_S352_spades_no_contam.fasta,Frag1_S351_spades_no_contam.fasta,Aus332_S350_spades_no_contam.fasta,NzAUS95_S358_spades_no_contam.fasta,Nes1_S356_spades_no_contam.fasta,Skrap3_S361_spades_no_contam.fasta,11665_S342_spades_no_contam.fasta,11663_S340_spades_no_contam.fasta,11662_no_contam.fasta,11669_S346_spades_no_contam.fasta,11668_S345_spades_no_contam.fasta,11670_S347_spades_no_contam.fasta,11666_S343_spades_no_contam.fasta,11667_S344_spades_no_contam.fasta,11664_S341_spades_no_contam.fasta,Sogn5_S362_spades_no_contam.fasta,Ring1_S359_spades_no_contam.fasta,Kara3_S353_spades_no_contam.fasta,Wirz_S363_spades_no_contam.fasta,20045_S349_spades_no_contam.fasta,20031_S348_spades_no_contam.fasta,GCA_054369615.1_ASM5436961v1_genomic.fna,30021_S33_L007,GCA_001691765.1_ASM169176v1_genomic.fna,30000_S38_L007,SRR36137064_contigs.fasta,SRR36137480_contigs.fasta,SRR36145299_contigs.fasta,SRR36137136_contigs.fasta,SRR36137101_contigs.fasta,SRR36141466_contigs.fasta,NesPan3_S357_spades_no_contam.fasta,SRR36137094_contigs.fasta,SRR36118002_contigs.fasta,SRR36145290_contigs.fasta,Amagr1_AssemblyScaffolds.fasta}|{40225_S35_L007}#{30280_S34_L007}|{GCA_000497225.1_AmaJack1.0_genomic.fna}	0	6.62332	2719
N39	t3	{GCA_000497225.1_AmaJack1.0_genomic.fna}|{GCA_023014455.1_ASM2301445v1_genomic.fna,GCA_001983365.1_ASM198336v1_genomic.fna,GCA_023014435.1_ASM2301443v1_genomic.fna,GCA_023014395.1_ASM2301439v1_genomic.fna,GCA_023014475.1_ASM2301447v1_genomic.fna,GCA_032173475.1_ASM3217347v1_genomic.fna,GCA_001983385.1_ASM198338v1_genomic.fna,GCA_020011035.1_ASM2001103v1_genomic.fna,GCA_023014405.1_ASM2301440v1_genomic.fna,GCA_001691785.3_ASM169178v3_genomic.fna,40019_S37_L007,GCA_015039365.1_Amarub1_genomic.fna,SRR36117447_contigs.fasta,Amapyr1_AssemblyScaffolds_Repeatmasked.fasta,GCA_001691755.2_ASM169175v2_genomic.fna,GCA_003316615.1_ASM331661v1_genomic.fna,Volvo1_AssemblyScaffolds_Repeatmasked.fasta,GCA_002554575.1_Amanita_thiersii_v1.0_genomic.fna,GCA_001691775.3_ASM169177v3_genomic.fna,NagxHevest_S354_spades_no_contam.fasta,NagxHevestB_S355_spades_no_contam.fasta,SRR36137122_contigs.fasta,Gril1_S352_spades_no_contam.fasta,Frag1_S351_spades_no_contam.fasta,Aus332_S350_spades_no_contam.fasta,NzAUS95_S358_spades_no_contam.fasta,Nes1_S356_spades_no_contam.fasta,Skrap3_S361_spades_no_contam.fasta,11665_S342_spades_no_contam.fasta,11663_S340_spades_no_contam.fasta,11662_no_contam.fasta,11669_S346_spades_no_contam.fasta,11668_S345_spades_no_contam.fasta,11670_S347_spades_no_contam.fasta,11666_S343_spades_no_contam.fasta,11667_S344_spades_no_contam.fasta,11664_S341_spades_no_contam.fasta,Sogn5_S362_spades_no_contam.fasta,Ring1_S359_spades_no_contam.fasta,Kara3_S353_spades_no_contam.fasta,Wirz_S363_spades_no_contam.fasta,20045_S349_spades_no_contam.fasta,20031_S348_spades_no_contam.fasta,GCA_054369615.1_ASM5436961v1_genomic.fna,30021_S33_L007,GCA_001691765.1_ASM169176v1_genomic.fna,30000_S38_L007,SRR36137064_contigs.fasta,SRR36137480_contigs.fasta,SRR36145299_contigs.fasta,SRR36137136_contigs.fasta,SRR36137101_contigs.fasta,SRR36141466_contigs.fasta,NesPan3_S357_spades_no_contam.fasta,SRR36137094_contigs.fasta,SRR36118002_contigs.fasta,SRR36145290_contigs.fasta,Amagr1_AssemblyScaffolds.fasta}#{30280_S34_L007}|{40225_S35_L007}	0	8.70984	2719
N40	t1	{GCA_000497225.1_AmaJack1.0_genomic.fna,40225_S35_L007}|{30280_S34_L007}#{NagxHevest_S354_spades_no_contam.fasta,NagxHevestB_S355_spades_no_contam.fasta,SRR36137122_contigs.fasta,Gril1_S352_spades_no_contam.fasta,Frag1_S351_spades_no_contam.fasta,Aus332_S350_spades_no_contam.fasta,NzAUS95_S358_spades_no_contam.fasta,Nes1_S356_spades_no_contam.fasta,Skrap3_S361_spades_no_contam.fasta,11665_S342_spades_no_contam.fasta,11663_S340_spades_no_contam.fasta,11662_no_contam.fasta,11669_S346_spades_no_contam.fasta,11668_S345_spades_no_contam.fasta,11670_S347_spades_no_contam.fasta,11666_S343_spades_no_contam.fasta,11667_S344_spades_no_contam.fasta,11664_S341_spades_no_contam.fasta,Sogn5_S362_spades_no_contam.fasta,Ring1_S359_spades_no_contam.fasta,Kara3_S353_spades_no_contam.fasta,Wirz_S363_spades_no_contam.fasta,20045_S349_spades_no_contam.fasta,20031_S348_spades_no_contam.fasta,GCA_054369615.1_ASM5436961v1_genomic.fna,30021_S33_L007,GCA_001691765.1_ASM169176v1_genomic.fna,30000_S38_L007,SRR36137064_contigs.fasta,SRR36137480_contigs.fasta,SRR36145299_contigs.fasta,SRR36137136_contigs.fasta,SRR36137101_contigs.fasta,SRR36141466_contigs.fasta,NesPan3_S357_spades_no_contam.fasta,SRR36137094_contigs.fasta,SRR36118002_contigs.fasta,SRR36145290_contigs.fasta,Amagr1_AssemblyScaffolds.fasta}|{GCA_023014455.1_ASM2301445v1_genomic.fna,GCA_001983365.1_ASM198336v1_genomic.fna,GCA_023014435.1_ASM2301443v1_genomic.fna,GCA_023014395.1_ASM2301439v1_genomic.fna,GCA_023014475.1_ASM2301447v1_genomic.fna,GCA_032173475.1_ASM3217347v1_genomic.fna,GCA_001983385.1_ASM198338v1_genomic.fna,GCA_020011035.1_ASM2001103v1_genomic.fna,GCA_023014405.1_ASM2301440v1_genomic.fna,GCA_001691785.3_ASM169178v3_genomic.fna,40019_S37_L007,GCA_015039365.1_Amarub1_genomic.fna,SRR36117447_contigs.fasta,Amapyr1_AssemblyScaffolds_Repeatmasked.fasta,GCA_001691755.2_ASM169175v2_genomic.fna,GCA_003316615.1_ASM331661v1_genomic.fna,Volvo1_AssemblyScaffolds_Repeatmasked.fasta,GCA_002554575.1_Amanita_thiersii_v1.0_genomic.fna,GCA_001691775.3_ASM169177v3_genomic.fna}	1	1838.73	3215
N40	t2	{GCA_023014455.1_ASM2301445v1_genomic.fna,GCA_001983365.1_ASM198336v1_genomic.fna,GCA_023014435.1_ASM2301443v1_genomic.fna,GCA_023014395.1_ASM2301439v1_genomic.fna,GCA_023014475.1_ASM2301447v1_genomic.fna,GCA_032173475.1_ASM3217347v1_genomic.fna,GCA_001983385.1_ASM198338v1_genomic.fna,GCA_020011035.1_ASM2001103v1_genomic.fna,GCA_023014405.1_ASM2301440v1_genomic.fna,GCA_001691785.3_ASM169178v3_genomic.fna,40019_S37_L007,GCA_015039365.1_Amarub1_genomic.fna,SRR36117447_contigs.fasta,Amapyr1_AssemblyScaffolds_Repeatmasked.fasta,GCA_001691755.2_ASM169175v2_genomic.fna,GCA_003316615.1_ASM331661v1_genomic.fna,Volvo1_AssemblyScaffolds_Repeatmasked.fasta,GCA_002554575.1_Amanita_thiersii_v1.0_genomic.fna,GCA_001691775.3_ASM169177v3_genomic.fna}|{30280_S34_L007}#{NagxHevest_S354_spades_no_contam.fasta,NagxHevestB_S355_spades_no_contam.fasta,SRR36137122_contigs.fasta,Gril1_S352_spades_no_contam.fasta,Frag1_S351_spades_no_contam.fasta,Aus332_S350_spades_no_contam.fasta,NzAUS95_S358_spades_no_contam.fasta,Nes1_S356_spades_no_contam.fasta,Skrap3_S361_spades_no_contam.fasta,11665_S342_spades_no_contam.fasta,11663_S340_spades_no_contam.fasta,11662_no_contam.fasta,11669_S346_spades_no_contam.fasta,11668_S345_spades_no_contam.fasta,11670_S347_spades_no_contam.fasta,11666_S343_spades_no_contam.fasta,11667_S344_spades_no_contam.fasta,11664_S341_spades_no_contam.fasta,Sogn5_S362_spades_no_contam.fasta,Ring1_S359_spades_no_contam.fasta,Kara3_S353_spades_no_contam.fasta,Wirz_S363_spades_no_contam.fasta,20045_S349_spades_no_contam.fasta,20031_S348_spades_no_contam.fasta,GCA_054369615.1_ASM5436961v1_genomic.fna,30021_S33_L007,GCA_001691765.1_ASM169176v1_genomic.fna,30000_S38_L007,SRR36137064_contigs.fasta,SRR36137480_contigs.fasta,SRR36145299_contigs.fasta,SRR36137136_contigs.fasta,SRR36137101_contigs.fasta,SRR36141466_contigs.fasta,NesPan3_S357_spades_no_contam.fasta,SRR36137094_contigs.fasta,SRR36118002_contigs.fasta,SRR36145290_contigs.fasta,Amagr1_AssemblyScaffolds.fasta}|{GCA_000497225.1_AmaJack1.0_genomic.fna,40225_S35_L007}	0	575.915	3215
N40	t3	{GCA_000497225.1_AmaJack1.0_genomic.fna,40225_S35_L007}|{GCA_023014455.1_ASM2301445v1_genomic.fna,GCA_001983365.1_ASM198336v1_genomic.fna,GCA_023014435.1_ASM2301443v1_genomic.fna,GCA_023014395.1_ASM2301439v1_genomic.fna,GCA_023014475.1_ASM2301447v1_genomic.fna,GCA_032173475.1_ASM3217347v1_genomic.fna,GCA_001983385.1_ASM198338v1_genomic.fna,GCA_020011035.1_ASM2001103v1_genomic.fna,GCA_023014405.1_ASM2301440v1_genomic.fna,GCA_001691785.3_ASM169178v3_genomic.fna,40019_S37_L007,GCA_015039365.1_Amarub1_genomic.fna,SRR36117447_contigs.fasta,Amapyr1_AssemblyScaffolds_Repeatmasked.fasta,GCA_001691755.2_ASM169175v2_genomic.fna,GCA_003316615.1_ASM331661v1_genomic.fna,Volvo1_AssemblyScaffolds_Repeatmasked.fasta,GCA_002554575.1_Amanita_thiersii_v1.0_genomic.fna,GCA_001691775.3_ASM169177v3_genomic.fna}#{NagxHevest_S354_spades_no_contam.fasta,NagxHevestB_S355_spades_no_contam.fasta,SRR36137122_contigs.fasta,Gril1_S352_spades_no_contam.fasta,Frag1_S351_spades_no_contam.fasta,Aus332_S350_spades_no_contam.fasta,NzAUS95_S358_spades_no_contam.fasta,Nes1_S356_spades_no_contam.fasta,Skrap3_S361_spades_no_contam.fasta,11665_S342_spades_no_contam.fasta,11663_S340_spades_no_contam.fasta,11662_no_contam.fasta,11669_S346_spades_no_contam.fasta,11668_S345_spades_no_contam.fasta,11670_S347_spades_no_contam.fasta,11666_S343_spades_no_contam.fasta,11667_S344_spades_no_contam.fasta,11664_S341_spades_no_contam.fasta,Sogn5_S362_spades_no_contam.fasta,Ring1_S359_spades_no_contam.fasta,Kara3_S353_spades_no_contam.fasta,Wirz_S363_spades_no_contam.fasta,20045_S349_spades_no_contam.fasta,20031_S348_spades_no_contam.fasta,GCA_054369615.1_ASM5436961v1_genomic.fna,30021_S33_L007,GCA_001691765.1_ASM169176v1_genomic.fna,30000_S38_L007,SRR36137064_contigs.fasta,SRR36137480_contigs.fasta,SRR36145299_contigs.fasta,SRR36137136_contigs.fasta,SRR36137101_contigs.fasta,SRR36141466_contigs.fasta,NesPan3_S357_spades_no_contam.fasta,SRR36137094_contigs.fasta,SRR36118002_contigs.fasta,SRR36145290_contigs.fasta,Amagr1_AssemblyScaffolds.fasta}|{30280_S34_L007}	0	800.359	3215
N41	t1	{NagxHevest_S354_spades_no_contam.fasta,NagxHevestB_S355_spades_no_contam.fasta,SRR36137122_contigs.fasta,Gril1_S352_spades_no_contam.fasta,Frag1_S351_spades_no_contam.fasta,Aus332_S350_spades_no_contam.fasta,NzAUS95_S358_spades_no_contam.fasta,Nes1_S356_spades_no_contam.fasta,Skrap3_S361_spades_no_contam.fasta,11665_S342_spades_no_contam.fasta,11663_S340_spades_no_contam.fasta,11662_no_contam.fasta,11669_S346_spades_no_contam.fasta,11668_S345_spades_no_contam.fasta,11670_S347_spades_no_contam.fasta,11666_S343_spades_no_contam.fasta,11667_S344_spades_no_contam.fasta,11664_S341_spades_no_contam.fasta,Sogn5_S362_spades_no_contam.fasta,Ring1_S359_spades_no_contam.fasta,Kara3_S353_spades_no_contam.fasta,Wirz_S363_spades_no_contam.fasta,20045_S349_spades_no_contam.fasta,20031_S348_spades_no_contam.fasta,GCA_054369615.1_ASM5436961v1_genomic.fna,30021_S33_L007,GCA_001691765.1_ASM169176v1_genomic.fna,30000_S38_L007,SRR36137064_contigs.fasta,SRR36137480_contigs.fasta,SRR36145299_contigs.fasta,SRR36137136_contigs.fasta,SRR36137101_contigs.fasta,SRR36141466_contigs.fasta,NesPan3_S357_spades_no_contam.fasta,SRR36137094_contigs.fasta,SRR36118002_contigs.fasta,SRR36145290_contigs.fasta,Amagr1_AssemblyScaffolds.fasta}|{GCA_000497225.1_AmaJack1.0_genomic.fna,40225_S35_L007,30280_S34_L007}#{Volvo1_AssemblyScaffolds_Repeatmasked.fasta,GCA_002554575.1_Amanita_thiersii_v1.0_genomic.fna,GCA_001691775.3_ASM169177v3_genomic.fna}|{GCA_023014455.1_ASM2301445v1_genomic.fna,GCA_001983365.1_ASM198336v1_genomic.fna,GCA_023014435.1_ASM2301443v1_genomic.fna,GCA_023014395.1_ASM2301439v1_genomic.fna,GCA_023014475.1_ASM2301447v1_genomic.fna,GCA_032173475.1_ASM3217347v1_genomic.fna,GCA_001983385.1_ASM198338v1_genomic.fna,GCA_020011035.1_ASM2001103v1_genomic.fna,GCA_023014405.1_ASM2301440v1_genomic.fna,GCA_001691785.3_ASM169178v3_genomic.fna,40019_S37_L007,GCA_015039365.1_Amarub1_genomic.fna,SRR36117447_contigs.fasta,Amapyr1_AssemblyScaffolds_Repeatmasked.fasta,GCA_001691755.2_ASM169175v2_genomic.fna,GCA_003316615.1_ASM331661v1_genomic.fna}	1	3362.26	3527
N41	t2	{GCA_023014455.1_ASM2301445v1_genomic.fna,GCA_001983365.1_ASM198336v1_genomic.fna,GCA_023014435.1_ASM2301443v1_genomic.fna,GCA_023014395.1_ASM2301439v1_genomic.fna,GCA_023014475.1_ASM2301447v1_genomic.fna,GCA_032173475.1_ASM3217347v1_genomic.fna,GCA_001983385.1_ASM198338v1_genomic.fna,GCA_020011035.1_ASM2001103v1_genomic.fna,GCA_023014405.1_ASM2301440v1_genomic.fna,GCA_001691785.3_ASM169178v3_genomic.fna,40019_S37_L007,GCA_015039365.1_Amarub1_genomic.fna,SRR36117447_contigs.fasta,Amapyr1_AssemblyScaffolds_Repeatmasked.fasta,GCA_001691755.2_ASM169175v2_genomic.fna,GCA_003316615.1_ASM331661v1_genomic.fna}|{GCA_000497225.1_AmaJack1.0_genomic.fna,40225_S35_L007,30280_S34_L007}#{Volvo1_AssemblyScaffolds_Repeatmasked.fasta,GCA_002554575.1_Amanita_thiersii_v1.0_genomic.fna,GCA_001691775.3_ASM169177v3_genomic.fna}|{NagxHevest_S354_spades_no_contam.fasta,NagxHevestB_S355_spades_no_contam.fasta,SRR36137122_contigs.fasta,Gril1_S352_spades_no_contam.fasta,Frag1_S351_spades_no_contam.fasta,Aus332_S350_spades_no_contam.fasta,NzAUS95_S358_spades_no_contam.fasta,Nes1_S356_spades_no_contam.fasta,Skrap3_S361_spades_no_contam.fasta,11665_S342_spades_no_contam.fasta,11663_S340_spades_no_contam.fasta,11662_no_contam.fasta,11669_S346_spades_no_contam.fasta,11668_S345_spades_no_contam.fasta,11670_S347_spades_no_contam.fasta,11666_S343_spades_no_contam.fasta,11667_S344_spades_no_contam.fasta,11664_S341_spades_no_contam.fasta,Sogn5_S362_spades_no_contam.fasta,Ring1_S359_spades_no_contam.fasta,Kara3_S353_spades_no_contam.fasta,Wirz_S363_spades_no_contam.fasta,20045_S349_spades_no_contam.fasta,20031_S348_spades_no_contam.fasta,GCA_054369615.1_ASM5436961v1_genomic.fna,30021_S33_L007,GCA_001691765.1_ASM169176v1_genomic.fna,30000_S38_L007,SRR36137064_contigs.fasta,SRR36137480_contigs.fasta,SRR36145299_contigs.fasta,SRR36137136_contigs.fasta,SRR36137101_contigs.fasta,SRR36141466_contigs.fasta,NesPan3_S357_spades_no_contam.fasta,SRR36137094_contigs.fasta,SRR36118002_contigs.fasta,SRR36145290_contigs.fasta,Amagr1_AssemblyScaffolds.fasta}	0	96.1039	3527
N41	t3	{NagxHevest_S354_spades_no_contam.fasta,NagxHevestB_S355_spades_no_contam.fasta,SRR36137122_contigs.fasta,Gril1_S352_spades_no_contam.fasta,Frag1_S351_spades_no_contam.fasta,Aus332_S350_spades_no_contam.fasta,NzAUS95_S358_spades_no_contam.fasta,Nes1_S356_spades_no_contam.fasta,Skrap3_S361_spades_no_contam.fasta,11665_S342_spades_no_contam.fasta,11663_S340_spades_no_contam.fasta,11662_no_contam.fasta,11669_S346_spades_no_contam.fasta,11668_S345_spades_no_contam.fasta,11670_S347_spades_no_contam.fasta,11666_S343_spades_no_contam.fasta,11667_S344_spades_no_contam.fasta,11664_S341_spades_no_contam.fasta,Sogn5_S362_spades_no_contam.fasta,Ring1_S359_spades_no_contam.fasta,Kara3_S353_spades_no_contam.fasta,Wirz_S363_spades_no_contam.fasta,20045_S349_spades_no_contam.fasta,20031_S348_spades_no_contam.fasta,GCA_054369615.1_ASM5436961v1_genomic.fna,30021_S33_L007,GCA_001691765.1_ASM169176v1_genomic.fna,30000_S38_L007,SRR36137064_contigs.fasta,SRR36137480_contigs.fasta,SRR36145299_contigs.fasta,SRR36137136_contigs.fasta,SRR36137101_contigs.fasta,SRR36141466_contigs.fasta,NesPan3_S357_spades_no_contam.fasta,SRR36137094_contigs.fasta,SRR36118002_contigs.fasta,SRR36145290_contigs.fasta,Amagr1_AssemblyScaffolds.fasta}|{GCA_023014455.1_ASM2301445v1_genomic.fna,GCA_001983365.1_ASM198336v1_genomic.fna,GCA_023014435.1_ASM2301443v1_genomic.fna,GCA_023014395.1_ASM2301439v1_genomic.fna,GCA_023014475.1_ASM2301447v1_genomic.fna,GCA_032173475.1_ASM3217347v1_genomic.fna,GCA_001983385.1_ASM198338v1_genomic.fna,GCA_020011035.1_ASM2001103v1_genomic.fna,GCA_023014405.1_ASM2301440v1_genomic.fna,GCA_001691785.3_ASM169178v3_genomic.fna,40019_S37_L007,GCA_015039365.1_Amarub1_genomic.fna,SRR36117447_contigs.fasta,Amapyr1_AssemblyScaffolds_Repeatmasked.fasta,GCA_001691755.2_ASM169175v2_genomic.fna,GCA_003316615.1_ASM331661v1_genomic.fna}#{Volvo1_AssemblyScaffolds_Repeatmasked.fasta,GCA_002554575.1_Amanita_thiersii_v1.0_genomic.fna,GCA_001691775.3_ASM169177v3_genomic.fna}|{GCA_000497225.1_AmaJack1.0_genomic.fna,40225_S35_L007,30280_S34_L007}	0	68.6351	3527
N42	t1	{Volvo1_AssemblyScaffolds_Repeatmasked.fasta}|{GCA_002554575.1_Amanita_thiersii_v1.0_genomic.fna}#{GCA_001691775.3_ASM169177v3_genomic.fna}|{GCA_023014455.1_ASM2301445v1_genomic.fna,GCA_001983365.1_ASM198336v1_genomic.fna,GCA_023014435.1_ASM2301443v1_genomic.fna,GCA_023014395.1_ASM2301439v1_genomic.fna,GCA_023014475.1_ASM2301447v1_genomic.fna,GCA_032173475.1_ASM3217347v1_genomic.fna,GCA_001983385.1_ASM198338v1_genomic.fna,GCA_020011035.1_ASM2001103v1_genomic.fna,GCA_023014405.1_ASM2301440v1_genomic.fna,GCA_001691785.3_ASM169178v3_genomic.fna,40019_S37_L007,GCA_015039365.1_Amarub1_genomic.fna,SRR36117447_contigs.fasta,Amapyr1_AssemblyScaffolds_Repeatmasked.fasta,GCA_001691755.2_ASM169175v2_genomic.fna,GCA_003316615.1_ASM331661v1_genomic.fna,NagxHevest_S354_spades_no_contam.fasta,NagxHevestB_S355_spades_no_contam.fasta,SRR36137122_contigs.fasta,Gril1_S352_spades_no_contam.fasta,Frag1_S351_spades_no_contam.fasta,Aus332_S350_spades_no_contam.fasta,NzAUS95_S358_spades_no_contam.fasta,Nes1_S356_spades_no_contam.fasta,Skrap3_S361_spades_no_contam.fasta,11665_S342_spades_no_contam.fasta,11663_S340_spades_no_contam.fasta,11662_no_contam.fasta,11669_S346_spades_no_contam.fasta,11668_S345_spades_no_contam.fasta,11670_S347_spades_no_contam.fasta,11666_S343_spades_no_contam.fasta,11667_S344_spades_no_contam.fasta,11664_S341_spades_no_contam.fasta,Sogn5_S362_spades_no_contam.fasta,Ring1_S359_spades_no_contam.fasta,Kara3_S353_spades_no_contam.fasta,Wirz_S363_spades_no_contam.fasta,20045_S349_spades_no_contam.fasta,20031_S348_spades_no_contam.fasta,GCA_054369615.1_ASM5436961v1_genomic.fna,30021_S33_L007,GCA_001691765.1_ASM169176v1_genomic.fna,30000_S38_L007,SRR36137064_contigs.fasta,SRR36137480_contigs.fasta,SRR36145299_contigs.fasta,SRR36137136_contigs.fasta,SRR36137101_contigs.fasta,SRR36141466_contigs.fasta,NesPan3_S357_spades_no_contam.fasta,SRR36137094_contigs.fasta,SRR36118002_contigs.fasta,SRR36145290_contigs.fasta,Amagr1_AssemblyScaffolds.fasta,GCA_000497225.1_AmaJack1.0_genomic.fna,40225_S35_L007,30280_S34_L007}	1	1521.91	3223
N42	t2	{GCA_023014455.1_ASM2301445v1_genomic.fna,GCA_001983365.1_ASM198336v1_genomic.fna,GCA_023014435.1_ASM2301443v1_genomic.fna,GCA_023014395.1_ASM2301439v1_genomic.fna,GCA_023014475.1_ASM2301447v1_genomic.fna,GCA_032173475.1_ASM3217347v1_genomic.fna,GCA_001983385.1_ASM198338v1_genomic.fna,GCA_020011035.1_ASM2001103v1_genomic.fna,GCA_023014405.1_ASM2301440v1_genomic.fna,GCA_001691785.3_ASM169178v3_genomic.fna,40019_S37_L007,GCA_015039365.1_Amarub1_genomic.fna,SRR36117447_contigs.fasta,Amapyr1_AssemblyScaffolds_Repeatmasked.fasta,GCA_001691755.2_ASM169175v2_genomic.fna,GCA_003316615.1_ASM331661v1_genomic.fna,NagxHevest_S354_spades_no_contam.fasta,NagxHevestB_S355_spades_no_contam.fasta,SRR36137122_contigs.fasta,Gril1_S352_spades_no_contam.fasta,Frag1_S351_spades_no_contam.fasta,Aus332_S350_spades_no_contam.fasta,NzAUS95_S358_spades_no_contam.fasta,Nes1_S356_spades_no_contam.fasta,Skrap3_S361_spades_no_contam.fasta,11665_S342_spades_no_contam.fasta,11663_S340_spades_no_contam.fasta,11662_no_contam.fasta,11669_S346_spades_no_contam.fasta,11668_S345_spades_no_contam.fasta,11670_S347_spades_no_contam.fasta,11666_S343_spades_no_contam.fasta,11667_S344_spades_no_contam.fasta,11664_S341_spades_no_contam.fasta,Sogn5_S362_spades_no_contam.fasta,Ring1_S359_spades_no_contam.fasta,Kara3_S353_spades_no_contam.fasta,Wirz_S363_spades_no_contam.fasta,20045_S349_spades_no_contam.fasta,20031_S348_spades_no_contam.fasta,GCA_054369615.1_ASM5436961v1_genomic.fna,30021_S33_L007,GCA_001691765.1_ASM169176v1_genomic.fna,30000_S38_L007,SRR36137064_contigs.fasta,SRR36137480_contigs.fasta,SRR36145299_contigs.fasta,SRR36137136_contigs.fasta,SRR36137101_contigs.fasta,SRR36141466_contigs.fasta,NesPan3_S357_spades_no_contam.fasta,SRR36137094_contigs.fasta,SRR36118002_contigs.fasta,SRR36145290_contigs.fasta,Amagr1_AssemblyScaffolds.fasta,GCA_000497225.1_AmaJack1.0_genomic.fna,40225_S35_L007,30280_S34_L007}|{GCA_002554575.1_Amanita_thiersii_v1.0_genomic.fna}#{GCA_001691775.3_ASM169177v3_genomic.fna}|{Volvo1_AssemblyScaffolds_Repeatmasked.fasta}	0	299.161	3223
N42	t3	{Volvo1_AssemblyScaffolds_Repeatmasked.fasta}|{GCA_023014455.1_ASM2301445v1_genomic.fna,GCA_001983365.1_ASM198336v1_genomic.fna,GCA_023014435.1_ASM2301443v1_genomic.fna,GCA_023014395.1_ASM2301439v1_genomic.fna,GCA_023014475.1_ASM2301447v1_genomic.fna,GCA_032173475.1_ASM3217347v1_genomic.fna,GCA_001983385.1_ASM198338v1_genomic.fna,GCA_020011035.1_ASM2001103v1_genomic.fna,GCA_023014405.1_ASM2301440v1_genomic.fna,GCA_001691785.3_ASM169178v3_genomic.fna,40019_S37_L007,GCA_015039365.1_Amarub1_genomic.fna,SRR36117447_contigs.fasta,Amapyr1_AssemblyScaffolds_Repeatmasked.fasta,GCA_001691755.2_ASM169175v2_genomic.fna,GCA_003316615.1_ASM331661v1_genomic.fna,NagxHevest_S354_spades_no_contam.fasta,NagxHevestB_S355_spades_no_contam.fasta,SRR36137122_contigs.fasta,Gril1_S352_spades_no_contam.fasta,Frag1_S351_spades_no_contam.fasta,Aus332_S350_spades_no_contam.fasta,NzAUS95_S358_spades_no_contam.fasta,Nes1_S356_spades_no_contam.fasta,Skrap3_S361_spades_no_contam.fasta,11665_S342_spades_no_contam.fasta,11663_S340_spades_no_contam.fasta,11662_no_contam.fasta,11669_S346_spades_no_contam.fasta,11668_S345_spades_no_contam.fasta,11670_S347_spades_no_contam.fasta,11666_S343_spades_no_contam.fasta,11667_S344_spades_no_contam.fasta,11664_S341_spades_no_contam.fasta,Sogn5_S362_spades_no_contam.fasta,Ring1_S359_spades_no_contam.fasta,Kara3_S353_spades_no_contam.fasta,Wirz_S363_spades_no_contam.fasta,20045_S349_spades_no_contam.fasta,20031_S348_spades_no_contam.fasta,GCA_054369615.1_ASM5436961v1_genomic.fna,30021_S33_L007,GCA_001691765.1_ASM169176v1_genomic.fna,30000_S38_L007,SRR36137064_contigs.fasta,SRR36137480_contigs.fasta,SRR36145299_contigs.fasta,SRR36137136_contigs.fasta,SRR36137101_contigs.fasta,SRR36141466_contigs.fasta,NesPan3_S357_spades_no_contam.fasta,SRR36137094_contigs.fasta,SRR36118002_contigs.fasta,SRR36145290_contigs.fasta,Amagr1_AssemblyScaffolds.fasta,GCA_000497225.1_AmaJack1.0_genomic.fna,40225_S35_L007,30280_S34_L007}#{GCA_001691775.3_ASM169177v3_genomic.fna}|{GCA_002554575.1_Amanita_thiersii_v1.0_genomic.fna}	3.84865e-27	1401.93	3223
N43	t1	{Volvo1_AssemblyScaffolds_Repeatmasked.fasta,GCA_002554575.1_Amanita_thiersii_v1.0_genomic.fna}|{GCA_001691775.3_ASM169177v3_genomic.fna}#{NagxHevest_S354_spades_no_contam.fasta,NagxHevestB_S355_spades_no_contam.fasta,SRR36137122_contigs.fasta,Gril1_S352_spades_no_contam.fasta,Frag1_S351_spades_no_contam.fasta,Aus332_S350_spades_no_contam.fasta,NzAUS95_S358_spades_no_contam.fasta,Nes1_S356_spades_no_contam.fasta,Skrap3_S361_spades_no_contam.fasta,11665_S342_spades_no_contam.fasta,11663_S340_spades_no_contam.fasta,11662_no_contam.fasta,11669_S346_spades_no_contam.fasta,11668_S345_spades_no_contam.fasta,11670_S347_spades_no_contam.fasta,11666_S343_spades_no_contam.fasta,11667_S344_spades_no_contam.fasta,11664_S341_spades_no_contam.fasta,Sogn5_S362_spades_no_contam.fasta,Ring1_S359_spades_no_contam.fasta,Kara3_S353_spades_no_contam.fasta,Wirz_S363_spades_no_contam.fasta,20045_S349_spades_no_contam.fasta,20031_S348_spades_no_contam.fasta,GCA_054369615.1_ASM5436961v1_genomic.fna,30021_S33_L007,GCA_001691765.1_ASM169176v1_genomic.fna,30000_S38_L007,SRR36137064_contigs.fasta,SRR36137480_contigs.fasta,SRR36145299_contigs.fasta,SRR36137136_contigs.fasta,SRR36137101_contigs.fasta,SRR36141466_contigs.fasta,NesPan3_S357_spades_no_contam.fasta,SRR36137094_contigs.fasta,SRR36118002_contigs.fasta,SRR36145290_contigs.fasta,Amagr1_AssemblyScaffolds.fasta,GCA_000497225.1_AmaJack1.0_genomic.fna,40225_S35_L007,30280_S34_L007}|{GCA_023014455.1_ASM2301445v1_genomic.fna,GCA_001983365.1_ASM198336v1_genomic.fna,GCA_023014435.1_ASM2301443v1_genomic.fna,GCA_023014395.1_ASM2301439v1_genomic.fna,GCA_023014475.1_ASM2301447v1_genomic.fna,GCA_032173475.1_ASM3217347v1_genomic.fna,GCA_001983385.1_ASM198338v1_genomic.fna,GCA_020011035.1_ASM2001103v1_genomic.fna,GCA_023014405.1_ASM2301440v1_genomic.fna,GCA_001691785.3_ASM169178v3_genomic.fna,40019_S37_L007,GCA_015039365.1_Amarub1_genomic.fna,SRR36117447_contigs.fasta,Amapyr1_AssemblyScaffolds_Repeatmasked.fasta,GCA_001691755.2_ASM169175v2_genomic.fna,GCA_003316615.1_ASM331661v1_genomic.fna}	1	2929.36	3411
N43	t2	{GCA_023014455.1_ASM2301445v1_genomic.fna,GCA_001983365.1_ASM198336v1_genomic.fna,GCA_023014435.1_ASM2301443v1_genomic.fna,GCA_023014395.1_ASM2301439v1_genomic.fna,GCA_023014475.1_ASM2301447v1_genomic.fna,GCA_032173475.1_ASM3217347v1_genomic.fna,GCA_001983385.1_ASM198338v1_genomic.fna,GCA_020011035.1_ASM2001103v1_genomic.fna,GCA_023014405.1_ASM2301440v1_genomic.fna,GCA_001691785.3_ASM169178v3_genomic.fna,40019_S37_L007,GCA_015039365.1_Amarub1_genomic.fna,SRR36117447_contigs.fasta,Amapyr1_AssemblyScaffolds_Repeatmasked.fasta,GCA_001691755.2_ASM169175v2_genomic.fna,GCA_003316615.1_ASM331661v1_genomic.fna}|{GCA_001691775.3_ASM169177v3_genomic.fna}#{NagxHevest_S354_spades_no_contam.fasta,NagxHevestB_S355_spades_no_contam.fasta,SRR36137122_contigs.fasta,Gril1_S352_spades_no_contam.fasta,Frag1_S351_spades_no_contam.fasta,Aus332_S350_spades_no_contam.fasta,NzAUS95_S358_spades_no_contam.fasta,Nes1_S356_spades_no_contam.fasta,Skrap3_S361_spades_no_contam.fasta,11665_S342_spades_no_contam.fasta,11663_S340_spades_no_contam.fasta,11662_no_contam.fasta,11669_S346_spades_no_contam.fasta,11668_S345_spades_no_contam.fasta,11670_S347_spades_no_contam.fasta,11666_S343_spades_no_contam.fasta,11667_S344_spades_no_contam.fasta,11664_S341_spades_no_contam.fasta,Sogn5_S362_spades_no_contam.fasta,Ring1_S359_spades_no_contam.fasta,Kara3_S353_spades_no_contam.fasta,Wirz_S363_spades_no_contam.fasta,20045_S349_spades_no_contam.fasta,20031_S348_spades_no_contam.fasta,GCA_054369615.1_ASM5436961v1_genomic.fna,30021_S33_L007,GCA_001691765.1_ASM169176v1_genomic.fna,30000_S38_L007,SRR36137064_contigs.fasta,SRR36137480_contigs.fasta,SRR36145299_contigs.fasta,SRR36137136_contigs.fasta,SRR36137101_contigs.fasta,SRR36141466_contigs.fasta,NesPan3_S357_spades_no_contam.fasta,SRR36137094_contigs.fasta,SRR36118002_contigs.fasta,SRR36145290_contigs.fasta,Amagr1_AssemblyScaffolds.fasta,GCA_000497225.1_AmaJack1.0_genomic.fna,40225_S35_L007,30280_S34_L007}|{Volvo1_AssemblyScaffolds_Repeatmasked.fasta,GCA_002554575.1_Amanita_thiersii_v1.0_genomic.fna}	0	287.275	3411
N43	t3	{Volvo1_AssemblyScaffolds_Repeatmasked.fasta,GCA_002554575.1_Amanita_thiersii_v1.0_genomic.fna}|{GCA_023014455.1_ASM2301445v1_genomic.fna,GCA_001983365.1_ASM198336v1_genomic.fna,GCA_023014435.1_ASM2301443v1_genomic.fna,GCA_023014395.1_ASM2301439v1_genomic.fna,GCA_023014475.1_ASM2301447v1_genomic.fna,GCA_032173475.1_ASM3217347v1_genomic.fna,GCA_001983385.1_ASM198338v1_genomic.fna,GCA_020011035.1_ASM2001103v1_genomic.fna,GCA_023014405.1_ASM2301440v1_genomic.fna,GCA_001691785.3_ASM169178v3_genomic.fna,40019_S37_L007,GCA_015039365.1_Amarub1_genomic.fna,SRR36117447_contigs.fasta,Amapyr1_AssemblyScaffolds_Repeatmasked.fasta,GCA_001691755.2_ASM169175v2_genomic.fna,GCA_003316615.1_ASM331661v1_genomic.fna}#{NagxHevest_S354_spades_no_contam.fasta,NagxHevestB_S355_spades_no_contam.fasta,SRR36137122_contigs.fasta,Gril1_S352_spades_no_contam.fasta,Frag1_S351_spades_no_contam.fasta,Aus332_S350_spades_no_contam.fasta,NzAUS95_S358_spades_no_contam.fasta,Nes1_S356_spades_no_contam.fasta,Skrap3_S361_spades_no_contam.fasta,11665_S342_spades_no_contam.fasta,11663_S340_spades_no_contam.fasta,11662_no_contam.fasta,11669_S346_spades_no_contam.fasta,11668_S345_spades_no_contam.fasta,11670_S347_spades_no_contam.fasta,11666_S343_spades_no_contam.fasta,11667_S344_spades_no_contam.fasta,11664_S341_spades_no_contam.fasta,Sogn5_S362_spades_no_contam.fasta,Ring1_S359_spades_no_contam.fasta,Kara3_S353_spades_no_contam.fasta,Wirz_S363_spades_no_contam.fasta,20045_S349_spades_no_contam.fasta,20031_S348_spades_no_contam.fasta,GCA_054369615.1_ASM5436961v1_genomic.fna,30021_S33_L007,GCA_001691765.1_ASM169176v1_genomic.fna,30000_S38_L007,SRR36137064_contigs.fasta,SRR36137480_contigs.fasta,SRR36145299_contigs.fasta,SRR36137136_contigs.fasta,SRR36137101_contigs.fasta,SRR36141466_contigs.fasta,NesPan3_S357_spades_no_contam.fasta,SRR36137094_contigs.fasta,SRR36118002_contigs.fasta,SRR36145290_contigs.fasta,Amagr1_AssemblyScaffolds.fasta,GCA_000497225.1_AmaJack1.0_genomic.fna,40225_S35_L007,30280_S34_L007}|{GCA_001691775.3_ASM169177v3_genomic.fna}	0	194.368	3411
N44	t1	{NagxHevest_S354_spades_no_contam.fasta,NagxHevestB_S355_spades_no_contam.fasta,SRR36137122_contigs.fasta,Gril1_S352_spades_no_contam.fasta,Frag1_S351_spades_no_contam.fasta,Aus332_S350_spades_no_contam.fasta,NzAUS95_S358_spades_no_contam.fasta,Nes1_S356_spades_no_contam.fasta,Skrap3_S361_spades_no_contam.fasta,11665_S342_spades_no_contam.fasta,11663_S340_spades_no_contam.fasta,11662_no_contam.fasta,11669_S346_spades_no_contam.fasta,11668_S345_spades_no_contam.fasta,11670_S347_spades_no_contam.fasta,11666_S343_spades_no_contam.fasta,11667_S344_spades_no_contam.fasta,11664_S341_spades_no_contam.fasta,Sogn5_S362_spades_no_contam.fasta,Ring1_S359_spades_no_contam.fasta,Kara3_S353_spades_no_contam.fasta,Wirz_S363_spades_no_contam.fasta,20045_S349_spades_no_contam.fasta,20031_S348_spades_no_contam.fasta,GCA_054369615.1_ASM5436961v1_genomic.fna,30021_S33_L007,GCA_001691765.1_ASM169176v1_genomic.fna,30000_S38_L007,SRR36137064_contigs.fasta,SRR36137480_contigs.fasta,SRR36145299_contigs.fasta,SRR36137136_contigs.fasta,SRR36137101_contigs.fasta,SRR36141466_contigs.fasta,NesPan3_S357_spades_no_contam.fasta,SRR36137094_contigs.fasta,SRR36118002_contigs.fasta,SRR36145290_contigs.fasta,Amagr1_AssemblyScaffolds.fasta,GCA_000497225.1_AmaJack1.0_genomic.fna,40225_S35_L007,30280_S34_L007}|{Volvo1_AssemblyScaffolds_Repeatmasked.fasta,GCA_002554575.1_Amanita_thiersii_v1.0_genomic.fna,GCA_001691775.3_ASM169177v3_genomic.fna}#{SRR36117447_contigs.fasta,Amapyr1_AssemblyScaffolds_Repeatmasked.fasta,GCA_001691755.2_ASM169175v2_genomic.fna,GCA_003316615.1_ASM331661v1_genomic.fna}|{GCA_023014455.1_ASM2301445v1_genomic.fna,GCA_001983365.1_ASM198336v1_genomic.fna,GCA_023014435.1_ASM2301443v1_genomic.fna,GCA_023014395.1_ASM2301439v1_genomic.fna,GCA_023014475.1_ASM2301447v1_genomic.fna,GCA_032173475.1_ASM3217347v1_genomic.fna,GCA_001983385.1_ASM198338v1_genomic.fna,GCA_020011035.1_ASM2001103v1_genomic.fna,GCA_023014405.1_ASM2301440v1_genomic.fna,GCA_001691785.3_ASM169178v3_genomic.fna,40019_S37_L007,GCA_015039365.1_Amarub1_genomic.fna}	1	3239.93	3505
N44	t2	{GCA_023014455.1_ASM2301445v1_genomic.fna,GCA_001983365.1_ASM198336v1_genomic.fna,GCA_023014435.1_ASM2301443v1_genomic.fna,GCA_023014395.1_ASM2301439v1_genomic.fna,GCA_023014475.1_ASM2301447v1_genomic.fna,GCA_032173475.1_ASM3217347v1_genomic.fna,GCA_001983385.1_ASM198338v1_genomic.fna,GCA_020011035.1_ASM2001103v1_genomic.fna,GCA_023014405.1_ASM2301440v1_genomic.fna,GCA_001691785.3_ASM169178v3_genomic.fna,40019_S37_L007,GCA_015039365.1_Amarub1_genomic.fna}|{Volvo1_AssemblyScaffolds_Repeatmasked.fasta,GCA_002554575.1_Amanita_thiersii_v1.0_genomic.fna,GCA_001691775.3_ASM169177v3_genomic.fna}#{SRR36117447_contigs.fasta,Amapyr1_AssemblyScaffolds_Repeatmasked.fasta,GCA_001691755.2_ASM169175v2_genomic.fna,GCA_003316615.1_ASM331661v1_genomic.fna}|{NagxHevest_S354_spades_no_contam.fasta,NagxHevestB_S355_spades_no_contam.fasta,SRR36137122_contigs.fasta,Gril1_S352_spades_no_contam.fasta,Frag1_S351_spades_no_contam.fasta,Aus332_S350_spades_no_contam.fasta,NzAUS95_S358_spades_no_contam.fasta,Nes1_S356_spades_no_contam.fasta,Skrap3_S361_spades_no_contam.fasta,11665_S342_spades_no_contam.fasta,11663_S340_spades_no_contam.fasta,11662_no_contam.fasta,11669_S346_spades_no_contam.fasta,11668_S345_spades_no_contam.fasta,11670_S347_spades_no_contam.fasta,11666_S343_spades_no_contam.fasta,11667_S344_spades_no_contam.fasta,11664_S341_spades_no_contam.fasta,Sogn5_S362_spades_no_contam.fasta,Ring1_S359_spades_no_contam.fasta,Kara3_S353_spades_no_contam.fasta,Wirz_S363_spades_no_contam.fasta,20045_S349_spades_no_contam.fasta,20031_S348_spades_no_contam.fasta,GCA_054369615.1_ASM5436961v1_genomic.fna,30021_S33_L007,GCA_001691765.1_ASM169176v1_genomic.fna,30000_S38_L007,SRR36137064_contigs.fasta,SRR36137480_contigs.fasta,SRR36145299_contigs.fasta,SRR36137136_contigs.fasta,SRR36137101_contigs.fasta,SRR36141466_contigs.fasta,NesPan3_S357_spades_no_contam.fasta,SRR36137094_contigs.fasta,SRR36118002_contigs.fasta,SRR36145290_contigs.fasta,Amagr1_AssemblyScaffolds.fasta,GCA_000497225.1_AmaJack1.0_genomic.fna,40225_S35_L007,30280_S34_L007}	0	136.292	3505
N44	t3	{NagxHevest_S354_spades_no_contam.fasta,NagxHevestB_S355_spades_no_contam.fasta,SRR36137122_contigs.fasta,Gril1_S352_spades_no_contam.fasta,Frag1_S351_spades_no_contam.fasta,Aus332_S350_spades_no_contam.fasta,NzAUS95_S358_spades_no_contam.fasta,Nes1_S356_spades_no_contam.fasta,Skrap3_S361_spades_no_contam.fasta,11665_S342_spades_no_contam.fasta,11663_S340_spades_no_contam.fasta,11662_no_contam.fasta,11669_S346_spades_no_contam.fasta,11668_S345_spades_no_contam.fasta,11670_S347_spades_no_contam.fasta,11666_S343_spades_no_contam.fasta,11667_S344_spades_no_contam.fasta,11664_S341_spades_no_contam.fasta,Sogn5_S362_spades_no_contam.fasta,Ring1_S359_spades_no_contam.fasta,Kara3_S353_spades_no_contam.fasta,Wirz_S363_spades_no_contam.fasta,20045_S349_spades_no_contam.fasta,20031_S348_spades_no_contam.fasta,GCA_054369615.1_ASM5436961v1_genomic.fna,30021_S33_L007,GCA_001691765.1_ASM169176v1_genomic.fna,30000_S38_L007,SRR36137064_contigs.fasta,SRR36137480_contigs.fasta,SRR36145299_contigs.fasta,SRR36137136_contigs.fasta,SRR36137101_contigs.fasta,SRR36141466_contigs.fasta,NesPan3_S357_spades_no_contam.fasta,SRR36137094_contigs.fasta,SRR36118002_contigs.fasta,SRR36145290_contigs.fasta,Amagr1_AssemblyScaffolds.fasta,GCA_000497225.1_AmaJack1.0_genomic.fna,40225_S35_L007,30280_S34_L007}|{GCA_023014455.1_ASM2301445v1_genomic.fna,GCA_001983365.1_ASM198336v1_genomic.fna,GCA_023014435.1_ASM2301443v1_genomic.fna,GCA_023014395.1_ASM2301439v1_genomic.fna,GCA_023014475.1_ASM2301447v1_genomic.fna,GCA_032173475.1_ASM3217347v1_genomic.fna,GCA_001983385.1_ASM198338v1_genomic.fna,GCA_020011035.1_ASM2001103v1_genomic.fna,GCA_023014405.1_ASM2301440v1_genomic.fna,GCA_001691785.3_ASM169178v3_genomic.fna,40019_S37_L007,GCA_015039365.1_Amarub1_genomic.fna}#{SRR36117447_contigs.fasta,Amapyr1_AssemblyScaffolds_Repeatmasked.fasta,GCA_001691755.2_ASM169175v2_genomic.fna,GCA_003316615.1_ASM331661v1_genomic.fna}|{Volvo1_AssemblyScaffolds_Repeatmasked.fasta,GCA_002554575.1_Amanita_thiersii_v1.0_genomic.fna,GCA_001691775.3_ASM169177v3_genomic.fna}	0	128.774	3505
N45	t1	{SRR36117447_contigs.fasta}|{Amapyr1_AssemblyScaffolds_Repeatmasked.fasta}#{GCA_001691755.2_ASM169175v2_genomic.fna,GCA_003316615.1_ASM331661v1_genomic.fna}|{GCA_023014455.1_ASM2301445v1_genomic.fna,GCA_001983365.1_ASM198336v1_genomic.fna,GCA_023014435.1_ASM2301443v1_genomic.fna,GCA_023014395.1_ASM2301439v1_genomic.fna,GCA_023014475.1_ASM2301447v1_genomic.fna,GCA_032173475.1_ASM3217347v1_genomic.fna,GCA_001983385.1_ASM198338v1_genomic.fna,GCA_020011035.1_ASM2001103v1_genomic.fna,GCA_023014405.1_ASM2301440v1_genomic.fna,GCA_001691785.3_ASM169178v3_genomic.fna,40019_S37_L007,GCA_015039365.1_Amarub1_genomic.fna,NagxHevest_S354_spades_no_contam.fasta,NagxHevestB_S355_spades_no_contam.fasta,SRR36137122_contigs.fasta,Gril1_S352_spades_no_contam.fasta,Frag1_S351_spades_no_contam.fasta,Aus332_S350_spades_no_contam.fasta,NzAUS95_S358_spades_no_contam.fasta,Nes1_S356_spades_no_contam.fasta,Skrap3_S361_spades_no_contam.fasta,11665_S342_spades_no_contam.fasta,11663_S340_spades_no_contam.fasta,11662_no_contam.fasta,11669_S346_spades_no_contam.fasta,11668_S345_spades_no_contam.fasta,11670_S347_spades_no_contam.fasta,11666_S343_spades_no_contam.fasta,11667_S344_spades_no_contam.fasta,11664_S341_spades_no_contam.fasta,Sogn5_S362_spades_no_contam.fasta,Ring1_S359_spades_no_contam.fasta,Kara3_S353_spades_no_contam.fasta,Wirz_S363_spades_no_contam.fasta,20045_S349_spades_no_contam.fasta,20031_S348_spades_no_contam.fasta,GCA_054369615.1_ASM5436961v1_genomic.fna,30021_S33_L007,GCA_001691765.1_ASM169176v1_genomic.fna,30000_S38_L007,SRR36137064_contigs.fasta,SRR36137480_contigs.fasta,SRR36145299_contigs.fasta,SRR36137136_contigs.fasta,SRR36137101_contigs.fasta,SRR36141466_contigs.fasta,NesPan3_S357_spades_no_contam.fasta,SRR36137094_contigs.fasta,SRR36118002_contigs.fasta,SRR36145290_contigs.fasta,Amagr1_AssemblyScaffolds.fasta,GCA_000497225.1_AmaJack1.0_genomic.fna,40225_S35_L007,30280_S34_L007,Volvo1_AssemblyScaffolds_Repeatmasked.fasta,GCA_002554575.1_Amanita_thiersii_v1.0_genomic.fna,GCA_001691775.3_ASM169177v3_genomic.fna}	1	665.633	1264
N45	t2	{GCA_023014455.1_ASM2301445v1_genomic.fna,GCA_001983365.1_ASM198336v1_genomic.fna,GCA_023014435.1_ASM2301443v1_genomic.fna,GCA_023014395.1_ASM2301439v1_genomic.fna,GCA_023014475.1_ASM2301447v1_genomic.fna,GCA_032173475.1_ASM3217347v1_genomic.fna,GCA_001983385.1_ASM198338v1_genomic.fna,GCA_020011035.1_ASM2001103v1_genomic.fna,GCA_023014405.1_ASM2301440v1_genomic.fna,GCA_001691785.3_ASM169178v3_genomic.fna,40019_S37_L007,GCA_015039365.1_Amarub1_genomic.fna,NagxHevest_S354_spades_no_contam.fasta,NagxHevestB_S355_spades_no_contam.fasta,SRR36137122_contigs.fasta,Gril1_S352_spades_no_contam.fasta,Frag1_S351_spades_no_contam.fasta,Aus332_S350_spades_no_contam.fasta,NzAUS95_S358_spades_no_contam.fasta,Nes1_S356_spades_no_contam.fasta,Skrap3_S361_spades_no_contam.fasta,11665_S342_spades_no_contam.fasta,11663_S340_spades_no_contam.fasta,11662_no_contam.fasta,11669_S346_spades_no_contam.fasta,11668_S345_spades_no_contam.fasta,11670_S347_spades_no_contam.fasta,11666_S343_spades_no_contam.fasta,11667_S344_spades_no_contam.fasta,11664_S341_spades_no_contam.fasta,Sogn5_S362_spades_no_contam.fasta,Ring1_S359_spades_no_contam.fasta,Kara3_S353_spades_no_contam.fasta,Wirz_S363_spades_no_contam.fasta,20045_S349_spades_no_contam.fasta,20031_S348_spades_no_contam.fasta,GCA_054369615.1_ASM5436961v1_genomic.fna,30021_S33_L007,GCA_001691765.1_ASM169176v1_genomic.fna,30000_S38_L007,SRR36137064_contigs.fasta,SRR36137480_contigs.fasta,SRR36145299_contigs.fasta,SRR36137136_contigs.fasta,SRR36137101_contigs.fasta,SRR36141466_contigs.fasta,NesPan3_S357_spades_no_contam.fasta,SRR36137094_contigs.fasta,SRR36118002_contigs.fasta,SRR36145290_contigs.fasta,Amagr1_AssemblyScaffolds.fasta,GCA_000497225.1_AmaJack1.0_genomic.fna,40225_S35_L007,30280_S34_L007,Volvo1_AssemblyScaffolds_Repeatmasked.fasta,GCA_002554575.1_Amanita_thiersii_v1.0_genomic.fna,GCA_001691775.3_ASM169177v3_genomic.fna}|{Amapyr1_AssemblyScaffolds_Repeatmasked.fasta}#{GCA_001691755.2_ASM169175v2_genomic.fna,GCA_003316615.1_ASM331661v1_genomic.fna}|{SRR36117447_contigs.fasta}	0	257.099	1264
N45	t3	{SRR36117447_contigs.fasta}|{GCA_023014455.1_ASM2301445v1_genomic.fna,GCA_001983365.1_ASM198336v1_genomic.fna,GCA_023014435.1_ASM2301443v1_genomic.fna,GCA_023014395.1_ASM2301439v1_genomic.fna,GCA_023014475.1_ASM2301447v1_genomic.fna,GCA_032173475.1_ASM3217347v1_genomic.fna,GCA_001983385.1_ASM198338v1_genomic.fna,GCA_020011035.1_ASM2001103v1_genomic.fna,GCA_023014405.1_ASM2301440v1_genomic.fna,GCA_001691785.3_ASM169178v3_genomic.fna,40019_S37_L007,GCA_015039365.1_Amarub1_genomic.fna,NagxHevest_S354_spades_no_contam.fasta,NagxHevestB_S355_spades_no_contam.fasta,SRR36137122_contigs.fasta,Gril1_S352_spades_no_contam.fasta,Frag1_S351_spades_no_contam.fasta,Aus332_S350_spades_no_contam.fasta,NzAUS95_S358_spades_no_contam.fasta,Nes1_S356_spades_no_contam.fasta,Skrap3_S361_spades_no_contam.fasta,11665_S342_spades_no_contam.fasta,11663_S340_spades_no_contam.fasta,11662_no_contam.fasta,11669_S346_spades_no_contam.fasta,11668_S345_spades_no_contam.fasta,11670_S347_spades_no_contam.fasta,11666_S343_spades_no_contam.fasta,11667_S344_spades_no_contam.fasta,11664_S341_spades_no_contam.fasta,Sogn5_S362_spades_no_contam.fasta,Ring1_S359_spades_no_contam.fasta,Kara3_S353_spades_no_contam.fasta,Wirz_S363_spades_no_contam.fasta,20045_S349_spades_no_contam.fasta,20031_S348_spades_no_contam.fasta,GCA_054369615.1_ASM5436961v1_genomic.fna,30021_S33_L007,GCA_001691765.1_ASM169176v1_genomic.fna,30000_S38_L007,SRR36137064_contigs.fasta,SRR36137480_contigs.fasta,SRR36145299_contigs.fasta,SRR36137136_contigs.fasta,SRR36137101_contigs.fasta,SRR36141466_contigs.fasta,NesPan3_S357_spades_no_contam.fasta,SRR36137094_contigs.fasta,SRR36118002_contigs.fasta,SRR36145290_contigs.fasta,Amagr1_AssemblyScaffolds.fasta,GCA_000497225.1_AmaJack1.0_genomic.fna,40225_S35_L007,30280_S34_L007,Volvo1_AssemblyScaffolds_Repeatmasked.fasta,GCA_002554575.1_Amanita_thiersii_v1.0_genomic.fna,GCA_001691775.3_ASM169177v3_genomic.fna}#{GCA_001691755.2_ASM169175v2_genomic.fna,GCA_003316615.1_ASM331661v1_genomic.fna}|{Amapyr1_AssemblyScaffolds_Repeatmasked.fasta}	0	341.268	1264
N46	t1	{GCA_001691755.2_ASM169175v2_genomic.fna}|{GCA_003316615.1_ASM331661v1_genomic.fna}#{SRR36117447_contigs.fasta,Amapyr1_AssemblyScaffolds_Repeatmasked.fasta}|{GCA_023014455.1_ASM2301445v1_genomic.fna,GCA_001983365.1_ASM198336v1_genomic.fna,GCA_023014435.1_ASM2301443v1_genomic.fna,GCA_023014395.1_ASM2301439v1_genomic.fna,GCA_023014475.1_ASM2301447v1_genomic.fna,GCA_032173475.1_ASM3217347v1_genomic.fna,GCA_001983385.1_ASM198338v1_genomic.fna,GCA_020011035.1_ASM2001103v1_genomic.fna,GCA_023014405.1_ASM2301440v1_genomic.fna,GCA_001691785.3_ASM169178v3_genomic.fna,40019_S37_L007,GCA_015039365.1_Amarub1_genomic.fna,NagxHevest_S354_spades_no_contam.fasta,NagxHevestB_S355_spades_no_contam.fasta,SRR36137122_contigs.fasta,Gril1_S352_spades_no_contam.fasta,Frag1_S351_spades_no_contam.fasta,Aus332_S350_spades_no_contam.fasta,NzAUS95_S358_spades_no_contam.fasta,Nes1_S356_spades_no_contam.fasta,Skrap3_S361_spades_no_contam.fasta,11665_S342_spades_no_contam.fasta,11663_S340_spades_no_contam.fasta,11662_no_contam.fasta,11669_S346_spades_no_contam.fasta,11668_S345_spades_no_contam.fasta,11670_S347_spades_no_contam.fasta,11666_S343_spades_no_contam.fasta,11667_S344_spades_no_contam.fasta,11664_S341_spades_no_contam.fasta,Sogn5_S362_spades_no_contam.fasta,Ring1_S359_spades_no_contam.fasta,Kara3_S353_spades_no_contam.fasta,Wirz_S363_spades_no_contam.fasta,20045_S349_spades_no_contam.fasta,20031_S348_spades_no_contam.fasta,GCA_054369615.1_ASM5436961v1_genomic.fna,30021_S33_L007,GCA_001691765.1_ASM169176v1_genomic.fna,30000_S38_L007,SRR36137064_contigs.fasta,SRR36137480_contigs.fasta,SRR36145299_contigs.fasta,SRR36137136_contigs.fasta,SRR36137101_contigs.fasta,SRR36141466_contigs.fasta,NesPan3_S357_spades_no_contam.fasta,SRR36137094_contigs.fasta,SRR36118002_contigs.fasta,SRR36145290_contigs.fasta,Amagr1_AssemblyScaffolds.fasta,GCA_000497225.1_AmaJack1.0_genomic.fna,40225_S35_L007,30280_S34_L007,Volvo1_AssemblyScaffolds_Repeatmasked.fasta,GCA_002554575.1_Amanita_thiersii_v1.0_genomic.fna,GCA_001691775.3_ASM169177v3_genomic.fna}	1	849.528	2187
N46	t2	{GCA_023014455.1_ASM2301445v1_genomic.fna,GCA_001983365.1_ASM198336v1_genomic.fna,GCA_023014435.1_ASM2301443v1_genomic.fna,GCA_023014395.1_ASM2301439v1_genomic.fna,GCA_023014475.1_ASM2301447v1_genomic.fna,GCA_032173475.1_ASM3217347v1_genomic.fna,GCA_001983385.1_ASM198338v1_genomic.fna,GCA_020011035.1_ASM2001103v1_genomic.fna,GCA_023014405.1_ASM2301440v1_genomic.fna,GCA_001691785.3_ASM169178v3_genomic.fna,40019_S37_L007,GCA_015039365.1_Amarub1_genomic.fna,NagxHevest_S354_spades_no_contam.fasta,NagxHevestB_S355_spades_no_contam.fasta,SRR36137122_contigs.fasta,Gril1_S352_spades_no_contam.fasta,Frag1_S351_spades_no_contam.fasta,Aus332_S350_spades_no_contam.fasta,NzAUS95_S358_spades_no_contam.fasta,Nes1_S356_spades_no_contam.fasta,Skrap3_S361_spades_no_contam.fasta,11665_S342_spades_no_contam.fasta,11663_S340_spades_no_contam.fasta,11662_no_contam.fasta,11669_S346_spades_no_contam.fasta,11668_S345_spades_no_contam.fasta,11670_S347_spades_no_contam.fasta,11666_S343_spades_no_contam.fasta,11667_S344_spades_no_contam.fasta,11664_S341_spades_no_contam.fasta,Sogn5_S362_spades_no_contam.fasta,Ring1_S359_spades_no_contam.fasta,Kara3_S353_spades_no_contam.fasta,Wirz_S363_spades_no_contam.fasta,20045_S349_spades_no_contam.fasta,20031_S348_spades_no_contam.fasta,GCA_054369615.1_ASM5436961v1_genomic.fna,30021_S33_L007,GCA_001691765.1_ASM169176v1_genomic.fna,30000_S38_L007,SRR36137064_contigs.fasta,SRR36137480_contigs.fasta,SRR36145299_contigs.fasta,SRR36137136_contigs.fasta,SRR36137101_contigs.fasta,SRR36141466_contigs.fasta,NesPan3_S357_spades_no_contam.fasta,SRR36137094_contigs.fasta,SRR36118002_contigs.fasta,SRR36145290_contigs.fasta,Amagr1_AssemblyScaffolds.fasta,GCA_000497225.1_AmaJack1.0_genomic.fna,40225_S35_L007,30280_S34_L007,Volvo1_AssemblyScaffolds_Repeatmasked.fasta,GCA_002554575.1_Amanita_thiersii_v1.0_genomic.fna,GCA_001691775.3_ASM169177v3_genomic.fna}|{GCA_003316615.1_ASM331661v1_genomic.fna}#{SRR36117447_contigs.fasta,Amapyr1_AssemblyScaffolds_Repeatmasked.fasta}|{GCA_001691755.2_ASM169175v2_genomic.fna}	0	711.968	2187
N46	t3	{GCA_001691755.2_ASM169175v2_genomic.fna}|{GCA_023014455.1_ASM2301445v1_genomic.fna,GCA_001983365.1_ASM198336v1_genomic.fna,GCA_023014435.1_ASM2301443v1_genomic.fna,GCA_023014395.1_ASM2301439v1_genomic.fna,GCA_023014475.1_ASM2301447v1_genomic.fna,GCA_032173475.1_ASM3217347v1_genomic.fna,GCA_001983385.1_ASM198338v1_genomic.fna,GCA_020011035.1_ASM2001103v1_genomic.fna,GCA_023014405.1_ASM2301440v1_genomic.fna,GCA_001691785.3_ASM169178v3_genomic.fna,40019_S37_L007,GCA_015039365.1_Amarub1_genomic.fna,NagxHevest_S354_spades_no_contam.fasta,NagxHevestB_S355_spades_no_contam.fasta,SRR36137122_contigs.fasta,Gril1_S352_spades_no_contam.fasta,Frag1_S351_spades_no_contam.fasta,Aus332_S350_spades_no_contam.fasta,NzAUS95_S358_spades_no_contam.fasta,Nes1_S356_spades_no_contam.fasta,Skrap3_S361_spades_no_contam.fasta,11665_S342_spades_no_contam.fasta,11663_S340_spades_no_contam.fasta,11662_no_contam.fasta,11669_S346_spades_no_contam.fasta,11668_S345_spades_no_contam.fasta,11670_S347_spades_no_contam.fasta,11666_S343_spades_no_contam.fasta,11667_S344_spades_no_contam.fasta,11664_S341_spades_no_contam.fasta,Sogn5_S362_spades_no_contam.fasta,Ring1_S359_spades_no_contam.fasta,Kara3_S353_spades_no_contam.fasta,Wirz_S363_spades_no_contam.fasta,20045_S349_spades_no_contam.fasta,20031_S348_spades_no_contam.fasta,GCA_054369615.1_ASM5436961v1_genomic.fna,30021_S33_L007,GCA_001691765.1_ASM169176v1_genomic.fna,30000_S38_L007,SRR36137064_contigs.fasta,SRR36137480_contigs.fasta,SRR36145299_contigs.fasta,SRR36137136_contigs.fasta,SRR36137101_contigs.fasta,SRR36141466_contigs.fasta,NesPan3_S357_spades_no_contam.fasta,SRR36137094_contigs.fasta,SRR36118002_contigs.fasta,SRR36145290_contigs.fasta,Amagr1_AssemblyScaffolds.fasta,GCA_000497225.1_AmaJack1.0_genomic.fna,40225_S35_L007,30280_S34_L007,Volvo1_AssemblyScaffolds_Repeatmasked.fasta,GCA_002554575.1_Amanita_thiersii_v1.0_genomic.fna,GCA_001691775.3_ASM169177v3_genomic.fna}#{SRR36117447_contigs.fasta,Amapyr1_AssemblyScaffolds_Repeatmasked.fasta}|{GCA_003316615.1_ASM331661v1_genomic.fna}	0	625.503	2187
N47	t1	{SRR36117447_contigs.fasta,Amapyr1_AssemblyScaffolds_Repeatmasked.fasta}|{GCA_001691755.2_ASM169175v2_genomic.fna,GCA_003316615.1_ASM331661v1_genomic.fna}#{NagxHevest_S354_spades_no_contam.fasta,NagxHevestB_S355_spades_no_contam.fasta,SRR36137122_contigs.fasta,Gril1_S352_spades_no_contam.fasta,Frag1_S351_spades_no_contam.fasta,Aus332_S350_spades_no_contam.fasta,NzAUS95_S358_spades_no_contam.fasta,Nes1_S356_spades_no_contam.fasta,Skrap3_S361_spades_no_contam.fasta,11665_S342_spades_no_contam.fasta,11663_S340_spades_no_contam.fasta,11662_no_contam.fasta,11669_S346_spades_no_contam.fasta,11668_S345_spades_no_contam.fasta,11670_S347_spades_no_contam.fasta,11666_S343_spades_no_contam.fasta,11667_S344_spades_no_contam.fasta,11664_S341_spades_no_contam.fasta,Sogn5_S362_spades_no_contam.fasta,Ring1_S359_spades_no_contam.fasta,Kara3_S353_spades_no_contam.fasta,Wirz_S363_spades_no_contam.fasta,20045_S349_spades_no_contam.fasta,20031_S348_spades_no_contam.fasta,GCA_054369615.1_ASM5436961v1_genomic.fna,30021_S33_L007,GCA_001691765.1_ASM169176v1_genomic.fna,30000_S38_L007,SRR36137064_contigs.fasta,SRR36137480_contigs.fasta,SRR36145299_contigs.fasta,SRR36137136_contigs.fasta,SRR36137101_contigs.fasta,SRR36141466_contigs.fasta,NesPan3_S357_spades_no_contam.fasta,SRR36137094_contigs.fasta,SRR36118002_contigs.fasta,SRR36145290_contigs.fasta,Amagr1_AssemblyScaffolds.fasta,GCA_000497225.1_AmaJack1.0_genomic.fna,40225_S35_L007,30280_S34_L007,Volvo1_AssemblyScaffolds_Repeatmasked.fasta,GCA_002554575.1_Amanita_thiersii_v1.0_genomic.fna,GCA_001691775.3_ASM169177v3_genomic.fna}|{GCA_023014455.1_ASM2301445v1_genomic.fna,GCA_001983365.1_ASM198336v1_genomic.fna,GCA_023014435.1_ASM2301443v1_genomic.fna,GCA_023014395.1_ASM2301439v1_genomic.fna,GCA_023014475.1_ASM2301447v1_genomic.fna,GCA_032173475.1_ASM3217347v1_genomic.fna,GCA_001983385.1_ASM198338v1_genomic.fna,GCA_020011035.1_ASM2001103v1_genomic.fna,GCA_023014405.1_ASM2301440v1_genomic.fna,GCA_001691785.3_ASM169178v3_genomic.fna,40019_S37_L007,GCA_015039365.1_Amarub1_genomic.fna}	1	3274.12	3308
N47	t2	{GCA_023014455.1_ASM2301445v1_genomic.fna,GCA_001983365.1_ASM198336v1_genomic.fna,GCA_023014435.1_ASM2301443v1_genomic.fna,GCA_023014395.1_ASM2301439v1_genomic.fna,GCA_023014475.1_ASM2301447v1_genomic.fna,GCA_032173475.1_ASM3217347v1_genomic.fna,GCA_001983385.1_ASM198338v1_genomic.fna,GCA_020011035.1_ASM2001103v1_genomic.fna,GCA_023014405.1_ASM2301440v1_genomic.fna,GCA_001691785.3_ASM169178v3_genomic.fna,40019_S37_L007,GCA_015039365.1_Amarub1_genomic.fna}|{GCA_001691755.2_ASM169175v2_genomic.fna,GCA_003316615.1_ASM331661v1_genomic.fna}#{NagxHevest_S354_spades_no_contam.fasta,NagxHevestB_S355_spades_no_contam.fasta,SRR36137122_contigs.fasta,Gril1_S352_spades_no_contam.fasta,Frag1_S351_spades_no_contam.fasta,Aus332_S350_spades_no_contam.fasta,NzAUS95_S358_spades_no_contam.fasta,Nes1_S356_spades_no_contam.fasta,Skrap3_S361_spades_no_contam.fasta,11665_S342_spades_no_contam.fasta,11663_S340_spades_no_contam.fasta,11662_no_contam.fasta,11669_S346_spades_no_contam.fasta,11668_S345_spades_no_contam.fasta,11670_S347_spades_no_contam.fasta,11666_S343_spades_no_contam.fasta,11667_S344_spades_no_contam.fasta,11664_S341_spades_no_contam.fasta,Sogn5_S362_spades_no_contam.fasta,Ring1_S359_spades_no_contam.fasta,Kara3_S353_spades_no_contam.fasta,Wirz_S363_spades_no_contam.fasta,20045_S349_spades_no_contam.fasta,20031_S348_spades_no_contam.fasta,GCA_054369615.1_ASM5436961v1_genomic.fna,30021_S33_L007,GCA_001691765.1_ASM169176v1_genomic.fna,30000_S38_L007,SRR36137064_contigs.fasta,SRR36137480_contigs.fasta,SRR36145299_contigs.fasta,SRR36137136_contigs.fasta,SRR36137101_contigs.fasta,SRR36141466_contigs.fasta,NesPan3_S357_spades_no_contam.fasta,SRR36137094_contigs.fasta,SRR36118002_contigs.fasta,SRR36145290_contigs.fasta,Amagr1_AssemblyScaffolds.fasta,GCA_000497225.1_AmaJack1.0_genomic.fna,40225_S35_L007,30280_S34_L007,Volvo1_AssemblyScaffolds_Repeatmasked.fasta,GCA_002554575.1_Amanita_thiersii_v1.0_genomic.fna,GCA_001691775.3_ASM169177v3_genomic.fna}|{SRR36117447_contigs.fasta,Amapyr1_AssemblyScaffolds_Repeatmasked.fasta}	0	14.3133	3308
N47	t3	{SRR36117447_contigs.fasta,Amapyr1_AssemblyScaffolds_Repeatmasked.fasta}|{GCA_023014455.1_ASM2301445v1_genomic.fna,GCA_001983365.1_ASM198336v1_genomic.fna,GCA_023014435.1_ASM2301443v1_genomic.fna,GCA_023014395.1_ASM2301439v1_genomic.fna,GCA_023014475.1_ASM2301447v1_genomic.fna,GCA_032173475.1_ASM3217347v1_genomic.fna,GCA_001983385.1_ASM198338v1_genomic.fna,GCA_020011035.1_ASM2001103v1_genomic.fna,GCA_023014405.1_ASM2301440v1_genomic.fna,GCA_001691785.3_ASM169178v3_genomic.fna,40019_S37_L007,GCA_015039365.1_Amarub1_genomic.fna}#{NagxHevest_S354_spades_no_contam.fasta,NagxHevestB_S355_spades_no_contam.fasta,SRR36137122_contigs.fasta,Gril1_S352_spades_no_contam.fasta,Frag1_S351_spades_no_contam.fasta,Aus332_S350_spades_no_contam.fasta,NzAUS95_S358_spades_no_contam.fasta,Nes1_S356_spades_no_contam.fasta,Skrap3_S361_spades_no_contam.fasta,11665_S342_spades_no_contam.fasta,11663_S340_spades_no_contam.fasta,11662_no_contam.fasta,11669_S346_spades_no_contam.fasta,11668_S345_spades_no_contam.fasta,11670_S347_spades_no_contam.fasta,11666_S343_spades_no_contam.fasta,11667_S344_spades_no_contam.fasta,11664_S341_spades_no_contam.fasta,Sogn5_S362_spades_no_contam.fasta,Ring1_S359_spades_no_contam.fasta,Kara3_S353_spades_no_contam.fasta,Wirz_S363_spades_no_contam.fasta,20045_S349_spades_no_contam.fasta,20031_S348_spades_no_contam.fasta,GCA_054369615.1_ASM5436961v1_genomic.fna,30021_S33_L007,GCA_001691765.1_ASM169176v1_genomic.fna,30000_S38_L007,SRR36137064_contigs.fasta,SRR36137480_contigs.fasta,SRR36145299_contigs.fasta,SRR36137136_contigs.fasta,SRR36137101_contigs.fasta,SRR36141466_contigs.fasta,NesPan3_S357_spades_no_contam.fasta,SRR36137094_contigs.fasta,SRR36118002_contigs.fasta,SRR36145290_contigs.fasta,Amagr1_AssemblyScaffolds.fasta,GCA_000497225.1_AmaJack1.0_genomic.fna,40225_S35_L007,30280_S34_L007,Volvo1_AssemblyScaffolds_Repeatmasked.fasta,GCA_002554575.1_Amanita_thiersii_v1.0_genomic.fna,GCA_001691775.3_ASM169177v3_genomic.fna}|{GCA_001691755.2_ASM169175v2_genomic.fna,GCA_003316615.1_ASM331661v1_genomic.fna}	0	19.5709	3308
N48	t1	{NagxHevest_S354_spades_no_contam.fasta,NagxHevestB_S355_spades_no_contam.fasta,SRR36137122_contigs.fasta,Gril1_S352_spades_no_contam.fasta,Frag1_S351_spades_no_contam.fasta,Aus332_S350_spades_no_contam.fasta,NzAUS95_S358_spades_no_contam.fasta,Nes1_S356_spades_no_contam.fasta,Skrap3_S361_spades_no_contam.fasta,11665_S342_spades_no_contam.fasta,11663_S340_spades_no_contam.fasta,11662_no_contam.fasta,11669_S346_spades_no_contam.fasta,11668_S345_spades_no_contam.fasta,11670_S347_spades_no_contam.fasta,11666_S343_spades_no_contam.fasta,11667_S344_spades_no_contam.fasta,11664_S341_spades_no_contam.fasta,Sogn5_S362_spades_no_contam.fasta,Ring1_S359_spades_no_contam.fasta,Kara3_S353_spades_no_contam.fasta,Wirz_S363_spades_no_contam.fasta,20045_S349_spades_no_contam.fasta,20031_S348_spades_no_contam.fasta,GCA_054369615.1_ASM5436961v1_genomic.fna,30021_S33_L007,GCA_001691765.1_ASM169176v1_genomic.fna,30000_S38_L007,SRR36137064_contigs.fasta,SRR36137480_contigs.fasta,SRR36145299_contigs.fasta,SRR36137136_contigs.fasta,SRR36137101_contigs.fasta,SRR36141466_contigs.fasta,NesPan3_S357_spades_no_contam.fasta,SRR36137094_contigs.fasta,SRR36118002_contigs.fasta,SRR36145290_contigs.fasta,Amagr1_AssemblyScaffolds.fasta,GCA_000497225.1_AmaJack1.0_genomic.fna,40225_S35_L007,30280_S34_L007,Volvo1_AssemblyScaffolds_Repeatmasked.fasta,GCA_002554575.1_Amanita_thiersii_v1.0_genomic.fna,GCA_001691775.3_ASM169177v3_genomic.fna}|{SRR36117447_contigs.fasta,Amapyr1_AssemblyScaffolds_Repeatmasked.fasta,GCA_001691755.2_ASM169175v2_genomic.fna,GCA_003316615.1_ASM331661v1_genomic.fna}#{GCA_001691785.3_ASM169178v3_genomic.fna,40019_S37_L007,GCA_015039365.1_Amarub1_genomic.fna}|{GCA_023014455.1_ASM2301445v1_genomic.fna,GCA_001983365.1_ASM198336v1_genomic.fna,GCA_023014435.1_ASM2301443v1_genomic.fna,GCA_023014395.1_ASM2301439v1_genomic.fna,GCA_023014475.1_ASM2301447v1_genomic.fna,GCA_032173475.1_ASM3217347v1_genomic.fna,GCA_001983385.1_ASM198338v1_genomic.fna,GCA_020011035.1_ASM2001103v1_genomic.fna,GCA_023014405.1_ASM2301440v1_genomic.fna}	1	3199.23	3443
N48	t2	{GCA_023014455.1_ASM2301445v1_genomic.fna,GCA_001983365.1_ASM198336v1_genomic.fna,GCA_023014435.1_ASM2301443v1_genomic.fna,GCA_023014395.1_ASM2301439v1_genomic.fna,GCA_023014475.1_ASM2301447v1_genomic.fna,GCA_032173475.1_ASM3217347v1_genomic.fna,GCA_001983385.1_ASM198338v1_genomic.fna,GCA_020011035.1_ASM2001103v1_genomic.fna,GCA_023014405.1_ASM2301440v1_genomic.fna}|{SRR36117447_contigs.fasta,Amapyr1_AssemblyScaffolds_Repeatmasked.fasta,GCA_001691755.2_ASM169175v2_genomic.fna,GCA_003316615.1_ASM331661v1_genomic.fna}#{GCA_001691785.3_ASM169178v3_genomic.fna,40019_S37_L007,GCA_015039365.1_Amarub1_genomic.fna}|{NagxHevest_S354_spades_no_contam.fasta,NagxHevestB_S355_spades_no_contam.fasta,SRR36137122_contigs.fasta,Gril1_S352_spades_no_contam.fasta,Frag1_S351_spades_no_contam.fasta,Aus332_S350_spades_no_contam.fasta,NzAUS95_S358_spades_no_contam.fasta,Nes1_S356_spades_no_contam.fasta,Skrap3_S361_spades_no_contam.fasta,11665_S342_spades_no_contam.fasta,11663_S340_spades_no_contam.fasta,11662_no_contam.fasta,11669_S346_spades_no_contam.fasta,11668_S345_spades_no_contam.fasta,11670_S347_spades_no_contam.fasta,11666_S343_spades_no_contam.fasta,11667_S344_spades_no_contam.fasta,11664_S341_spades_no_contam.fasta,Sogn5_S362_spades_no_contam.fasta,Ring1_S359_spades_no_contam.fasta,Kara3_S353_spades_no_contam.fasta,Wirz_S363_spades_no_contam.fasta,20045_S349_spades_no_contam.fasta,20031_S348_spades_no_contam.fasta,GCA_054369615.1_ASM5436961v1_genomic.fna,30021_S33_L007,GCA_001691765.1_ASM169176v1_genomic.fna,30000_S38_L007,SRR36137064_contigs.fasta,SRR36137480_contigs.fasta,SRR36145299_contigs.fasta,SRR36137136_contigs.fasta,SRR36137101_contigs.fasta,SRR36141466_contigs.fasta,NesPan3_S357_spades_no_contam.fasta,SRR36137094_contigs.fasta,SRR36118002_contigs.fasta,SRR36145290_contigs.fasta,Amagr1_AssemblyScaffolds.fasta,GCA_000497225.1_AmaJack1.0_genomic.fna,40225_S35_L007,30280_S34_L007,Volvo1_AssemblyScaffolds_Repeatmasked.fasta,GCA_002554575.1_Amanita_thiersii_v1.0_genomic.fna,GCA_001691775.3_ASM169177v3_genomic.fna}	0	105.216	3443
N48	t3	{NagxHevest_S354_spades_no_contam.fasta,NagxHevestB_S355_spades_no_contam.fasta,SRR36137122_contigs.fasta,Gril1_S352_spades_no_contam.fasta,Frag1_S351_spades_no_contam.fasta,Aus332_S350_spades_no_contam.fasta,NzAUS95_S358_spades_no_contam.fasta,Nes1_S356_spades_no_contam.fasta,Skrap3_S361_spades_no_contam.fasta,11665_S342_spades_no_contam.fasta,11663_S340_spades_no_contam.fasta,11662_no_contam.fasta,11669_S346_spades_no_contam.fasta,11668_S345_spades_no_contam.fasta,11670_S347_spades_no_contam.fasta,11666_S343_spades_no_contam.fasta,11667_S344_spades_no_contam.fasta,11664_S341_spades_no_contam.fasta,Sogn5_S362_spades_no_contam.fasta,Ring1_S359_spades_no_contam.fasta,Kara3_S353_spades_no_contam.fasta,Wirz_S363_spades_no_contam.fasta,20045_S349_spades_no_contam.fasta,20031_S348_spades_no_contam.fasta,GCA_054369615.1_ASM5436961v1_genomic.fna,30021_S33_L007,GCA_001691765.1_ASM169176v1_genomic.fna,30000_S38_L007,SRR36137064_contigs.fasta,SRR36137480_contigs.fasta,SRR36145299_contigs.fasta,SRR36137136_contigs.fasta,SRR36137101_contigs.fasta,SRR36141466_contigs.fasta,NesPan3_S357_spades_no_contam.fasta,SRR36137094_contigs.fasta,SRR36118002_contigs.fasta,SRR36145290_contigs.fasta,Amagr1_AssemblyScaffolds.fasta,GCA_000497225.1_AmaJack1.0_genomic.fna,40225_S35_L007,30280_S34_L007,Volvo1_AssemblyScaffolds_Repeatmasked.fasta,GCA_002554575.1_Amanita_thiersii_v1.0_genomic.fna,GCA_001691775.3_ASM169177v3_genomic.fna}|{GCA_023014455.1_ASM2301445v1_genomic.fna,GCA_001983365.1_ASM198336v1_genomic.fna,GCA_023014435.1_ASM2301443v1_genomic.fna,GCA_023014395.1_ASM2301439v1_genomic.fna,GCA_023014475.1_ASM2301447v1_genomic.fna,GCA_032173475.1_ASM3217347v1_genomic.fna,GCA_001983385.1_ASM198338v1_genomic.fna,GCA_020011035.1_ASM2001103v1_genomic.fna,GCA_023014405.1_ASM2301440v1_genomic.fna}#{GCA_001691785.3_ASM169178v3_genomic.fna,40019_S37_L007,GCA_015039365.1_Amarub1_genomic.fna}|{SRR36117447_contigs.fasta,Amapyr1_AssemblyScaffolds_Repeatmasked.fasta,GCA_001691755.2_ASM169175v2_genomic.fna,GCA_003316615.1_ASM331661v1_genomic.fna}	0	138.555	3443
N49	t1	{GCA_001691785.3_ASM169178v3_genomic.fna}|{40019_S37_L007}#{GCA_015039365.1_Amarub1_genomic.fna}|{GCA_023014455.1_ASM2301445v1_genomic.fna,GCA_001983365.1_ASM198336v1_genomic.fna,GCA_023014435.1_ASM2301443v1_genomic.fna,GCA_023014395.1_ASM2301439v1_genomic.fna,GCA_023014475.1_ASM2301447v1_genomic.fna,GCA_032173475.1_ASM3217347v1_genomic.fna,GCA_001983385.1_ASM198338v1_genomic.fna,GCA_020011035.1_ASM2001103v1_genomic.fna,GCA_023014405.1_ASM2301440v1_genomic.fna,NagxHevest_S354_spades_no_contam.fasta,NagxHevestB_S355_spades_no_contam.fasta,SRR36137122_contigs.fasta,Gril1_S352_spades_no_contam.fasta,Frag1_S351_spades_no_contam.fasta,Aus332_S350_spades_no_contam.fasta,NzAUS95_S358_spades_no_contam.fasta,Nes1_S356_spades_no_contam.fasta,Skrap3_S361_spades_no_contam.fasta,11665_S342_spades_no_contam.fasta,11663_S340_spades_no_contam.fasta,11662_no_contam.fasta,11669_S346_spades_no_contam.fasta,11668_S345_spades_no_contam.fasta,11670_S347_spades_no_contam.fasta,11666_S343_spades_no_contam.fasta,11667_S344_spades_no_contam.fasta,11664_S341_spades_no_contam.fasta,Sogn5_S362_spades_no_contam.fasta,Ring1_S359_spades_no_contam.fasta,Kara3_S353_spades_no_contam.fasta,Wirz_S363_spades_no_contam.fasta,20045_S349_spades_no_contam.fasta,20031_S348_spades_no_contam.fasta,GCA_054369615.1_ASM5436961v1_genomic.fna,30021_S33_L007,GCA_001691765.1_ASM169176v1_genomic.fna,30000_S38_L007,SRR36137064_contigs.fasta,SRR36137480_contigs.fasta,SRR36145299_contigs.fasta,SRR36137136_contigs.fasta,SRR36137101_contigs.fasta,SRR36141466_contigs.fasta,NesPan3_S357_spades_no_contam.fasta,SRR36137094_contigs.fasta,SRR36118002_contigs.fasta,SRR36145290_contigs.fasta,Amagr1_AssemblyScaffolds.fasta,GCA_000497225.1_AmaJack1.0_genomic.fna,40225_S35_L007,30280_S34_L007,Volvo1_AssemblyScaffolds_Repeatmasked.fasta,GCA_002554575.1_Amanita_thiersii_v1.0_genomic.fna,GCA_001691775.3_ASM169177v3_genomic.fna,SRR36117447_contigs.fasta,Amapyr1_AssemblyScaffolds_Repeatmasked.fasta,GCA_001691755.2_ASM169175v2_genomic.fna,GCA_003316615.1_ASM331661v1_genomic.fna}	1	1645.52	1720
N49	t2	{GCA_023014455.1_ASM2301445v1_genomic.fna,GCA_001983365.1_ASM198336v1_genomic.fna,GCA_023014435.1_ASM2301443v1_genomic.fna,GCA_023014395.1_ASM2301439v1_genomic.fna,GCA_023014475.1_ASM2301447v1_genomic.fna,GCA_032173475.1_ASM3217347v1_genomic.fna,GCA_001983385.1_ASM198338v1_genomic.fna,GCA_020011035.1_ASM2001103v1_genomic.fna,GCA_023014405.1_ASM2301440v1_genomic.fna,NagxHevest_S354_spades_no_contam.fasta,NagxHevestB_S355_spades_no_contam.fasta,SRR36137122_contigs.fasta,Gril1_S352_spades_no_contam.fasta,Frag1_S351_spades_no_contam.fasta,Aus332_S350_spades_no_contam.fasta,NzAUS95_S358_spades_no_contam.fasta,Nes1_S356_spades_no_contam.fasta,Skrap3_S361_spades_no_contam.fasta,11665_S342_spades_no_contam.fasta,11663_S340_spades_no_contam.fasta,11662_no_contam.fasta,11669_S346_spades_no_contam.fasta,11668_S345_spades_no_contam.fasta,11670_S347_spades_no_contam.fasta,11666_S343_spades_no_contam.fasta,11667_S344_spades_no_contam.fasta,11664_S341_spades_no_contam.fasta,Sogn5_S362_spades_no_contam.fasta,Ring1_S359_spades_no_contam.fasta,Kara3_S353_spades_no_contam.fasta,Wirz_S363_spades_no_contam.fasta,20045_S349_spades_no_contam.fasta,20031_S348_spades_no_contam.fasta,GCA_054369615.1_ASM5436961v1_genomic.fna,30021_S33_L007,GCA_001691765.1_ASM169176v1_genomic.fna,30000_S38_L007,SRR36137064_contigs.fasta,SRR36137480_contigs.fasta,SRR36145299_contigs.fasta,SRR36137136_contigs.fasta,SRR36137101_contigs.fasta,SRR36141466_contigs.fasta,NesPan3_S357_spades_no_contam.fasta,SRR36137094_contigs.fasta,SRR36118002_contigs.fasta,SRR36145290_contigs.fasta,Amagr1_AssemblyScaffolds.fasta,GCA_000497225.1_AmaJack1.0_genomic.fna,40225_S35_L007,30280_S34_L007,Volvo1_AssemblyScaffolds_Repeatmasked.fasta,GCA_002554575.1_Amanita_thiersii_v1.0_genomic.fna,GCA_001691775.3_ASM169177v3_genomic.fna,SRR36117447_contigs.fasta,Amapyr1_AssemblyScaffolds_Repeatmasked.fasta,GCA_001691755.2_ASM169175v2_genomic.fna,GCA_003316615.1_ASM331661v1_genomic.fna}|{40019_S37_L007}#{GCA_015039365.1_Amarub1_genomic.fna}|{GCA_001691785.3_ASM169178v3_genomic.fna}	0	38.2967	1720
N49	t3	{GCA_001691785.3_ASM169178v3_genomic.fna}|{GCA_023014455.1_ASM2301445v1_genomic.fna,GCA_001983365.1_ASM198336v1_genomic.fna,GCA_023014435.1_ASM2301443v1_genomic.fna,GCA_023014395.1_ASM2301439v1_genomic.fna,GCA_023014475.1_ASM2301447v1_genomic.fna,GCA_032173475.1_ASM3217347v1_genomic.fna,GCA_001983385.1_ASM198338v1_genomic.fna,GCA_020011035.1_ASM2001103v1_genomic.fna,GCA_023014405.1_ASM2301440v1_genomic.fna,NagxHevest_S354_spades_no_contam.fasta,NagxHevestB_S355_spades_no_contam.fasta,SRR36137122_contigs.fasta,Gril1_S352_spades_no_contam.fasta,Frag1_S351_spades_no_contam.fasta,Aus332_S350_spades_no_contam.fasta,NzAUS95_S358_spades_no_contam.fasta,Nes1_S356_spades_no_contam.fasta,Skrap3_S361_spades_no_contam.fasta,11665_S342_spades_no_contam.fasta,11663_S340_spades_no_contam.fasta,11662_no_contam.fasta,11669_S346_spades_no_contam.fasta,11668_S345_spades_no_contam.fasta,11670_S347_spades_no_contam.fasta,11666_S343_spades_no_contam.fasta,11667_S344_spades_no_contam.fasta,11664_S341_spades_no_contam.fasta,Sogn5_S362_spades_no_contam.fasta,Ring1_S359_spades_no_contam.fasta,Kara3_S353_spades_no_contam.fasta,Wirz_S363_spades_no_contam.fasta,20045_S349_spades_no_contam.fasta,20031_S348_spades_no_contam.fasta,GCA_054369615.1_ASM5436961v1_genomic.fna,30021_S33_L007,GCA_001691765.1_ASM169176v1_genomic.fna,30000_S38_L007,SRR36137064_contigs.fasta,SRR36137480_contigs.fasta,SRR36145299_contigs.fasta,SRR36137136_contigs.fasta,SRR36137101_contigs.fasta,SRR36141466_contigs.fasta,NesPan3_S357_spades_no_contam.fasta,SRR36137094_contigs.fasta,SRR36118002_contigs.fasta,SRR36145290_contigs.fasta,Amagr1_AssemblyScaffolds.fasta,GCA_000497225.1_AmaJack1.0_genomic.fna,40225_S35_L007,30280_S34_L007,Volvo1_AssemblyScaffolds_Repeatmasked.fasta,GCA_002554575.1_Amanita_thiersii_v1.0_genomic.fna,GCA_001691775.3_ASM169177v3_genomic.fna,SRR36117447_contigs.fasta,Amapyr1_AssemblyScaffolds_Repeatmasked.fasta,GCA_001691755.2_ASM169175v2_genomic.fna,GCA_003316615.1_ASM331661v1_genomic.fna}#{GCA_015039365.1_Amarub1_genomic.fna}|{40019_S37_L007}	0	36.1786	1720
N50	t1	{GCA_001691785.3_ASM169178v3_genomic.fna,40019_S37_L007}|{GCA_015039365.1_Amarub1_genomic.fna}#{NagxHevest_S354_spades_no_contam.fasta,NagxHevestB_S355_spades_no_contam.fasta,SRR36137122_contigs.fasta,Gril1_S352_spades_no_contam.fasta,Frag1_S351_spades_no_contam.fasta,Aus332_S350_spades_no_contam.fasta,NzAUS95_S358_spades_no_contam.fasta,Nes1_S356_spades_no_contam.fasta,Skrap3_S361_spades_no_contam.fasta,11665_S342_spades_no_contam.fasta,11663_S340_spades_no_contam.fasta,11662_no_contam.fasta,11669_S346_spades_no_contam.fasta,11668_S345_spades_no_contam.fasta,11670_S347_spades_no_contam.fasta,11666_S343_spades_no_contam.fasta,11667_S344_spades_no_contam.fasta,11664_S341_spades_no_contam.fasta,Sogn5_S362_spades_no_contam.fasta,Ring1_S359_spades_no_contam.fasta,Kara3_S353_spades_no_contam.fasta,Wirz_S363_spades_no_contam.fasta,20045_S349_spades_no_contam.fasta,20031_S348_spades_no_contam.fasta,GCA_054369615.1_ASM5436961v1_genomic.fna,30021_S33_L007,GCA_001691765.1_ASM169176v1_genomic.fna,30000_S38_L007,SRR36137064_contigs.fasta,SRR36137480_contigs.fasta,SRR36145299_contigs.fasta,SRR36137136_contigs.fasta,SRR36137101_contigs.fasta,SRR36141466_contigs.fasta,NesPan3_S357_spades_no_contam.fasta,SRR36137094_contigs.fasta,SRR36118002_contigs.fasta,SRR36145290_contigs.fasta,Amagr1_AssemblyScaffolds.fasta,GCA_000497225.1_AmaJack1.0_genomic.fna,40225_S35_L007,30280_S34_L007,Volvo1_AssemblyScaffolds_Repeatmasked.fasta,GCA_002554575.1_Amanita_thiersii_v1.0_genomic.fna,GCA_001691775.3_ASM169177v3_genomic.fna,SRR36117447_contigs.fasta,Amapyr1_AssemblyScaffolds_Repeatmasked.fasta,GCA_001691755.2_ASM169175v2_genomic.fna,GCA_003316615.1_ASM331661v1_genomic.fna}|{GCA_023014455.1_ASM2301445v1_genomic.fna,GCA_001983365.1_ASM198336v1_genomic.fna,GCA_023014435.1_ASM2301443v1_genomic.fna,GCA_023014395.1_ASM2301439v1_genomic.fna,GCA_023014475.1_ASM2301447v1_genomic.fna,GCA_032173475.1_ASM3217347v1_genomic.fna,GCA_001983385.1_ASM198338v1_genomic.fna,GCA_020011035.1_ASM2001103v1_genomic.fna,GCA_023014405.1_ASM2301440v1_genomic.fna}	1	1926.18	1963
N50	t2	{GCA_023014455.1_ASM2301445v1_genomic.fna,GCA_001983365.1_ASM198336v1_genomic.fna,GCA_023014435.1_ASM2301443v1_genomic.fna,GCA_023014395.1_ASM2301439v1_genomic.fna,GCA_023014475.1_ASM2301447v1_genomic.fna,GCA_032173475.1_ASM3217347v1_genomic.fna,GCA_001983385.1_ASM198338v1_genomic.fna,GCA_020011035.1_ASM2001103v1_genomic.fna,GCA_023014405.1_ASM2301440v1_genomic.fna}|{GCA_015039365.1_Amarub1_genomic.fna}#{NagxHevest_S354_spades_no_contam.fasta,NagxHevestB_S355_spades_no_contam.fasta,SRR36137122_contigs.fasta,Gril1_S352_spades_no_contam.fasta,Frag1_S351_spades_no_contam.fasta,Aus332_S350_spades_no_contam.fasta,NzAUS95_S358_spades_no_contam.fasta,Nes1_S356_spades_no_contam.fasta,Skrap3_S361_spades_no_contam.fasta,11665_S342_spades_no_contam.fasta,11663_S340_spades_no_contam.fasta,11662_no_contam.fasta,11669_S346_spades_no_contam.fasta,11668_S345_spades_no_contam.fasta,11670_S347_spades_no_contam.fasta,11666_S343_spades_no_contam.fasta,11667_S344_spades_no_contam.fasta,11664_S341_spades_no_contam.fasta,Sogn5_S362_spades_no_contam.fasta,Ring1_S359_spades_no_contam.fasta,Kara3_S353_spades_no_contam.fasta,Wirz_S363_spades_no_contam.fasta,20045_S349_spades_no_contam.fasta,20031_S348_spades_no_contam.fasta,GCA_054369615.1_ASM5436961v1_genomic.fna,30021_S33_L007,GCA_001691765.1_ASM169176v1_genomic.fna,30000_S38_L007,SRR36137064_contigs.fasta,SRR36137480_contigs.fasta,SRR36145299_contigs.fasta,SRR36137136_contigs.fasta,SRR36137101_contigs.fasta,SRR36141466_contigs.fasta,NesPan3_S357_spades_no_contam.fasta,SRR36137094_contigs.fasta,SRR36118002_contigs.fasta,SRR36145290_contigs.fasta,Amagr1_AssemblyScaffolds.fasta,GCA_000497225.1_AmaJack1.0_genomic.fna,40225_S35_L007,30280_S34_L007,Volvo1_AssemblyScaffolds_Repeatmasked.fasta,GCA_002554575.1_Amanita_thiersii_v1.0_genomic.fna,GCA_001691775.3_ASM169177v3_genomic.fna,SRR36117447_contigs.fasta,Amapyr1_AssemblyScaffolds_Repeatmasked.fasta,GCA_001691755.2_ASM169175v2_genomic.fna,GCA_003316615.1_ASM331661v1_genomic.fna}|{GCA_001691785.3_ASM169178v3_genomic.fna,40019_S37_L007}	0	19.2471	1963
N50	t3	{GCA_001691785.3_ASM169178v3_genomic.fna,40019_S37_L007}|{GCA_023014455.1_ASM2301445v1_genomic.fna,GCA_001983365.1_ASM198336v1_genomic.fna,GCA_023014435.1_ASM2301443v1_genomic.fna,GCA_023014395.1_ASM2301439v1_genomic.fna,GCA_023014475.1_ASM2301447v1_genomic.fna,GCA_032173475.1_ASM3217347v1_genomic.fna,GCA_001983385.1_ASM198338v1_genomic.fna,GCA_020011035.1_ASM2001103v1_genomic.fna,GCA_023014405.1_ASM2301440v1_genomic.fna}#{NagxHevest_S354_spades_no_contam.fasta,NagxHevestB_S355_spades_no_contam.fasta,SRR36137122_contigs.fasta,Gril1_S352_spades_no_contam.fasta,Frag1_S351_spades_no_contam.fasta,Aus332_S350_spades_no_contam.fasta,NzAUS95_S358_spades_no_contam.fasta,Nes1_S356_spades_no_contam.fasta,Skrap3_S361_spades_no_contam.fasta,11665_S342_spades_no_contam.fasta,11663_S340_spades_no_contam.fasta,11662_no_contam.fasta,11669_S346_spades_no_contam.fasta,11668_S345_spades_no_contam.fasta,11670_S347_spades_no_contam.fasta,11666_S343_spades_no_contam.fasta,11667_S344_spades_no_contam.fasta,11664_S341_spades_no_contam.fasta,Sogn5_S362_spades_no_contam.fasta,Ring1_S359_spades_no_contam.fasta,Kara3_S353_spades_no_contam.fasta,Wirz_S363_spades_no_contam.fasta,20045_S349_spades_no_contam.fasta,20031_S348_spades_no_contam.fasta,GCA_054369615.1_ASM5436961v1_genomic.fna,30021_S33_L007,GCA_001691765.1_ASM169176v1_genomic.fna,30000_S38_L007,SRR36137064_contigs.fasta,SRR36137480_contigs.fasta,SRR36145299_contigs.fasta,SRR36137136_contigs.fasta,SRR36137101_contigs.fasta,SRR36141466_contigs.fasta,NesPan3_S357_spades_no_contam.fasta,SRR36137094_contigs.fasta,SRR36118002_contigs.fasta,SRR36145290_contigs.fasta,Amagr1_AssemblyScaffolds.fasta,GCA_000497225.1_AmaJack1.0_genomic.fna,40225_S35_L007,30280_S34_L007,Volvo1_AssemblyScaffolds_Repeatmasked.fasta,GCA_002554575.1_Amanita_thiersii_v1.0_genomic.fna,GCA_001691775.3_ASM169177v3_genomic.fna,SRR36117447_contigs.fasta,Amapyr1_AssemblyScaffolds_Repeatmasked.fasta,GCA_001691755.2_ASM169175v2_genomic.fna,GCA_003316615.1_ASM331661v1_genomic.fna}|{GCA_015039365.1_Amarub1_genomic.fna}	0	17.5699	1963
N51	t1	{NagxHevest_S354_spades_no_contam.fasta,NagxHevestB_S355_spades_no_contam.fasta,SRR36137122_contigs.fasta,Gril1_S352_spades_no_contam.fasta,Frag1_S351_spades_no_contam.fasta,Aus332_S350_spades_no_contam.fasta,NzAUS95_S358_spades_no_contam.fasta,Nes1_S356_spades_no_contam.fasta,Skrap3_S361_spades_no_contam.fasta,11665_S342_spades_no_contam.fasta,11663_S340_spades_no_contam.fasta,11662_no_contam.fasta,11669_S346_spades_no_contam.fasta,11668_S345_spades_no_contam.fasta,11670_S347_spades_no_contam.fasta,11666_S343_spades_no_contam.fasta,11667_S344_spades_no_contam.fasta,11664_S341_spades_no_contam.fasta,Sogn5_S362_spades_no_contam.fasta,Ring1_S359_spades_no_contam.fasta,Kara3_S353_spades_no_contam.fasta,Wirz_S363_spades_no_contam.fasta,20045_S349_spades_no_contam.fasta,20031_S348_spades_no_contam.fasta,GCA_054369615.1_ASM5436961v1_genomic.fna,30021_S33_L007,GCA_001691765.1_ASM169176v1_genomic.fna,30000_S38_L007,SRR36137064_contigs.fasta,SRR36137480_contigs.fasta,SRR36145299_contigs.fasta,SRR36137136_contigs.fasta,SRR36137101_contigs.fasta,SRR36141466_contigs.fasta,NesPan3_S357_spades_no_contam.fasta,SRR36137094_contigs.fasta,SRR36118002_contigs.fasta,SRR36145290_contigs.fasta,Amagr1_AssemblyScaffolds.fasta,GCA_000497225.1_AmaJack1.0_genomic.fna,40225_S35_L007,30280_S34_L007,Volvo1_AssemblyScaffolds_Repeatmasked.fasta,GCA_002554575.1_Amanita_thiersii_v1.0_genomic.fna,GCA_001691775.3_ASM169177v3_genomic.fna,SRR36117447_contigs.fasta,Amapyr1_AssemblyScaffolds_Repeatmasked.fasta,GCA_001691755.2_ASM169175v2_genomic.fna,GCA_003316615.1_ASM331661v1_genomic.fna}|{GCA_001691785.3_ASM169178v3_genomic.fna,40019_S37_L007,GCA_015039365.1_Amarub1_genomic.fna}#{GCA_023014405.1_ASM2301440v1_genomic.fna}|{GCA_023014455.1_ASM2301445v1_genomic.fna,GCA_001983365.1_ASM198336v1_genomic.fna,GCA_023014435.1_ASM2301443v1_genomic.fna,GCA_023014395.1_ASM2301439v1_genomic.fna,GCA_023014475.1_ASM2301447v1_genomic.fna,GCA_032173475.1_ASM3217347v1_genomic.fna,GCA_001983385.1_ASM198338v1_genomic.fna,GCA_020011035.1_ASM2001103v1_genomic.fna}	1	3039.96	3054
N51	t2	{GCA_023014455.1_ASM2301445v1_genomic.fna,GCA_001983365.1_ASM198336v1_genomic.fna,GCA_023014435.1_ASM2301443v1_genomic.fna,GCA_023014395.1_ASM2301439v1_genomic.fna,GCA_023014475.1_ASM2301447v1_genomic.fna,GCA_032173475.1_ASM3217347v1_genomic.fna,GCA_001983385.1_ASM198338v1_genomic.fna,GCA_020011035.1_ASM2001103v1_genomic.fna}|{GCA_001691785.3_ASM169178v3_genomic.fna,40019_S37_L007,GCA_015039365.1_Amarub1_genomic.fna}#{GCA_023014405.1_ASM2301440v1_genomic.fna}|{NagxHevest_S354_spades_no_contam.fasta,NagxHevestB_S355_spades_no_contam.fasta,SRR36137122_contigs.fasta,Gril1_S352_spades_no_contam.fasta,Frag1_S351_spades_no_contam.fasta,Aus332_S350_spades_no_contam.fasta,NzAUS95_S358_spades_no_contam.fasta,Nes1_S356_spades_no_contam.fasta,Skrap3_S361_spades_no_contam.fasta,11665_S342_spades_no_contam.fasta,11663_S340_spades_no_contam.fasta,11662_no_contam.fasta,11669_S346_spades_no_contam.fasta,11668_S345_spades_no_contam.fasta,11670_S347_spades_no_contam.fasta,11666_S343_spades_no_contam.fasta,11667_S344_spades_no_contam.fasta,11664_S341_spades_no_contam.fasta,Sogn5_S362_spades_no_contam.fasta,Ring1_S359_spades_no_contam.fasta,Kara3_S353_spades_no_contam.fasta,Wirz_S363_spades_no_contam.fasta,20045_S349_spades_no_contam.fasta,20031_S348_spades_no_contam.fasta,GCA_054369615.1_ASM5436961v1_genomic.fna,30021_S33_L007,GCA_001691765.1_ASM169176v1_genomic.fna,30000_S38_L007,SRR36137064_contigs.fasta,SRR36137480_contigs.fasta,SRR36145299_contigs.fasta,SRR36137136_contigs.fasta,SRR36137101_contigs.fasta,SRR36141466_contigs.fasta,NesPan3_S357_spades_no_contam.fasta,SRR36137094_contigs.fasta,SRR36118002_contigs.fasta,SRR36145290_contigs.fasta,Amagr1_AssemblyScaffolds.fasta,GCA_000497225.1_AmaJack1.0_genomic.fna,40225_S35_L007,30280_S34_L007,Volvo1_AssemblyScaffolds_Repeatmasked.fasta,GCA_002554575.1_Amanita_thiersii_v1.0_genomic.fna,GCA_001691775.3_ASM169177v3_genomic.fna,SRR36117447_contigs.fasta,Amapyr1_AssemblyScaffolds_Repeatmasked.fasta,GCA_001691755.2_ASM169175v2_genomic.fna,GCA_003316615.1_ASM331661v1_genomic.fna}	0	8.37535	3054
N51	t3	{NagxHevest_S354_spades_no_contam.fasta,NagxHevestB_S355_spades_no_contam.fasta,SRR36137122_contigs.fasta,Gril1_S352_spades_no_contam.fasta,Frag1_S351_spades_no_contam.fasta,Aus332_S350_spades_no_contam.fasta,NzAUS95_S358_spades_no_contam.fasta,Nes1_S356_spades_no_contam.fasta,Skrap3_S361_spades_no_contam.fasta,11665_S342_spades_no_contam.fasta,11663_S340_spades_no_contam.fasta,11662_no_contam.fasta,11669_S346_spades_no_contam.fasta,11668_S345_spades_no_contam.fasta,11670_S347_spades_no_contam.fasta,11666_S343_spades_no_contam.fasta,11667_S344_spades_no_contam.fasta,11664_S341_spades_no_contam.fasta,Sogn5_S362_spades_no_contam.fasta,Ring1_S359_spades_no_contam.fasta,Kara3_S353_spades_no_contam.fasta,Wirz_S363_spades_no_contam.fasta,20045_S349_spades_no_contam.fasta,20031_S348_spades_no_contam.fasta,GCA_054369615.1_ASM5436961v1_genomic.fna,30021_S33_L007,GCA_001691765.1_ASM169176v1_genomic.fna,30000_S38_L007,SRR36137064_contigs.fasta,SRR36137480_contigs.fasta,SRR36145299_contigs.fasta,SRR36137136_contigs.fasta,SRR36137101_contigs.fasta,SRR36141466_contigs.fasta,NesPan3_S357_spades_no_contam.fasta,SRR36137094_contigs.fasta,SRR36118002_contigs.fasta,SRR36145290_contigs.fasta,Amagr1_AssemblyScaffolds.fasta,GCA_000497225.1_AmaJack1.0_genomic.fna,40225_S35_L007,30280_S34_L007,Volvo1_AssemblyScaffolds_Repeatmasked.fasta,GCA_002554575.1_Amanita_thiersii_v1.0_genomic.fna,GCA_001691775.3_ASM169177v3_genomic.fna,SRR36117447_contigs.fasta,Amapyr1_AssemblyScaffolds_Repeatmasked.fasta,GCA_001691755.2_ASM169175v2_genomic.fna,GCA_003316615.1_ASM331661v1_genomic.fna}|{GCA_023014455.1_ASM2301445v1_genomic.fna,GCA_001983365.1_ASM198336v1_genomic.fna,GCA_023014435.1_ASM2301443v1_genomic.fna,GCA_023014395.1_ASM2301439v1_genomic.fna,GCA_023014475.1_ASM2301447v1_genomic.fna,GCA_032173475.1_ASM3217347v1_genomic.fna,GCA_001983385.1_ASM198338v1_genomic.fna,GCA_020011035.1_ASM2001103v1_genomic.fna}#{GCA_023014405.1_ASM2301440v1_genomic.fna}|{GCA_001691785.3_ASM169178v3_genomic.fna,40019_S37_L007,GCA_015039365.1_Amarub1_genomic.fna}	0	5.66033	3054
N52	t1	{NagxHevest_S354_spades_no_contam.fasta,NagxHevestB_S355_spades_no_contam.fasta,SRR36137122_contigs.fasta,Gril1_S352_spades_no_contam.fasta,Frag1_S351_spades_no_contam.fasta,Aus332_S350_spades_no_contam.fasta,NzAUS95_S358_spades_no_contam.fasta,Nes1_S356_spades_no_contam.fasta,Skrap3_S361_spades_no_contam.fasta,11665_S342_spades_no_contam.fasta,11663_S340_spades_no_contam.fasta,11662_no_contam.fasta,11669_S346_spades_no_contam.fasta,11668_S345_spades_no_contam.fasta,11670_S347_spades_no_contam.fasta,11666_S343_spades_no_contam.fasta,11667_S344_spades_no_contam.fasta,11664_S341_spades_no_contam.fasta,Sogn5_S362_spades_no_contam.fasta,Ring1_S359_spades_no_contam.fasta,Kara3_S353_spades_no_contam.fasta,Wirz_S363_spades_no_contam.fasta,20045_S349_spades_no_contam.fasta,20031_S348_spades_no_contam.fasta,GCA_054369615.1_ASM5436961v1_genomic.fna,30021_S33_L007,GCA_001691765.1_ASM169176v1_genomic.fna,30000_S38_L007,SRR36137064_contigs.fasta,SRR36137480_contigs.fasta,SRR36145299_contigs.fasta,SRR36137136_contigs.fasta,SRR36137101_contigs.fasta,SRR36141466_contigs.fasta,NesPan3_S357_spades_no_contam.fasta,SRR36137094_contigs.fasta,SRR36118002_contigs.fasta,SRR36145290_contigs.fasta,Amagr1_AssemblyScaffolds.fasta,GCA_000497225.1_AmaJack1.0_genomic.fna,40225_S35_L007,30280_S34_L007,Volvo1_AssemblyScaffolds_Repeatmasked.fasta,GCA_002554575.1_Amanita_thiersii_v1.0_genomic.fna,GCA_001691775.3_ASM169177v3_genomic.fna,SRR36117447_contigs.fasta,Amapyr1_AssemblyScaffolds_Repeatmasked.fasta,GCA_001691755.2_ASM169175v2_genomic.fna,GCA_003316615.1_ASM331661v1_genomic.fna,GCA_001691785.3_ASM169178v3_genomic.fna,40019_S37_L007,GCA_015039365.1_Amarub1_genomic.fna}|{GCA_023014405.1_ASM2301440v1_genomic.fna}#{GCA_023014435.1_ASM2301443v1_genomic.fna,GCA_023014395.1_ASM2301439v1_genomic.fna,GCA_023014475.1_ASM2301447v1_genomic.fna,GCA_032173475.1_ASM3217347v1_genomic.fna,GCA_001983385.1_ASM198338v1_genomic.fna,GCA_020011035.1_ASM2001103v1_genomic.fna}|{GCA_023014455.1_ASM2301445v1_genomic.fna,GCA_001983365.1_ASM198336v1_genomic.fna}	1	2176.4	3024
N52	t2	{GCA_023014455.1_ASM2301445v1_genomic.fna,GCA_001983365.1_ASM198336v1_genomic.fna}|{GCA_023014405.1_ASM2301440v1_genomic.fna}#{GCA_023014435.1_ASM2301443v1_genomic.fna,GCA_023014395.1_ASM2301439v1_genomic.fna,GCA_023014475.1_ASM2301447v1_genomic.fna,GCA_032173475.1_ASM3217347v1_genomic.fna,GCA_001983385.1_ASM198338v1_genomic.fna,GCA_020011035.1_ASM2001103v1_genomic.fna}|{NagxHevest_S354_spades_no_contam.fasta,NagxHevestB_S355_spades_no_contam.fasta,SRR36137122_contigs.fasta,Gril1_S352_spades_no_contam.fasta,Frag1_S351_spades_no_contam.fasta,Aus332_S350_spades_no_contam.fasta,NzAUS95_S358_spades_no_contam.fasta,Nes1_S356_spades_no_contam.fasta,Skrap3_S361_spades_no_contam.fasta,11665_S342_spades_no_contam.fasta,11663_S340_spades_no_contam.fasta,11662_no_contam.fasta,11669_S346_spades_no_contam.fasta,11668_S345_spades_no_contam.fasta,11670_S347_spades_no_contam.fasta,11666_S343_spades_no_contam.fasta,11667_S344_spades_no_contam.fasta,11664_S341_spades_no_contam.fasta,Sogn5_S362_spades_no_contam.fasta,Ring1_S359_spades_no_contam.fasta,Kara3_S353_spades_no_contam.fasta,Wirz_S363_spades_no_contam.fasta,20045_S349_spades_no_contam.fasta,20031_S348_spades_no_contam.fasta,GCA_054369615.1_ASM5436961v1_genomic.fna,30021_S33_L007,GCA_001691765.1_ASM169176v1_genomic.fna,30000_S38_L007,SRR36137064_contigs.fasta,SRR36137480_contigs.fasta,SRR36145299_contigs.fasta,SRR36137136_contigs.fasta,SRR36137101_contigs.fasta,SRR36141466_contigs.fasta,NesPan3_S357_spades_no_contam.fasta,SRR36137094_contigs.fasta,SRR36118002_contigs.fasta,SRR36145290_contigs.fasta,Amagr1_AssemblyScaffolds.fasta,GCA_000497225.1_AmaJack1.0_genomic.fna,40225_S35_L007,30280_S34_L007,Volvo1_AssemblyScaffolds_Repeatmasked.fasta,GCA_002554575.1_Amanita_thiersii_v1.0_genomic.fna,GCA_001691775.3_ASM169177v3_genomic.fna,SRR36117447_contigs.fasta,Amapyr1_AssemblyScaffolds_Repeatmasked.fasta,GCA_001691755.2_ASM169175v2_genomic.fna,GCA_003316615.1_ASM331661v1_genomic.fna,GCA_001691785.3_ASM169178v3_genomic.fna,40019_S37_L007,GCA_015039365.1_Amarub1_genomic.fna}	0	459.241	3024
N52	t3	{NagxHevest_S354_spades_no_contam.fasta,NagxHevestB_S355_spades_no_contam.fasta,SRR36137122_contigs.fasta,Gril1_S352_spades_no_contam.fasta,Frag1_S351_spades_no_contam.fasta,Aus332_S350_spades_no_contam.fasta,NzAUS95_S358_spades_no_contam.fasta,Nes1_S356_spades_no_contam.fasta,Skrap3_S361_spades_no_contam.fasta,11665_S342_spades_no_contam.fasta,11663_S340_spades_no_contam.fasta,11662_no_contam.fasta,11669_S346_spades_no_contam.fasta,11668_S345_spades_no_contam.fasta,11670_S347_spades_no_contam.fasta,11666_S343_spades_no_contam.fasta,11667_S344_spades_no_contam.fasta,11664_S341_spades_no_contam.fasta,Sogn5_S362_spades_no_contam.fasta,Ring1_S359_spades_no_contam.fasta,Kara3_S353_spades_no_contam.fasta,Wirz_S363_spades_no_contam.fasta,20045_S349_spades_no_contam.fasta,20031_S348_spades_no_contam.fasta,GCA_054369615.1_ASM5436961v1_genomic.fna,30021_S33_L007,GCA_001691765.1_ASM169176v1_genomic.fna,30000_S38_L007,SRR36137064_contigs.fasta,SRR36137480_contigs.fasta,SRR36145299_contigs.fasta,SRR36137136_contigs.fasta,SRR36137101_contigs.fasta,SRR36141466_contigs.fasta,NesPan3_S357_spades_no_contam.fasta,SRR36137094_contigs.fasta,SRR36118002_contigs.fasta,SRR36145290_contigs.fasta,Amagr1_AssemblyScaffolds.fasta,GCA_000497225.1_AmaJack1.0_genomic.fna,40225_S35_L007,30280_S34_L007,Volvo1_AssemblyScaffolds_Repeatmasked.fasta,GCA_002554575.1_Amanita_thiersii_v1.0_genomic.fna,GCA_001691775.3_ASM169177v3_genomic.fna,SRR36117447_contigs.fasta,Amapyr1_AssemblyScaffolds_Repeatmasked.fasta,GCA_001691755.2_ASM169175v2_genomic.fna,GCA_003316615.1_ASM331661v1_genomic.fna,GCA_001691785.3_ASM169178v3_genomic.fna,40019_S37_L007,GCA_015039365.1_Amarub1_genomic.fna}|{GCA_023014455.1_ASM2301445v1_genomic.fna,GCA_001983365.1_ASM198336v1_genomic.fna}#{GCA_023014435.1_ASM2301443v1_genomic.fna,GCA_023014395.1_ASM2301439v1_genomic.fna,GCA_023014475.1_ASM2301447v1_genomic.fna,GCA_032173475.1_ASM3217347v1_genomic.fna,GCA_001983385.1_ASM198338v1_genomic.fna,GCA_020011035.1_ASM2001103v1_genomic.fna}|{GCA_023014405.1_ASM2301440v1_genomic.fna}	0	388.358	3024
N53	t1	{GCA_023014435.1_ASM2301443v1_genomic.fna}|{GCA_023014395.1_ASM2301439v1_genomic.fna}#{GCA_023014475.1_ASM2301447v1_genomic.fna}|{GCA_023014455.1_ASM2301445v1_genomic.fna,GCA_001983365.1_ASM198336v1_genomic.fna,NagxHevest_S354_spades_no_contam.fasta,NagxHevestB_S355_spades_no_contam.fasta,SRR36137122_contigs.fasta,Gril1_S352_spades_no_contam.fasta,Frag1_S351_spades_no_contam.fasta,Aus332_S350_spades_no_contam.fasta,NzAUS95_S358_spades_no_contam.fasta,Nes1_S356_spades_no_contam.fasta,Skrap3_S361_spades_no_contam.fasta,11665_S342_spades_no_contam.fasta,11663_S340_spades_no_contam.fasta,11662_no_contam.fasta,11669_S346_spades_no_contam.fasta,11668_S345_spades_no_contam.fasta,11670_S347_spades_no_contam.fasta,11666_S343_spades_no_contam.fasta,11667_S344_spades_no_contam.fasta,11664_S341_spades_no_contam.fasta,Sogn5_S362_spades_no_contam.fasta,Ring1_S359_spades_no_contam.fasta,Kara3_S353_spades_no_contam.fasta,Wirz_S363_spades_no_contam.fasta,20045_S349_spades_no_contam.fasta,20031_S348_spades_no_contam.fasta,GCA_054369615.1_ASM5436961v1_genomic.fna,30021_S33_L007,GCA_001691765.1_ASM169176v1_genomic.fna,30000_S38_L007,SRR36137064_contigs.fasta,SRR36137480_contigs.fasta,SRR36145299_contigs.fasta,SRR36137136_contigs.fasta,SRR36137101_contigs.fasta,SRR36141466_contigs.fasta,NesPan3_S357_spades_no_contam.fasta,SRR36137094_contigs.fasta,SRR36118002_contigs.fasta,SRR36145290_contigs.fasta,Amagr1_AssemblyScaffolds.fasta,GCA_000497225.1_AmaJack1.0_genomic.fna,40225_S35_L007,30280_S34_L007,Volvo1_AssemblyScaffolds_Repeatmasked.fasta,GCA_002554575.1_Amanita_thiersii_v1.0_genomic.fna,GCA_001691775.3_ASM169177v3_genomic.fna,SRR36117447_contigs.fasta,Amapyr1_AssemblyScaffolds_Repeatmasked.fasta,GCA_001691755.2_ASM169175v2_genomic.fna,GCA_003316615.1_ASM331661v1_genomic.fna,GCA_001691785.3_ASM169178v3_genomic.fna,40019_S37_L007,GCA_015039365.1_Amarub1_genomic.fna,GCA_023014405.1_ASM2301440v1_genomic.fna,GCA_032173475.1_ASM3217347v1_genomic.fna,GCA_001983385.1_ASM198338v1_genomic.fna,GCA_020011035.1_ASM2001103v1_genomic.fna}	1	1662.77	3082
N53	t2	{GCA_023014455.1_ASM2301445v1_genomic.fna,GCA_001983365.1_ASM198336v1_genomic.fna,NagxHevest_S354_spades_no_contam.fasta,NagxHevestB_S355_spades_no_contam.fasta,SRR36137122_contigs.fasta,Gril1_S352_spades_no_contam.fasta,Frag1_S351_spades_no_contam.fasta,Aus332_S350_spades_no_contam.fasta,NzAUS95_S358_spades_no_contam.fasta,Nes1_S356_spades_no_contam.fasta,Skrap3_S361_spades_no_contam.fasta,11665_S342_spades_no_contam.fasta,11663_S340_spades_no_contam.fasta,11662_no_contam.fasta,11669_S346_spades_no_contam.fasta,11668_S345_spades_no_contam.fasta,11670_S347_spades_no_contam.fasta,11666_S343_spades_no_contam.fasta,11667_S344_spades_no_contam.fasta,11664_S341_spades_no_contam.fasta,Sogn5_S362_spades_no_contam.fasta,Ring1_S359_spades_no_contam.fasta,Kara3_S353_spades_no_contam.fasta,Wirz_S363_spades_no_contam.fasta,20045_S349_spades_no_contam.fasta,20031_S348_spades_no_contam.fasta,GCA_054369615.1_ASM5436961v1_genomic.fna,30021_S33_L007,GCA_001691765.1_ASM169176v1_genomic.fna,30000_S38_L007,SRR36137064_contigs.fasta,SRR36137480_contigs.fasta,SRR36145299_contigs.fasta,SRR36137136_contigs.fasta,SRR36137101_contigs.fasta,SRR36141466_contigs.fasta,NesPan3_S357_spades_no_contam.fasta,SRR36137094_contigs.fasta,SRR36118002_contigs.fasta,SRR36145290_contigs.fasta,Amagr1_AssemblyScaffolds.fasta,GCA_000497225.1_AmaJack1.0_genomic.fna,40225_S35_L007,30280_S34_L007,Volvo1_AssemblyScaffolds_Repeatmasked.fasta,GCA_002554575.1_Amanita_thiersii_v1.0_genomic.fna,GCA_001691775.3_ASM169177v3_genomic.fna,SRR36117447_contigs.fasta,Amapyr1_AssemblyScaffolds_Repeatmasked.fasta,GCA_001691755.2_ASM169175v2_genomic.fna,GCA_003316615.1_ASM331661v1_genomic.fna,GCA_001691785.3_ASM169178v3_genomic.fna,40019_S37_L007,GCA_015039365.1_Amarub1_genomic.fna,GCA_023014405.1_ASM2301440v1_genomic.fna,GCA_032173475.1_ASM3217347v1_genomic.fna,GCA_001983385.1_ASM198338v1_genomic.fna,GCA_020011035.1_ASM2001103v1_genomic.fna}|{GCA_023014395.1_ASM2301439v1_genomic.fna}#{GCA_023014475.1_ASM2301447v1_genomic.fna}|{GCA_023014435.1_ASM2301443v1_genomic.fna}	0	768.403	3082
N53	t3	{GCA_023014435.1_ASM2301443v1_genomic.fna}|{GCA_023014455.1_ASM2301445v1_genomic.fna,GCA_001983365.1_ASM198336v1_genomic.fna,NagxHevest_S354_spades_no_contam.fasta,NagxHevestB_S355_spades_no_contam.fasta,SRR36137122_contigs.fasta,Gril1_S352_spades_no_contam.fasta,Frag1_S351_spades_no_contam.fasta,Aus332_S350_spades_no_contam.fasta,NzAUS95_S358_spades_no_contam.fasta,Nes1_S356_spades_no_contam.fasta,Skrap3_S361_spades_no_contam.fasta,11665_S342_spades_no_contam.fasta,11663_S340_spades_no_contam.fasta,11662_no_contam.fasta,11669_S346_spades_no_contam.fasta,11668_S345_spades_no_contam.fasta,11670_S347_spades_no_contam.fasta,11666_S343_spades_no_contam.fasta,11667_S344_spades_no_contam.fasta,11664_S341_spades_no_contam.fasta,Sogn5_S362_spades_no_contam.fasta,Ring1_S359_spades_no_contam.fasta,Kara3_S353_spades_no_contam.fasta,Wirz_S363_spades_no_contam.fasta,20045_S349_spades_no_contam.fasta,20031_S348_spades_no_contam.fasta,GCA_054369615.1_ASM5436961v1_genomic.fna,30021_S33_L007,GCA_001691765.1_ASM169176v1_genomic.fna,30000_S38_L007,SRR36137064_contigs.fasta,SRR36137480_contigs.fasta,SRR36145299_contigs.fasta,SRR36137136_contigs.fasta,SRR36137101_contigs.fasta,SRR36141466_contigs.fasta,NesPan3_S357_spades_no_contam.fasta,SRR36137094_contigs.fasta,SRR36118002_contigs.fasta,SRR36145290_contigs.fasta,Amagr1_AssemblyScaffolds.fasta,GCA_000497225.1_AmaJack1.0_genomic.fna,40225_S35_L007,30280_S34_L007,Volvo1_AssemblyScaffolds_Repeatmasked.fasta,GCA_002554575.1_Amanita_thiersii_v1.0_genomic.fna,GCA_001691775.3_ASM169177v3_genomic.fna,SRR36117447_contigs.fasta,Amapyr1_AssemblyScaffolds_Repeatmasked.fasta,GCA_001691755.2_ASM169175v2_genomic.fna,GCA_003316615.1_ASM331661v1_genomic.fna,GCA_001691785.3_ASM169178v3_genomic.fna,40019_S37_L007,GCA_015039365.1_Amarub1_genomic.fna,GCA_023014405.1_ASM2301440v1_genomic.fna,GCA_032173475.1_ASM3217347v1_genomic.fna,GCA_001983385.1_ASM198338v1_genomic.fna,GCA_020011035.1_ASM2001103v1_genomic.fna}#{GCA_023014475.1_ASM2301447v1_genomic.fna}|{GCA_023014395.1_ASM2301439v1_genomic.fna}	0	650.829	3082
N54	t1	{GCA_023014435.1_ASM2301443v1_genomic.fna,GCA_023014395.1_ASM2301439v1_genomic.fna}|{GCA_023014475.1_ASM2301447v1_genomic.fna}#{GCA_032173475.1_ASM3217347v1_genomic.fna,GCA_001983385.1_ASM198338v1_genomic.fna,GCA_020011035.1_ASM2001103v1_genomic.fna}|{GCA_023014455.1_ASM2301445v1_genomic.fna,GCA_001983365.1_ASM198336v1_genomic.fna,NagxHevest_S354_spades_no_contam.fasta,NagxHevestB_S355_spades_no_contam.fasta,SRR36137122_contigs.fasta,Gril1_S352_spades_no_contam.fasta,Frag1_S351_spades_no_contam.fasta,Aus332_S350_spades_no_contam.fasta,NzAUS95_S358_spades_no_contam.fasta,Nes1_S356_spades_no_contam.fasta,Skrap3_S361_spades_no_contam.fasta,11665_S342_spades_no_contam.fasta,11663_S340_spades_no_contam.fasta,11662_no_contam.fasta,11669_S346_spades_no_contam.fasta,11668_S345_spades_no_contam.fasta,11670_S347_spades_no_contam.fasta,11666_S343_spades_no_contam.fasta,11667_S344_spades_no_contam.fasta,11664_S341_spades_no_contam.fasta,Sogn5_S362_spades_no_contam.fasta,Ring1_S359_spades_no_contam.fasta,Kara3_S353_spades_no_contam.fasta,Wirz_S363_spades_no_contam.fasta,20045_S349_spades_no_contam.fasta,20031_S348_spades_no_contam.fasta,GCA_054369615.1_ASM5436961v1_genomic.fna,30021_S33_L007,GCA_001691765.1_ASM169176v1_genomic.fna,30000_S38_L007,SRR36137064_contigs.fasta,SRR36137480_contigs.fasta,SRR36145299_contigs.fasta,SRR36137136_contigs.fasta,SRR36137101_contigs.fasta,SRR36141466_contigs.fasta,NesPan3_S357_spades_no_contam.fasta,SRR36137094_contigs.fasta,SRR36118002_contigs.fasta,SRR36145290_contigs.fasta,Amagr1_AssemblyScaffolds.fasta,GCA_000497225.1_AmaJack1.0_genomic.fna,40225_S35_L007,30280_S34_L007,Volvo1_AssemblyScaffolds_Repeatmasked.fasta,GCA_002554575.1_Amanita_thiersii_v1.0_genomic.fna,GCA_001691775.3_ASM169177v3_genomic.fna,SRR36117447_contigs.fasta,Amapyr1_AssemblyScaffolds_Repeatmasked.fasta,GCA_001691755.2_ASM169175v2_genomic.fna,GCA_003316615.1_ASM331661v1_genomic.fna,GCA_001691785.3_ASM169178v3_genomic.fna,40019_S37_L007,GCA_015039365.1_Amarub1_genomic.fna,GCA_023014405.1_ASM2301440v1_genomic.fna}	1	2483.99	3191
N54	t2	{GCA_023014455.1_ASM2301445v1_genomic.fna,GCA_001983365.1_ASM198336v1_genomic.fna,NagxHevest_S354_spades_no_contam.fasta,NagxHevestB_S355_spades_no_contam.fasta,SRR36137122_contigs.fasta,Gril1_S352_spades_no_contam.fasta,Frag1_S351_spades_no_contam.fasta,Aus332_S350_spades_no_contam.fasta,NzAUS95_S358_spades_no_contam.fasta,Nes1_S356_spades_no_contam.fasta,Skrap3_S361_spades_no_contam.fasta,11665_S342_spades_no_contam.fasta,11663_S340_spades_no_contam.fasta,11662_no_contam.fasta,11669_S346_spades_no_contam.fasta,11668_S345_spades_no_contam.fasta,11670_S347_spades_no_contam.fasta,11666_S343_spades_no_contam.fasta,11667_S344_spades_no_contam.fasta,11664_S341_spades_no_contam.fasta,Sogn5_S362_spades_no_contam.fasta,Ring1_S359_spades_no_contam.fasta,Kara3_S353_spades_no_contam.fasta,Wirz_S363_spades_no_contam.fasta,20045_S349_spades_no_contam.fasta,20031_S348_spades_no_contam.fasta,GCA_054369615.1_ASM5436961v1_genomic.fna,30021_S33_L007,GCA_001691765.1_ASM169176v1_genomic.fna,30000_S38_L007,SRR36137064_contigs.fasta,SRR36137480_contigs.fasta,SRR36145299_contigs.fasta,SRR36137136_contigs.fasta,SRR36137101_contigs.fasta,SRR36141466_contigs.fasta,NesPan3_S357_spades_no_contam.fasta,SRR36137094_contigs.fasta,SRR36118002_contigs.fasta,SRR36145290_contigs.fasta,Amagr1_AssemblyScaffolds.fasta,GCA_000497225.1_AmaJack1.0_genomic.fna,40225_S35_L007,30280_S34_L007,Volvo1_AssemblyScaffolds_Repeatmasked.fasta,GCA_002554575.1_Amanita_thiersii_v1.0_genomic.fna,GCA_001691775.3_ASM169177v3_genomic.fna,SRR36117447_contigs.fasta,Amapyr1_AssemblyScaffolds_Repeatmasked.fasta,GCA_001691755.2_ASM169175v2_genomic.fna,GCA_003316615.1_ASM331661v1_genomic.fna,GCA_001691785.3_ASM169178v3_genomic.fna,40019_S37_L007,GCA_015039365.1_Amarub1_genomic.fna,GCA_023014405.1_ASM2301440v1_genomic.fna}|{GCA_023014475.1_ASM2301447v1_genomic.fna}#{GCA_032173475.1_ASM3217347v1_genomic.fna,GCA_001983385.1_ASM198338v1_genomic.fna,GCA_020011035.1_ASM2001103v1_genomic.fna}|{GCA_023014435.1_ASM2301443v1_genomic.fna,GCA_023014395.1_ASM2301439v1_genomic.fna}	0	308.281	3191
N54	t3	{GCA_023014435.1_ASM2301443v1_genomic.fna,GCA_023014395.1_ASM2301439v1_genomic.fna}|{GCA_023014455.1_ASM2301445v1_genomic.fna,GCA_001983365.1_ASM198336v1_genomic.fna,NagxHevest_S354_spades_no_contam.fasta,NagxHevestB_S355_spades_no_contam.fasta,SRR36137122_contigs.fasta,Gril1_S352_spades_no_contam.fasta,Frag1_S351_spades_no_contam.fasta,Aus332_S350_spades_no_contam.fasta,NzAUS95_S358_spades_no_contam.fasta,Nes1_S356_spades_no_contam.fasta,Skrap3_S361_spades_no_contam.fasta,11665_S342_spades_no_contam.fasta,11663_S340_spades_no_contam.fasta,11662_no_contam.fasta,11669_S346_spades_no_contam.fasta,11668_S345_spades_no_contam.fasta,11670_S347_spades_no_contam.fasta,11666_S343_spades_no_contam.fasta,11667_S344_spades_no_contam.fasta,11664_S341_spades_no_contam.fasta,Sogn5_S362_spades_no_contam.fasta,Ring1_S359_spades_no_contam.fasta,Kara3_S353_spades_no_contam.fasta,Wirz_S363_spades_no_contam.fasta,20045_S349_spades_no_contam.fasta,20031_S348_spades_no_contam.fasta,GCA_054369615.1_ASM5436961v1_genomic.fna,30021_S33_L007,GCA_001691765.1_ASM169176v1_genomic.fna,30000_S38_L007,SRR36137064_contigs.fasta,SRR36137480_contigs.fasta,SRR36145299_contigs.fasta,SRR36137136_contigs.fasta,SRR36137101_contigs.fasta,SRR36141466_contigs.fasta,NesPan3_S357_spades_no_contam.fasta,SRR36137094_contigs.fasta,SRR36118002_contigs.fasta,SRR36145290_contigs.fasta,Amagr1_AssemblyScaffolds.fasta,GCA_000497225.1_AmaJack1.0_genomic.fna,40225_S35_L007,30280_S34_L007,Volvo1_AssemblyScaffolds_Repeatmasked.fasta,GCA_002554575.1_Amanita_thiersii_v1.0_genomic.fna,GCA_001691775.3_ASM169177v3_genomic.fna,SRR36117447_contigs.fasta,Amapyr1_AssemblyScaffolds_Repeatmasked.fasta,GCA_001691755.2_ASM169175v2_genomic.fna,GCA_003316615.1_ASM331661v1_genomic.fna,GCA_001691785.3_ASM169178v3_genomic.fna,40019_S37_L007,GCA_015039365.1_Amarub1_genomic.fna,GCA_023014405.1_ASM2301440v1_genomic.fna}#{GCA_032173475.1_ASM3217347v1_genomic.fna,GCA_001983385.1_ASM198338v1_genomic.fna,GCA_020011035.1_ASM2001103v1_genomic.fna}|{GCA_023014475.1_ASM2301447v1_genomic.fna}	0	398.727	3191
N55	t1	{GCA_032173475.1_ASM3217347v1_genomic.fna}|{GCA_001983385.1_ASM198338v1_genomic.fna}#{GCA_020011035.1_ASM2001103v1_genomic.fna}|{GCA_023014455.1_ASM2301445v1_genomic.fna,GCA_001983365.1_ASM198336v1_genomic.fna,NagxHevest_S354_spades_no_contam.fasta,NagxHevestB_S355_spades_no_contam.fasta,SRR36137122_contigs.fasta,Gril1_S352_spades_no_contam.fasta,Frag1_S351_spades_no_contam.fasta,Aus332_S350_spades_no_contam.fasta,NzAUS95_S358_spades_no_contam.fasta,Nes1_S356_spades_no_contam.fasta,Skrap3_S361_spades_no_contam.fasta,11665_S342_spades_no_contam.fasta,11663_S340_spades_no_contam.fasta,11662_no_contam.fasta,11669_S346_spades_no_contam.fasta,11668_S345_spades_no_contam.fasta,11670_S347_spades_no_contam.fasta,11666_S343_spades_no_contam.fasta,11667_S344_spades_no_contam.fasta,11664_S341_spades_no_contam.fasta,Sogn5_S362_spades_no_contam.fasta,Ring1_S359_spades_no_contam.fasta,Kara3_S353_spades_no_contam.fasta,Wirz_S363_spades_no_contam.fasta,20045_S349_spades_no_contam.fasta,20031_S348_spades_no_contam.fasta,GCA_054369615.1_ASM5436961v1_genomic.fna,30021_S33_L007,GCA_001691765.1_ASM169176v1_genomic.fna,30000_S38_L007,SRR36137064_contigs.fasta,SRR36137480_contigs.fasta,SRR36145299_contigs.fasta,SRR36137136_contigs.fasta,SRR36137101_contigs.fasta,SRR36141466_contigs.fasta,NesPan3_S357_spades_no_contam.fasta,SRR36137094_contigs.fasta,SRR36118002_contigs.fasta,SRR36145290_contigs.fasta,Amagr1_AssemblyScaffolds.fasta,GCA_000497225.1_AmaJack1.0_genomic.fna,40225_S35_L007,30280_S34_L007,Volvo1_AssemblyScaffolds_Repeatmasked.fasta,GCA_002554575.1_Amanita_thiersii_v1.0_genomic.fna,GCA_001691775.3_ASM169177v3_genomic.fna,SRR36117447_contigs.fasta,Amapyr1_AssemblyScaffolds_Repeatmasked.fasta,GCA_001691755.2_ASM169175v2_genomic.fna,GCA_003316615.1_ASM331661v1_genomic.fna,GCA_001691785.3_ASM169178v3_genomic.fna,40019_S37_L007,GCA_015039365.1_Amarub1_genomic.fna,GCA_023014405.1_ASM2301440v1_genomic.fna,GCA_023014435.1_ASM2301443v1_genomic.fna,GCA_023014395.1_ASM2301439v1_genomic.fna,GCA_023014475.1_ASM2301447v1_genomic.fna}	1	2727.22	3041
N55	t2	{GCA_023014455.1_ASM2301445v1_genomic.fna,GCA_001983365.1_ASM198336v1_genomic.fna,NagxHevest_S354_spades_no_contam.fasta,NagxHevestB_S355_spades_no_contam.fasta,SRR36137122_contigs.fasta,Gril1_S352_spades_no_contam.fasta,Frag1_S351_spades_no_contam.fasta,Aus332_S350_spades_no_contam.fasta,NzAUS95_S358_spades_no_contam.fasta,Nes1_S356_spades_no_contam.fasta,Skrap3_S361_spades_no_contam.fasta,11665_S342_spades_no_contam.fasta,11663_S340_spades_no_contam.fasta,11662_no_contam.fasta,11669_S346_spades_no_contam.fasta,11668_S345_spades_no_contam.fasta,11670_S347_spades_no_contam.fasta,11666_S343_spades_no_contam.fasta,11667_S344_spades_no_contam.fasta,11664_S341_spades_no_contam.fasta,Sogn5_S362_spades_no_contam.fasta,Ring1_S359_spades_no_contam.fasta,Kara3_S353_spades_no_contam.fasta,Wirz_S363_spades_no_contam.fasta,20045_S349_spades_no_contam.fasta,20031_S348_spades_no_contam.fasta,GCA_054369615.1_ASM5436961v1_genomic.fna,30021_S33_L007,GCA_001691765.1_ASM169176v1_genomic.fna,30000_S38_L007,SRR36137064_contigs.fasta,SRR36137480_contigs.fasta,SRR36145299_contigs.fasta,SRR36137136_contigs.fasta,SRR36137101_contigs.fasta,SRR36141466_contigs.fasta,NesPan3_S357_spades_no_contam.fasta,SRR36137094_contigs.fasta,SRR36118002_contigs.fasta,SRR36145290_contigs.fasta,Amagr1_AssemblyScaffolds.fasta,GCA_000497225.1_AmaJack1.0_genomic.fna,40225_S35_L007,30280_S34_L007,Volvo1_AssemblyScaffolds_Repeatmasked.fasta,GCA_002554575.1_Amanita_thiersii_v1.0_genomic.fna,GCA_001691775.3_ASM169177v3_genomic.fna,SRR36117447_contigs.fasta,Amapyr1_AssemblyScaffolds_Repeatmasked.fasta,GCA_001691755.2_ASM169175v2_genomic.fna,GCA_003316615.1_ASM331661v1_genomic.fna,GCA_001691785.3_ASM169178v3_genomic.fna,40019_S37_L007,GCA_015039365.1_Amarub1_genomic.fna,GCA_023014405.1_ASM2301440v1_genomic.fna,GCA_023014435.1_ASM2301443v1_genomic.fna,GCA_023014395.1_ASM2301439v1_genomic.fna,GCA_023014475.1_ASM2301447v1_genomic.fna}|{GCA_001983385.1_ASM198338v1_genomic.fna}#{GCA_020011035.1_ASM2001103v1_genomic.fna}|{GCA_032173475.1_ASM3217347v1_genomic.fna}	0	168.74	3041
N55	t3	{GCA_032173475.1_ASM3217347v1_genomic.fna}|{GCA_023014455.1_ASM2301445v1_genomic.fna,GCA_001983365.1_ASM198336v1_genomic.fna,NagxHevest_S354_spades_no_contam.fasta,NagxHevestB_S355_spades_no_contam.fasta,SRR36137122_contigs.fasta,Gril1_S352_spades_no_contam.fasta,Frag1_S351_spades_no_contam.fasta,Aus332_S350_spades_no_contam.fasta,NzAUS95_S358_spades_no_contam.fasta,Nes1_S356_spades_no_contam.fasta,Skrap3_S361_spades_no_contam.fasta,11665_S342_spades_no_contam.fasta,11663_S340_spades_no_contam.fasta,11662_no_contam.fasta,11669_S346_spades_no_contam.fasta,11668_S345_spades_no_contam.fasta,11670_S347_spades_no_contam.fasta,11666_S343_spades_no_contam.fasta,11667_S344_spades_no_contam.fasta,11664_S341_spades_no_contam.fasta,Sogn5_S362_spades_no_contam.fasta,Ring1_S359_spades_no_contam.fasta,Kara3_S353_spades_no_contam.fasta,Wirz_S363_spades_no_contam.fasta,20045_S349_spades_no_contam.fasta,20031_S348_spades_no_contam.fasta,GCA_054369615.1_ASM5436961v1_genomic.fna,30021_S33_L007,GCA_001691765.1_ASM169176v1_genomic.fna,30000_S38_L007,SRR36137064_contigs.fasta,SRR36137480_contigs.fasta,SRR36145299_contigs.fasta,SRR36137136_contigs.fasta,SRR36137101_contigs.fasta,SRR36141466_contigs.fasta,NesPan3_S357_spades_no_contam.fasta,SRR36137094_contigs.fasta,SRR36118002_contigs.fasta,SRR36145290_contigs.fasta,Amagr1_AssemblyScaffolds.fasta,GCA_000497225.1_AmaJack1.0_genomic.fna,40225_S35_L007,30280_S34_L007,Volvo1_AssemblyScaffolds_Repeatmasked.fasta,GCA_002554575.1_Amanita_thiersii_v1.0_genomic.fna,GCA_001691775.3_ASM169177v3_genomic.fna,SRR36117447_contigs.fasta,Amapyr1_AssemblyScaffolds_Repeatmasked.fasta,GCA_001691755.2_ASM169175v2_genomic.fna,GCA_003316615.1_ASM331661v1_genomic.fna,GCA_001691785.3_ASM169178v3_genomic.fna,40019_S37_L007,GCA_015039365.1_Amarub1_genomic.fna,GCA_023014405.1_ASM2301440v1_genomic.fna,GCA_023014435.1_ASM2301443v1_genomic.fna,GCA_023014395.1_ASM2301439v1_genomic.fna,GCA_023014475.1_ASM2301447v1_genomic.fna}#{GCA_020011035.1_ASM2001103v1_genomic.fna}|{GCA_001983385.1_ASM198338v1_genomic.fna}	0	145.04	3041
N56	t1	{GCA_032173475.1_ASM3217347v1_genomic.fna,GCA_001983385.1_ASM198338v1_genomic.fna}|{GCA_020011035.1_ASM2001103v1_genomic.fna}#{GCA_023014435.1_ASM2301443v1_genomic.fna,GCA_023014395.1_ASM2301439v1_genomic.fna,GCA_023014475.1_ASM2301447v1_genomic.fna}|{GCA_023014455.1_ASM2301445v1_genomic.fna,GCA_001983365.1_ASM198336v1_genomic.fna,NagxHevest_S354_spades_no_contam.fasta,NagxHevestB_S355_spades_no_contam.fasta,SRR36137122_contigs.fasta,Gril1_S352_spades_no_contam.fasta,Frag1_S351_spades_no_contam.fasta,Aus332_S350_spades_no_contam.fasta,NzAUS95_S358_spades_no_contam.fasta,Nes1_S356_spades_no_contam.fasta,Skrap3_S361_spades_no_contam.fasta,11665_S342_spades_no_contam.fasta,11663_S340_spades_no_contam.fasta,11662_no_contam.fasta,11669_S346_spades_no_contam.fasta,11668_S345_spades_no_contam.fasta,11670_S347_spades_no_contam.fasta,11666_S343_spades_no_contam.fasta,11667_S344_spades_no_contam.fasta,11664_S341_spades_no_contam.fasta,Sogn5_S362_spades_no_contam.fasta,Ring1_S359_spades_no_contam.fasta,Kara3_S353_spades_no_contam.fasta,Wirz_S363_spades_no_contam.fasta,20045_S349_spades_no_contam.fasta,20031_S348_spades_no_contam.fasta,GCA_054369615.1_ASM5436961v1_genomic.fna,30021_S33_L007,GCA_001691765.1_ASM169176v1_genomic.fna,30000_S38_L007,SRR36137064_contigs.fasta,SRR36137480_contigs.fasta,SRR36145299_contigs.fasta,SRR36137136_contigs.fasta,SRR36137101_contigs.fasta,SRR36141466_contigs.fasta,NesPan3_S357_spades_no_contam.fasta,SRR36137094_contigs.fasta,SRR36118002_contigs.fasta,SRR36145290_contigs.fasta,Amagr1_AssemblyScaffolds.fasta,GCA_000497225.1_AmaJack1.0_genomic.fna,40225_S35_L007,30280_S34_L007,Volvo1_AssemblyScaffolds_Repeatmasked.fasta,GCA_002554575.1_Amanita_thiersii_v1.0_genomic.fna,GCA_001691775.3_ASM169177v3_genomic.fna,SRR36117447_contigs.fasta,Amapyr1_AssemblyScaffolds_Repeatmasked.fasta,GCA_001691755.2_ASM169175v2_genomic.fna,GCA_003316615.1_ASM331661v1_genomic.fna,GCA_001691785.3_ASM169178v3_genomic.fna,40019_S37_L007,GCA_015039365.1_Amarub1_genomic.fna,GCA_023014405.1_ASM2301440v1_genomic.fna}	1	3167.88	3217
N56	t2	{GCA_023014455.1_ASM2301445v1_genomic.fna,GCA_001983365.1_ASM198336v1_genomic.fna,NagxHevest_S354_spades_no_contam.fasta,NagxHevestB_S355_spades_no_contam.fasta,SRR36137122_contigs.fasta,Gril1_S352_spades_no_contam.fasta,Frag1_S351_spades_no_contam.fasta,Aus332_S350_spades_no_contam.fasta,NzAUS95_S358_spades_no_contam.fasta,Nes1_S356_spades_no_contam.fasta,Skrap3_S361_spades_no_contam.fasta,11665_S342_spades_no_contam.fasta,11663_S340_spades_no_contam.fasta,11662_no_contam.fasta,11669_S346_spades_no_contam.fasta,11668_S345_spades_no_contam.fasta,11670_S347_spades_no_contam.fasta,11666_S343_spades_no_contam.fasta,11667_S344_spades_no_contam.fasta,11664_S341_spades_no_contam.fasta,Sogn5_S362_spades_no_contam.fasta,Ring1_S359_spades_no_contam.fasta,Kara3_S353_spades_no_contam.fasta,Wirz_S363_spades_no_contam.fasta,20045_S349_spades_no_contam.fasta,20031_S348_spades_no_contam.fasta,GCA_054369615.1_ASM5436961v1_genomic.fna,30021_S33_L007,GCA_001691765.1_ASM169176v1_genomic.fna,30000_S38_L007,SRR36137064_contigs.fasta,SRR36137480_contigs.fasta,SRR36145299_contigs.fasta,SRR36137136_contigs.fasta,SRR36137101_contigs.fasta,SRR36141466_contigs.fasta,NesPan3_S357_spades_no_contam.fasta,SRR36137094_contigs.fasta,SRR36118002_contigs.fasta,SRR36145290_contigs.fasta,Amagr1_AssemblyScaffolds.fasta,GCA_000497225.1_AmaJack1.0_genomic.fna,40225_S35_L007,30280_S34_L007,Volvo1_AssemblyScaffolds_Repeatmasked.fasta,GCA_002554575.1_Amanita_thiersii_v1.0_genomic.fna,GCA_001691775.3_ASM169177v3_genomic.fna,SRR36117447_contigs.fasta,Amapyr1_AssemblyScaffolds_Repeatmasked.fasta,GCA_001691755.2_ASM169175v2_genomic.fna,GCA_003316615.1_ASM331661v1_genomic.fna,GCA_001691785.3_ASM169178v3_genomic.fna,40019_S37_L007,GCA_015039365.1_Amarub1_genomic.fna,GCA_023014405.1_ASM2301440v1_genomic.fna}|{GCA_020011035.1_ASM2001103v1_genomic.fna}#{GCA_023014435.1_ASM2301443v1_genomic.fna,GCA_023014395.1_ASM2301439v1_genomic.fna,GCA_023014475.1_ASM2301447v1_genomic.fna}|{GCA_032173475.1_ASM3217347v1_genomic.fna,GCA_001983385.1_ASM198338v1_genomic.fna}	0	25.0275	3217
N56	t3	{GCA_032173475.1_ASM3217347v1_genomic.fna,GCA_001983385.1_ASM198338v1_genomic.fna}|{GCA_023014455.1_ASM2301445v1_genomic.fna,GCA_001983365.1_ASM198336v1_genomic.fna,NagxHevest_S354_spades_no_contam.fasta,NagxHevestB_S355_spades_no_contam.fasta,SRR36137122_contigs.fasta,Gril1_S352_spades_no_contam.fasta,Frag1_S351_spades_no_contam.fasta,Aus332_S350_spades_no_contam.fasta,NzAUS95_S358_spades_no_contam.fasta,Nes1_S356_spades_no_contam.fasta,Skrap3_S361_spades_no_contam.fasta,11665_S342_spades_no_contam.fasta,11663_S340_spades_no_contam.fasta,11662_no_contam.fasta,11669_S346_spades_no_contam.fasta,11668_S345_spades_no_contam.fasta,11670_S347_spades_no_contam.fasta,11666_S343_spades_no_contam.fasta,11667_S344_spades_no_contam.fasta,11664_S341_spades_no_contam.fasta,Sogn5_S362_spades_no_contam.fasta,Ring1_S359_spades_no_contam.fasta,Kara3_S353_spades_no_contam.fasta,Wirz_S363_spades_no_contam.fasta,20045_S349_spades_no_contam.fasta,20031_S348_spades_no_contam.fasta,GCA_054369615.1_ASM5436961v1_genomic.fna,30021_S33_L007,GCA_001691765.1_ASM169176v1_genomic.fna,30000_S38_L007,SRR36137064_contigs.fasta,SRR36137480_contigs.fasta,SRR36145299_contigs.fasta,SRR36137136_contigs.fasta,SRR36137101_contigs.fasta,SRR36141466_contigs.fasta,NesPan3_S357_spades_no_contam.fasta,SRR36137094_contigs.fasta,SRR36118002_contigs.fasta,SRR36145290_contigs.fasta,Amagr1_AssemblyScaffolds.fasta,GCA_000497225.1_AmaJack1.0_genomic.fna,40225_S35_L007,30280_S34_L007,Volvo1_AssemblyScaffolds_Repeatmasked.fasta,GCA_002554575.1_Amanita_thiersii_v1.0_genomic.fna,GCA_001691775.3_ASM169177v3_genomic.fna,SRR36117447_contigs.fasta,Amapyr1_AssemblyScaffolds_Repeatmasked.fasta,GCA_001691755.2_ASM169175v2_genomic.fna,GCA_003316615.1_ASM331661v1_genomic.fna,GCA_001691785.3_ASM169178v3_genomic.fna,40019_S37_L007,GCA_015039365.1_Amarub1_genomic.fna,GCA_023014405.1_ASM2301440v1_genomic.fna}#{GCA_023014435.1_ASM2301443v1_genomic.fna,GCA_023014395.1_ASM2301439v1_genomic.fna,GCA_023014475.1_ASM2301447v1_genomic.fna}|{GCA_020011035.1_ASM2001103v1_genomic.fna}	0	24.0887	3217
N57	t1	{GCA_023014435.1_ASM2301443v1_genomic.fna,GCA_023014395.1_ASM2301439v1_genomic.fna,GCA_023014475.1_ASM2301447v1_genomic.fna}|{GCA_032173475.1_ASM3217347v1_genomic.fna,GCA_001983385.1_ASM198338v1_genomic.fna,GCA_020011035.1_ASM2001103v1_genomic.fna}#{NagxHevest_S354_spades_no_contam.fasta,NagxHevestB_S355_spades_no_contam.fasta,SRR36137122_contigs.fasta,Gril1_S352_spades_no_contam.fasta,Frag1_S351_spades_no_contam.fasta,Aus332_S350_spades_no_contam.fasta,NzAUS95_S358_spades_no_contam.fasta,Nes1_S356_spades_no_contam.fasta,Skrap3_S361_spades_no_contam.fasta,11665_S342_spades_no_contam.fasta,11663_S340_spades_no_contam.fasta,11662_no_contam.fasta,11669_S346_spades_no_contam.fasta,11668_S345_spades_no_contam.fasta,11670_S347_spades_no_contam.fasta,11666_S343_spades_no_contam.fasta,11667_S344_spades_no_contam.fasta,11664_S341_spades_no_contam.fasta,Sogn5_S362_spades_no_contam.fasta,Ring1_S359_spades_no_contam.fasta,Kara3_S353_spades_no_contam.fasta,Wirz_S363_spades_no_contam.fasta,20045_S349_spades_no_contam.fasta,20031_S348_spades_no_contam.fasta,GCA_054369615.1_ASM5436961v1_genomic.fna,30021_S33_L007,GCA_001691765.1_ASM169176v1_genomic.fna,30000_S38_L007,SRR36137064_contigs.fasta,SRR36137480_contigs.fasta,SRR36145299_contigs.fasta,SRR36137136_contigs.fasta,SRR36137101_contigs.fasta,SRR36141466_contigs.fasta,NesPan3_S357_spades_no_contam.fasta,SRR36137094_contigs.fasta,SRR36118002_contigs.fasta,SRR36145290_contigs.fasta,Amagr1_AssemblyScaffolds.fasta,GCA_000497225.1_AmaJack1.0_genomic.fna,40225_S35_L007,30280_S34_L007,Volvo1_AssemblyScaffolds_Repeatmasked.fasta,GCA_002554575.1_Amanita_thiersii_v1.0_genomic.fna,GCA_001691775.3_ASM169177v3_genomic.fna,SRR36117447_contigs.fasta,Amapyr1_AssemblyScaffolds_Repeatmasked.fasta,GCA_001691755.2_ASM169175v2_genomic.fna,GCA_003316615.1_ASM331661v1_genomic.fna,GCA_001691785.3_ASM169178v3_genomic.fna,40019_S37_L007,GCA_015039365.1_Amarub1_genomic.fna,GCA_023014405.1_ASM2301440v1_genomic.fna}|{GCA_023014455.1_ASM2301445v1_genomic.fna,GCA_001983365.1_ASM198336v1_genomic.fna}	1	2835.84	3352
N57	t2	{GCA_023014455.1_ASM2301445v1_genomic.fna,GCA_001983365.1_ASM198336v1_genomic.fna}|{GCA_032173475.1_ASM3217347v1_genomic.fna,GCA_001983385.1_ASM198338v1_genomic.fna,GCA_020011035.1_ASM2001103v1_genomic.fna}#{NagxHevest_S354_spades_no_contam.fasta,NagxHevestB_S355_spades_no_contam.fasta,SRR36137122_contigs.fasta,Gril1_S352_spades_no_contam.fasta,Frag1_S351_spades_no_contam.fasta,Aus332_S350_spades_no_contam.fasta,NzAUS95_S358_spades_no_contam.fasta,Nes1_S356_spades_no_contam.fasta,Skrap3_S361_spades_no_contam.fasta,11665_S342_spades_no_contam.fasta,11663_S340_spades_no_contam.fasta,11662_no_contam.fasta,11669_S346_spades_no_contam.fasta,11668_S345_spades_no_contam.fasta,11670_S347_spades_no_contam.fasta,11666_S343_spades_no_contam.fasta,11667_S344_spades_no_contam.fasta,11664_S341_spades_no_contam.fasta,Sogn5_S362_spades_no_contam.fasta,Ring1_S359_spades_no_contam.fasta,Kara3_S353_spades_no_contam.fasta,Wirz_S363_spades_no_contam.fasta,20045_S349_spades_no_contam.fasta,20031_S348_spades_no_contam.fasta,GCA_054369615.1_ASM5436961v1_genomic.fna,30021_S33_L007,GCA_001691765.1_ASM169176v1_genomic.fna,30000_S38_L007,SRR36137064_contigs.fasta,SRR36137480_contigs.fasta,SRR36145299_contigs.fasta,SRR36137136_contigs.fasta,SRR36137101_contigs.fasta,SRR36141466_contigs.fasta,NesPan3_S357_spades_no_contam.fasta,SRR36137094_contigs.fasta,SRR36118002_contigs.fasta,SRR36145290_contigs.fasta,Amagr1_AssemblyScaffolds.fasta,GCA_000497225.1_AmaJack1.0_genomic.fna,40225_S35_L007,30280_S34_L007,Volvo1_AssemblyScaffolds_Repeatmasked.fasta,GCA_002554575.1_Amanita_thiersii_v1.0_genomic.fna,GCA_001691775.3_ASM169177v3_genomic.fna,SRR36117447_contigs.fasta,Amapyr1_AssemblyScaffolds_Repeatmasked.fasta,GCA_001691755.2_ASM169175v2_genomic.fna,GCA_003316615.1_ASM331661v1_genomic.fna,GCA_001691785.3_ASM169178v3_genomic.fna,40019_S37_L007,GCA_015039365.1_Amarub1_genomic.fna,GCA_023014405.1_ASM2301440v1_genomic.fna}|{GCA_023014435.1_ASM2301443v1_genomic.fna,GCA_023014395.1_ASM2301439v1_genomic.fna,GCA_023014475.1_ASM2301447v1_genomic.fna}	0	292.625	3352
N57	t3	{GCA_023014435.1_ASM2301443v1_genomic.fna,GCA_023014395.1_ASM2301439v1_genomic.fna,GCA_023014475.1_ASM2301447v1_genomic.fna}|{GCA_023014455.1_ASM2301445v1_genomic.fna,GCA_001983365.1_ASM198336v1_genomic.fna}#{NagxHevest_S354_spades_no_contam.fasta,NagxHevestB_S355_spades_no_contam.fasta,SRR36137122_contigs.fasta,Gril1_S352_spades_no_contam.fasta,Frag1_S351_spades_no_contam.fasta,Aus332_S350_spades_no_contam.fasta,NzAUS95_S358_spades_no_contam.fasta,Nes1_S356_spades_no_contam.fasta,Skrap3_S361_spades_no_contam.fasta,11665_S342_spades_no_contam.fasta,11663_S340_spades_no_contam.fasta,11662_no_contam.fasta,11669_S346_spades_no_contam.fasta,11668_S345_spades_no_contam.fasta,11670_S347_spades_no_contam.fasta,11666_S343_spades_no_contam.fasta,11667_S344_spades_no_contam.fasta,11664_S341_spades_no_contam.fasta,Sogn5_S362_spades_no_contam.fasta,Ring1_S359_spades_no_contam.fasta,Kara3_S353_spades_no_contam.fasta,Wirz_S363_spades_no_contam.fasta,20045_S349_spades_no_contam.fasta,20031_S348_spades_no_contam.fasta,GCA_054369615.1_ASM5436961v1_genomic.fna,30021_S33_L007,GCA_001691765.1_ASM169176v1_genomic.fna,30000_S38_L007,SRR36137064_contigs.fasta,SRR36137480_contigs.fasta,SRR36145299_contigs.fasta,SRR36137136_contigs.fasta,SRR36137101_contigs.fasta,SRR36141466_contigs.fasta,NesPan3_S357_spades_no_contam.fasta,SRR36137094_contigs.fasta,SRR36118002_contigs.fasta,SRR36145290_contigs.fasta,Amagr1_AssemblyScaffolds.fasta,GCA_000497225.1_AmaJack1.0_genomic.fna,40225_S35_L007,30280_S34_L007,Volvo1_AssemblyScaffolds_Repeatmasked.fasta,GCA_002554575.1_Amanita_thiersii_v1.0_genomic.fna,GCA_001691775.3_ASM169177v3_genomic.fna,SRR36117447_contigs.fasta,Amapyr1_AssemblyScaffolds_Repeatmasked.fasta,GCA_001691755.2_ASM169175v2_genomic.fna,GCA_003316615.1_ASM331661v1_genomic.fna,GCA_001691785.3_ASM169178v3_genomic.fna,40019_S37_L007,GCA_015039365.1_Amarub1_genomic.fna,GCA_023014405.1_ASM2301440v1_genomic.fna}|{GCA_032173475.1_ASM3217347v1_genomic.fna,GCA_001983385.1_ASM198338v1_genomic.fna,GCA_020011035.1_ASM2001103v1_genomic.fna}	0	223.539	3352
N58	t1	{NagxHevest_S354_spades_no_contam.fasta,NagxHevestB_S355_spades_no_contam.fasta,SRR36137122_contigs.fasta,Gril1_S352_spades_no_contam.fasta,Frag1_S351_spades_no_contam.fasta,Aus332_S350_spades_no_contam.fasta,NzAUS95_S358_spades_no_contam.fasta,Nes1_S356_spades_no_contam.fasta,Skrap3_S361_spades_no_contam.fasta,11665_S342_spades_no_contam.fasta,11663_S340_spades_no_contam.fasta,11662_no_contam.fasta,11669_S346_spades_no_contam.fasta,11668_S345_spades_no_contam.fasta,11670_S347_spades_no_contam.fasta,11666_S343_spades_no_contam.fasta,11667_S344_spades_no_contam.fasta,11664_S341_spades_no_contam.fasta,Sogn5_S362_spades_no_contam.fasta,Ring1_S359_spades_no_contam.fasta,Kara3_S353_spades_no_contam.fasta,Wirz_S363_spades_no_contam.fasta,20045_S349_spades_no_contam.fasta,20031_S348_spades_no_contam.fasta,GCA_054369615.1_ASM5436961v1_genomic.fna,30021_S33_L007,GCA_001691765.1_ASM169176v1_genomic.fna,30000_S38_L007,SRR36137064_contigs.fasta,SRR36137480_contigs.fasta,SRR36145299_contigs.fasta,SRR36137136_contigs.fasta,SRR36137101_contigs.fasta,SRR36141466_contigs.fasta,NesPan3_S357_spades_no_contam.fasta,SRR36137094_contigs.fasta,SRR36118002_contigs.fasta,SRR36145290_contigs.fasta,Amagr1_AssemblyScaffolds.fasta,GCA_000497225.1_AmaJack1.0_genomic.fna,40225_S35_L007,30280_S34_L007,Volvo1_AssemblyScaffolds_Repeatmasked.fasta,GCA_002554575.1_Amanita_thiersii_v1.0_genomic.fna,GCA_001691775.3_ASM169177v3_genomic.fna,SRR36117447_contigs.fasta,Amapyr1_AssemblyScaffolds_Repeatmasked.fasta,GCA_001691755.2_ASM169175v2_genomic.fna,GCA_003316615.1_ASM331661v1_genomic.fna,GCA_001691785.3_ASM169178v3_genomic.fna,40019_S37_L007,GCA_015039365.1_Amarub1_genomic.fna,GCA_023014405.1_ASM2301440v1_genomic.fna}|{GCA_023014435.1_ASM2301443v1_genomic.fna,GCA_023014395.1_ASM2301439v1_genomic.fna,GCA_023014475.1_ASM2301447v1_genomic.fna,GCA_032173475.1_ASM3217347v1_genomic.fna,GCA_001983385.1_ASM198338v1_genomic.fna,GCA_020011035.1_ASM2001103v1_genomic.fna}#{GCA_001983365.1_ASM198336v1_genomic.fna}|{GCA_023014455.1_ASM2301445v1_genomic.fna}	1	1777.06	2327
N58	t2	{GCA_023014455.1_ASM2301445v1_genomic.fna}|{GCA_023014435.1_ASM2301443v1_genomic.fna,GCA_023014395.1_ASM2301439v1_genomic.fna,GCA_023014475.1_ASM2301447v1_genomic.fna,GCA_032173475.1_ASM3217347v1_genomic.fna,GCA_001983385.1_ASM198338v1_genomic.fna,GCA_020011035.1_ASM2001103v1_genomic.fna}#{GCA_001983365.1_ASM198336v1_genomic.fna}|{NagxHevest_S354_spades_no_contam.fasta,NagxHevestB_S355_spades_no_contam.fasta,SRR36137122_contigs.fasta,Gril1_S352_spades_no_contam.fasta,Frag1_S351_spades_no_contam.fasta,Aus332_S350_spades_no_contam.fasta,NzAUS95_S358_spades_no_contam.fasta,Nes1_S356_spades_no_contam.fasta,Skrap3_S361_spades_no_contam.fasta,11665_S342_spades_no_contam.fasta,11663_S340_spades_no_contam.fasta,11662_no_contam.fasta,11669_S346_spades_no_contam.fasta,11668_S345_spades_no_contam.fasta,11670_S347_spades_no_contam.fasta,11666_S343_spades_no_contam.fasta,11667_S344_spades_no_contam.fasta,11664_S341_spades_no_contam.fasta,Sogn5_S362_spades_no_contam.fasta,Ring1_S359_spades_no_contam.fasta,Kara3_S353_spades_no_contam.fasta,Wirz_S363_spades_no_contam.fasta,20045_S349_spades_no_contam.fasta,20031_S348_spades_no_contam.fasta,GCA_054369615.1_ASM5436961v1_genomic.fna,30021_S33_L007,GCA_001691765.1_ASM169176v1_genomic.fna,30000_S38_L007,SRR36137064_contigs.fasta,SRR36137480_contigs.fasta,SRR36145299_contigs.fasta,SRR36137136_contigs.fasta,SRR36137101_contigs.fasta,SRR36141466_contigs.fasta,NesPan3_S357_spades_no_contam.fasta,SRR36137094_contigs.fasta,SRR36118002_contigs.fasta,SRR36145290_contigs.fasta,Amagr1_AssemblyScaffolds.fasta,GCA_000497225.1_AmaJack1.0_genomic.fna,40225_S35_L007,30280_S34_L007,Volvo1_AssemblyScaffolds_Repeatmasked.fasta,GCA_002554575.1_Amanita_thiersii_v1.0_genomic.fna,GCA_001691775.3_ASM169177v3_genomic.fna,SRR36117447_contigs.fasta,Amapyr1_AssemblyScaffolds_Repeatmasked.fasta,GCA_001691755.2_ASM169175v2_genomic.fna,GCA_003316615.1_ASM331661v1_genomic.fna,GCA_001691785.3_ASM169178v3_genomic.fna,40019_S37_L007,GCA_015039365.1_Amarub1_genomic.fna,GCA_023014405.1_ASM2301440v1_genomic.fna}	0	307.687	2327
N58	t3	{NagxHevest_S354_spades_no_contam.fasta,NagxHevestB_S355_spades_no_contam.fasta,SRR36137122_contigs.fasta,Gril1_S352_spades_no_contam.fasta,Frag1_S351_spades_no_contam.fasta,Aus332_S350_spades_no_contam.fasta,NzAUS95_S358_spades_no_contam.fasta,Nes1_S356_spades_no_contam.fasta,Skrap3_S361_spades_no_contam.fasta,11665_S342_spades_no_contam.fasta,11663_S340_spades_no_contam.fasta,11662_no_contam.fasta,11669_S346_spades_no_contam.fasta,11668_S345_spades_no_contam.fasta,11670_S347_spades_no_contam.fasta,11666_S343_spades_no_contam.fasta,11667_S344_spades_no_contam.fasta,11664_S341_spades_no_contam.fasta,Sogn5_S362_spades_no_contam.fasta,Ring1_S359_spades_no_contam.fasta,Kara3_S353_spades_no_contam.fasta,Wirz_S363_spades_no_contam.fasta,20045_S349_spades_no_contam.fasta,20031_S348_spades_no_contam.fasta,GCA_054369615.1_ASM5436961v1_genomic.fna,30021_S33_L007,GCA_001691765.1_ASM169176v1_genomic.fna,30000_S38_L007,SRR36137064_contigs.fasta,SRR36137480_contigs.fasta,SRR36145299_contigs.fasta,SRR36137136_contigs.fasta,SRR36137101_contigs.fasta,SRR36141466_contigs.fasta,NesPan3_S357_spades_no_contam.fasta,SRR36137094_contigs.fasta,SRR36118002_contigs.fasta,SRR36145290_contigs.fasta,Amagr1_AssemblyScaffolds.fasta,GCA_000497225.1_AmaJack1.0_genomic.fna,40225_S35_L007,30280_S34_L007,Volvo1_AssemblyScaffolds_Repeatmasked.fasta,GCA_002554575.1_Amanita_thiersii_v1.0_genomic.fna,GCA_001691775.3_ASM169177v3_genomic.fna,SRR36117447_contigs.fasta,Amapyr1_AssemblyScaffolds_Repeatmasked.fasta,GCA_001691755.2_ASM169175v2_genomic.fna,GCA_003316615.1_ASM331661v1_genomic.fna,GCA_001691785.3_ASM169178v3_genomic.fna,40019_S37_L007,GCA_015039365.1_Amarub1_genomic.fna,GCA_023014405.1_ASM2301440v1_genomic.fna}|{GCA_023014455.1_ASM2301445v1_genomic.fna}#{GCA_001983365.1_ASM198336v1_genomic.fna}|{GCA_023014435.1_ASM2301443v1_genomic.fna,GCA_023014395.1_ASM2301439v1_genomic.fna,GCA_023014475.1_ASM2301447v1_genomic.fna,GCA_032173475.1_ASM3217347v1_genomic.fna,GCA_001983385.1_ASM198338v1_genomic.fna,GCA_020011035.1_ASM2001103v1_genomic.fna}	0	242.252	2327
